time,node_group,cpu_scale,mem_scale,arrival_scale
0,edge,0.55,0.5559,1.0
1,edge,0.5546,0.5074,1.0
2,edge,0.5634,0.544,1.0
3,edge,0.5562,0.5066,1.0
4,edge,0.5781,0.5196,1.0
5,edge,0.5831,0.5579,1.0
6,edge,0.6541,0.6361,1.0
7,edge,0.6195,0.597,1.0
8,edge,0.5937,0.5617,1.0
9,edge,0.5863,0.5755,1.0
10,edge,0.6335,0.5938,1.0
11,edge,0.5932,0.5795,1.0
12,edge,0.6269,0.6216,1.0
13,edge,0.6389,0.6169,1.0
14,edge,0.5952,0.591,1.0
15,edge,0.548,0.5445,1.0
16,edge,0.5583,0.5546,1.0
17,edge,0.5416,0.5256,1.0
18,edge,0.5141,0.5236,1.0
19,edge,0.5329,0.5299,1.0
20,edge,0.4802,0.4743,1.0
21,edge,0.5157,0.5322,1.0
22,edge,0.4913,0.4753,1.0
23,edge,0.4742,0.4881,1.0
24,edge,0.424,0.4267,1.0
25,edge,0.4348,0.4589,1.0
26,edge,0.4095,0.3887,1.0
27,edge,0.3849,0.4127,1.0
28,edge,0.373,0.3786,1.0
29,edge,0.3492,0.3587,1.0
30,edge,0.3475,0.3724,1.0
31,edge,0.3093,0.3084,1.0
32,edge,0.2986,0.3311,1.0
33,edge,0.3291,0.3347,1.0
34,edge,0.3536,0.3903,1.0
35,edge,0.3409,0.3634,1.0
36,edge,0.2784,0.3242,1.0
37,edge,0.3402,0.3519,1.0
38,edge,0.2978,0.3413,1.0
39,edge,0.3276,0.3816,1.0
40,edge,0.3073,0.3275,1.0
41,edge,0.336,0.3525,1.0
42,edge,0.3437,0.357,1.0
43,edge,0.3436,0.3107,1.0
44,edge,0.3739,0.3942,1.0
45,edge,0.6126,0.5652,1.55
46,edge,0.6374,0.641,1.55
47,edge,0.6669,0.6062,1.55
48,edge,0.6397,0.5932,1.55
49,edge,0.6849,0.6427,1.55
50,edge,0.6812,0.6642,1.55
51,edge,0.7198,0.6697,1.55
52,edge,0.7472,0.6739,1.55
53,edge,0.7562,0.6807,1.55
54,edge,0.7871,0.7352,1.55
55,edge,0.7474,0.6896,1.55
56,edge,0.7501,0.6898,1.55
57,edge,0.7902,0.7216,1.55
58,edge,0.8096,0.744,1.55
59,edge,0.7839,0.7291,1.55
60,edge,0.7889,0.7139,1.55
61,edge,0.7701,0.7193,1.55
62,edge,0.7698,0.7461,1.55
63,edge,0.8171,0.7653,1.55
64,edge,0.8571,0.7765,1.55
65,edge,0.8257,0.7309,1.55
66,edge,0.8125,0.7775,1.55
67,edge,0.7989,0.7299,1.55
68,edge,0.8194,0.7244,1.55
69,edge,0.7865,0.7241,1.55
70,edge,0.6041,0.578,1.0
71,edge,0.5989,0.5669,1.0
72,edge,0.5602,0.5379,1.0
73,edge,0.5547,0.5272,1.0
74,edge,0.4825,0.4817,1.0
75,edge,0.4825,0.4654,1.0
76,edge,0.5002,0.4679,1.0
77,edge,0.434,0.4252,1.0
78,edge,0.4825,0.4597,1.0
79,edge,0.4949,0.4851,1.0
80,edge,0.3898,0.3824,1.0
81,edge,0.4009,0.4088,1.0
82,edge,0.3855,0.3624,1.0
83,edge,0.4155,0.4163,1.0
84,edge,0.354,0.4063,1.0
85,edge,0.3694,0.3697,1.0
86,edge,0.3682,0.3984,1.0
87,edge,0.3359,0.3552,1.0
88,edge,0.3494,0.3541,1.0
89,edge,0.3583,0.3843,1.0
90,edge,0.3077,0.3491,1.0
91,edge,0.3369,0.374,1.0
92,edge,0.2462,0.3009,1.0
93,edge,0.356,0.3735,1.0
94,edge,0.3863,0.3717,1.0
95,edge,0.2844,0.2961,1.0
96,edge,0.3304,0.3684,1.0
97,edge,0.3889,0.3848,1.0
98,edge,0.4101,0.4063,1.0
99,edge,0.4015,0.4408,1.0
100,edge,0.3695,0.3658,1.0
101,edge,0.3791,0.3863,1.0
102,edge,0.395,0.4078,1.0
103,edge,0.3902,0.4411,1.0
104,edge,0.4156,0.4084,1.0
105,edge,0.4616,0.4633,1.0
106,edge,0.4996,0.4602,1.0
107,edge,0.5234,0.5135,1.0
108,edge,0.5491,0.5115,1.0
109,edge,0.5173,0.5126,1.0
110,edge,0.6162,0.593,1.0
111,edge,0.604,0.575,1.0
112,edge,0.6044,0.5755,1.0
113,edge,0.5504,0.5227,1.0
114,edge,0.579,0.5397,1.0
115,edge,0.98,0.8723,2.35
116,edge,0.9721,0.8816,2.35
117,edge,0.98,0.8727,2.35
118,edge,0.98,0.8786,2.35
119,edge,0.98,0.9081,2.35
120,edge,0.98,0.8782,2.35
121,edge,0.98,0.8661,2.35
122,edge,0.98,0.8632,2.35
123,edge,0.9673,0.8686,2.35
124,edge,0.9444,0.8576,2.35
125,edge,0.9639,0.8542,2.35
126,edge,0.9733,0.8838,2.35
127,edge,0.9483,0.8614,2.35
128,edge,0.8906,0.8349,2.35
129,edge,0.8603,0.8041,2.35
130,edge,0.9165,0.8374,2.35
131,edge,0.8648,0.7913,2.35
132,edge,0.8679,0.8236,2.35
133,edge,0.8985,0.8216,2.35
134,edge,0.7995,0.7521,2.35
135,edge,0.8705,0.8149,2.35
136,edge,0.8301,0.7563,2.35
137,edge,0.7749,0.7129,2.35
138,edge,0.7781,0.7204,2.35
139,edge,0.7533,0.6769,2.35
140,edge,0.7568,0.6803,2.35
141,edge,0.7246,0.6727,2.35
142,edge,0.7773,0.7336,2.35
143,edge,0.7421,0.7104,2.35
144,edge,0.7159,0.6766,2.35
145,edge,0.3544,0.3785,1.0
146,edge,0.2924,0.3378,1.0
147,edge,0.315,0.3421,1.0
148,edge,0.2902,0.3429,1.0
149,edge,0.3137,0.3332,1.0
150,edge,0.2954,0.3196,1.0
151,edge,0.3296,0.3382,1.0
152,edge,0.3948,0.4296,1.0
153,edge,0.3377,0.3865,1.0
154,edge,0.3548,0.343,1.0
155,edge,0.368,0.3966,1.0
156,edge,0.4149,0.4004,1.0
157,edge,0.4048,0.424,1.0
158,edge,0.3876,0.3975,1.0
159,edge,0.4426,0.4488,1.0
160,edge,0.4749,0.4658,1.0
161,edge,0.4577,0.4792,1.0
162,edge,0.4322,0.4378,1.0
163,edge,0.5283,0.5351,1.0
164,edge,0.5263,0.5464,1.0
165,edge,0.7596,0.7304,1.85
166,edge,0.8012,0.7663,1.85
167,edge,0.8011,0.7179,1.85
168,edge,0.8237,0.7746,1.85
169,edge,0.8113,0.7401,1.85
170,edge,0.8365,0.7982,1.85
171,edge,0.8148,0.7362,1.85
172,edge,0.8414,0.7873,1.85
173,edge,0.8626,0.7951,1.85
174,edge,0.8614,0.7885,1.85
175,edge,0.8821,0.7877,1.85
176,edge,0.8568,0.7994,1.85
177,edge,0.8288,0.736,1.85
178,edge,0.6105,0.5552,1.0
179,edge,0.5941,0.5684,1.0
180,edge,0.5153,0.5181,1.0
181,edge,0.5888,0.5767,1.0
182,edge,0.5201,0.4771,1.0
183,edge,0.4865,0.4759,1.0
184,edge,0.526,0.5251,1.0
185,edge,0.4841,0.503,1.0
186,edge,0.4568,0.4816,1.0
187,edge,0.4251,0.4474,1.0
188,edge,0.4362,0.4411,1.0
189,edge,0.4556,0.4639,1.0
190,edge,0.3942,0.3877,1.0
191,edge,0.4225,0.4056,1.0
192,edge,0.3813,0.4228,1.0
193,edge,0.3835,0.406,1.0
194,edge,0.3837,0.3974,1.0
195,edge,0.3424,0.363,1.0
196,edge,0.3567,0.3607,1.0
197,edge,0.3294,0.351,1.0
198,edge,0.3332,0.3226,1.0
199,edge,0.3245,0.35,1.0
