time,node_id,node_type,cpu_util,mem_util,queue_len,available_cpu,available_mem,request_load_on_node,node_degree
0,access_0,access,0.28854,0.30323,0.0,0.71146,0.69677,0.36,5
0,access_1,access,0.26008,0.27913,0.0,0.73992,0.72087,0.36,5
0,edge_0,edge,0.58082,0.57728,7.0028,0.41918,0.42272,0.45,5
0,edge_1,edge,0.5551,0.58014,6.37213,0.4449,0.41986,0.53,5
0,edge_2,edge,0.57343,0.58255,4.25309,0.42657,0.41745,0.61,5
0,edge_3,edge,0.50124,0.55085,0.01738,0.49876,0.44915,0.69,5
0,edge_4,edge,0.57915,0.54846,5.46727,0.42085,0.45154,0.77,5
0,cloud_0,cloud,0.43996,0.49206,0.0,0.56004,0.50794,0.6,5
1,access_0,access,0.30608,0.2869,0.0,0.69392,0.7131,0.36,5
1,access_1,access,0.29722,0.26724,0.0,0.70278,0.73276,0.36,5
1,edge_0,edge,0.55962,0.46222,3.35919,0.44038,0.53778,0.45,5
1,edge_1,edge,0.56461,0.47742,5.13664,0.43539,0.52258,0.53,5
1,edge_2,edge,0.53884,0.48635,3.66624,0.46116,0.51365,0.61,5
1,edge_3,edge,0.55182,0.52405,2.57324,0.44818,0.47595,0.69,5
1,edge_4,edge,0.52473,0.4824,0.94117,0.47527,0.5176,0.77,5
1,cloud_0,cloud,0.45271,0.46228,0.0,0.54729,0.53772,0.6,5
2,access_0,access,0.29151,0.28051,0.0,0.70849,0.71949,0.36,5
2,access_1,access,0.28985,0.29069,0.0,0.71015,0.70931,0.36,5
2,edge_0,edge,0.52545,0.54902,2.15089,0.47455,0.45098,0.45,5
2,edge_1,edge,0.56054,0.53831,5.26864,0.43946,0.46169,0.53,5
2,edge_2,edge,0.58507,0.54904,6.39804,0.41493,0.45096,0.61,5
2,edge_3,edge,0.55866,0.55301,3.95351,0.44134,0.44699,0.69,5
2,edge_4,edge,0.57218,0.56071,7.05508,0.42782,0.43929,0.77,5
2,cloud_0,cloud,0.41421,0.48619,0.0,0.58579,0.51381,0.6,5
3,access_0,access,0.27052,0.27783,0.0,0.72948,0.72217,0.36,5
3,access_1,access,0.29278,0.27434,0.0,0.70722,0.72566,0.36,5
3,edge_0,edge,0.54165,0.55212,2.88118,0.45835,0.44788,0.45,5
3,edge_1,edge,0.55601,0.47095,3.15351,0.44399,0.52905,0.53,5
3,edge_2,edge,0.52282,0.51415,1.20755,0.47718,0.48585,0.61,5
3,edge_3,edge,0.58395,0.51866,5.18714,0.41605,0.48134,0.69,5
3,edge_4,edge,0.63902,0.49691,7.98166,0.36098,0.50309,0.77,5
3,cloud_0,cloud,0.42795,0.44262,0.0,0.57205,0.55738,0.6,5
4,access_0,access,0.26291,0.30079,0.0,0.73709,0.69921,0.36,5
4,access_1,access,0.28732,0.2546,0.0,0.71268,0.7454,0.36,5
4,edge_0,edge,0.55531,0.50553,2.64351,0.44469,0.49447,0.45,5
4,edge_1,edge,0.54826,0.48546,2.38129,0.45174,0.51454,0.53,5
4,edge_2,edge,0.60169,0.46496,9.47779,0.39831,0.53504,0.61,5
4,edge_3,edge,0.57107,0.54309,5.22198,0.42893,0.45691,0.69,5
4,edge_4,edge,0.55833,0.4964,3.64621,0.44167,0.5036,0.77,5
4,cloud_0,cloud,0.42729,0.4694,0.0,0.57271,0.5306,0.6,5
5,access_0,access,0.2955,0.29499,0.0,0.7045,0.70501,0.36,5
5,access_1,access,0.28461,0.27837,0.0,0.71539,0.72163,0.36,5
5,edge_0,edge,0.60891,0.52415,7.72476,0.39109,0.47585,0.45,5
5,edge_1,edge,0.59999,0.51288,4.81387,0.40001,0.48712,0.53,5
5,edge_2,edge,0.60278,0.53599,6.01177,0.39722,0.46401,0.61,5
5,edge_3,edge,0.53977,0.59119,3.32458,0.46023,0.40881,0.69,5
5,edge_4,edge,0.60528,0.54002,6.40858,0.39472,0.45998,0.77,5
5,cloud_0,cloud,0.44427,0.50409,0.0,0.55573,0.49591,0.6,5
6,access_0,access,0.2828,0.28575,0.0,0.7172,0.71425,0.36,5
6,access_1,access,0.28399,0.28602,0.0,0.71601,0.71398,0.36,5
6,edge_0,edge,0.60902,0.61868,8.3545,0.39098,0.38132,0.45,5
6,edge_1,edge,0.65629,0.65714,12.13308,0.34371,0.34286,0.53,5
6,edge_2,edge,0.68675,0.60595,12.3336,0.31325,0.39405,0.61,5
6,edge_3,edge,0.64443,0.60996,8.43869,0.35557,0.39004,0.69,5
6,edge_4,edge,0.6538,0.62169,10.41731,0.3462,0.37831,0.77,5
6,cloud_0,cloud,0.47376,0.49492,0.0,0.52624,0.50508,0.6,5
7,access_0,access,0.26677,0.29135,0.0,0.73323,0.70865,0.36,5
7,access_1,access,0.28257,0.28341,0.0,0.71743,0.71659,0.36,5
7,edge_0,edge,0.60788,0.60623,8.51207,0.39212,0.39377,0.45,5
7,edge_1,edge,0.63642,0.59859,8.76157,0.36358,0.40141,0.53,5
7,edge_2,edge,0.64101,0.5757,11.82893,0.35899,0.4243,0.61,5
7,edge_3,edge,0.65998,0.62389,11.56683,0.34002,0.37611,0.69,5
7,edge_4,edge,0.60471,0.59024,6.14933,0.39529,0.40976,0.77,5
7,cloud_0,cloud,0.47445,0.47927,0.0,0.52555,0.52073,0.6,5
8,access_0,access,0.28311,0.28192,0.0,0.71689,0.71808,0.36,5
8,access_1,access,0.28623,0.27926,0.0,0.71377,0.72074,0.36,5
8,edge_0,edge,0.6121,0.58206,6.73787,0.3879,0.41794,0.45,5
8,edge_1,edge,0.60752,0.55215,5.57174,0.39248,0.44785,0.53,5
8,edge_2,edge,0.57003,0.51413,3.84554,0.42997,0.48587,0.61,5
8,edge_3,edge,0.61649,0.53723,8.61379,0.38351,0.46277,0.69,5
8,edge_4,edge,0.61071,0.57462,7.58165,0.38929,0.42538,0.77,5
8,cloud_0,cloud,0.42919,0.46696,0.0,0.57081,0.53304,0.6,5
9,access_0,access,0.27357,0.27723,0.0,0.72643,0.72277,0.36,5
9,access_1,access,0.28806,0.27402,0.0,0.71194,0.72598,0.36,5
9,edge_0,edge,0.58482,0.60133,5.82103,0.41518,0.39867,0.45,5
9,edge_1,edge,0.62183,0.55569,7.17061,0.37817,0.44431,0.53,5
9,edge_2,edge,0.62025,0.59092,7.76536,0.37975,0.40908,0.61,5
9,edge_3,edge,0.55695,0.55083,4.02269,0.44305,0.44917,0.69,5
9,edge_4,edge,0.57474,0.56632,4.72397,0.42526,0.43368,0.77,5
9,cloud_0,cloud,0.45397,0.46972,0.0,0.54603,0.53028,0.6,5
10,access_0,access,0.26925,0.26349,0.0,0.73075,0.73651,0.36,5
10,access_1,access,0.27376,0.27329,0.0,0.72624,0.72671,0.36,5
10,edge_0,edge,0.59842,0.59971,6.8209,0.40158,0.40029,0.45,5
10,edge_1,edge,0.66496,0.59693,10.90251,0.33504,0.40307,0.53,5
10,edge_2,edge,0.63717,0.60338,10.6317,0.36283,0.39662,0.61,5
10,edge_3,edge,0.67159,0.58547,13.22186,0.32841,0.41453,0.69,5
10,edge_4,edge,0.62067,0.57236,7.58549,0.37933,0.42764,0.77,5
10,cloud_0,cloud,0.44101,0.46308,0.0,0.55899,0.53692,0.6,5
11,access_0,access,0.29288,0.26886,0.0,0.70712,0.73114,0.36,5
11,access_1,access,0.28668,0.2664,0.0,0.71332,0.7336,0.36,5
11,edge_0,edge,0.62468,0.57581,7.81559,0.37532,0.42419,0.45,5
11,edge_1,edge,0.61837,0.56183,8.35227,0.38163,0.43817,0.53,5
11,edge_2,edge,0.60588,0.60522,7.11206,0.39412,0.39478,0.61,5
11,edge_3,edge,0.55148,0.56259,3.42346,0.44852,0.43741,0.69,5
11,edge_4,edge,0.61235,0.59008,8.10225,0.38765,0.40992,0.77,5
11,cloud_0,cloud,0.41391,0.46764,0.0,0.58609,0.53236,0.6,5
12,access_0,access,0.27684,0.28109,0.0,0.72316,0.71891,0.36,5
12,access_1,access,0.27119,0.26632,0.0,0.72881,0.73368,0.36,5
12,edge_0,edge,0.64178,0.64015,9.18016,0.35822,0.35985,0.45,5
12,edge_1,edge,0.63808,0.63689,8.92299,0.36192,0.36311,0.53,5
12,edge_2,edge,0.58019,0.62494,6.4638,0.41981,0.37506,0.61,5
12,edge_3,edge,0.66358,0.60991,10.59934,0.33642,0.39009,0.69,5
12,edge_4,edge,0.63536,0.6505,9.49,0.36464,0.3495,0.77,5
12,cloud_0,cloud,0.44364,0.47344,0.0,0.55636,0.52656,0.6,5
13,access_0,access,0.29177,0.28335,0.0,0.70823,0.71665,0.36,5
13,access_1,access,0.29484,0.28653,0.0,0.70516,0.71347,0.36,5
13,edge_0,edge,0.65224,0.61928,10.14681,0.34776,0.38072,0.45,5
13,edge_1,edge,0.61932,0.61674,9.45288,0.38068,0.38326,0.53,5
13,edge_2,edge,0.58307,0.64288,4.6592,0.41693,0.35712,0.61,5
13,edge_3,edge,0.67526,0.59981,11.8453,0.32474,0.40019,0.69,5
13,edge_4,edge,0.62759,0.61955,9.49052,0.37241,0.38045,0.77,5
13,cloud_0,cloud,0.43216,0.47402,0.0,0.56784,0.52598,0.6,5
14,access_0,access,0.29351,0.29483,0.0,0.70649,0.70517,0.36,5
14,access_1,access,0.25168,0.27626,0.0,0.74832,0.72374,0.36,5
14,edge_0,edge,0.60964,0.58118,6.46569,0.39036,0.41882,0.45,5
14,edge_1,edge,0.56682,0.56264,4.62742,0.43318,0.43736,0.53,5
14,edge_2,edge,0.57386,0.58361,5.19664,0.42614,0.41639,0.61,5
14,edge_3,edge,0.56502,0.57258,3.60738,0.43498,0.42742,0.69,5
14,edge_4,edge,0.60489,0.56712,6.57032,0.39511,0.43288,0.77,5
14,cloud_0,cloud,0.44532,0.47975,0.0,0.55468,0.52025,0.6,5
15,access_0,access,0.26405,0.26822,0.0,0.73595,0.73178,0.36,5
15,access_1,access,0.27761,0.26622,0.0,0.72239,0.73378,0.36,5
15,edge_0,edge,0.55812,0.56279,4.89713,0.44188,0.43721,0.45,5
15,edge_1,edge,0.55019,0.55781,3.65841,0.44981,0.44219,0.53,5
15,edge_2,edge,0.53645,0.53953,3.47211,0.46355,0.46047,0.61,5
15,edge_3,edge,0.52724,0.53518,4.64788,0.47276,0.46482,0.69,5
15,edge_4,edge,0.53282,0.53209,2.77967,0.46718,0.46791,0.77,5
15,cloud_0,cloud,0.42141,0.48683,0.0,0.57859,0.51317,0.6,5
16,access_0,access,0.28588,0.28367,0.0,0.71412,0.71633,0.36,5
16,access_1,access,0.27256,0.27106,0.0,0.72744,0.72894,0.36,5
16,edge_0,edge,0.51912,0.55042,1.0463,0.48088,0.44958,0.45,5
16,edge_1,edge,0.53262,0.57329,3.38017,0.46738,0.42671,0.53,5
16,edge_2,edge,0.56138,0.57164,3.96511,0.43862,0.42836,0.61,5
16,edge_3,edge,0.55059,0.54757,3.43599,0.44941,0.45243,0.69,5
16,edge_4,edge,0.62515,0.54692,8.89976,0.37485,0.45308,0.77,5
16,cloud_0,cloud,0.43095,0.47769,0.0,0.56905,0.52231,0.6,5
17,access_0,access,0.2993,0.269,0.0,0.7007,0.731,0.36,5
17,access_1,access,0.28306,0.26308,0.0,0.71694,0.73692,0.36,5
17,edge_0,edge,0.54823,0.49204,2.6455,0.45177,0.50796,0.45,5
17,edge_1,edge,0.52018,0.488,0.73797,0.47982,0.512,0.53,5
17,edge_2,edge,0.55102,0.5534,3.72235,0.44898,0.4466,0.61,5
17,edge_3,edge,0.5441,0.53063,2.46865,0.4559,0.46937,0.69,5
17,edge_4,edge,0.52615,0.50139,2.06367,0.47385,0.49861,0.77,5
17,cloud_0,cloud,0.42398,0.48618,0.0,0.57602,0.51382,0.6,5
18,access_0,access,0.29933,0.28081,0.0,0.70067,0.71919,0.36,5
18,access_1,access,0.26877,0.2821,0.0,0.73123,0.7179,0.36,5
18,edge_0,edge,0.47141,0.52184,0.0,0.52859,0.47816,0.45,5
18,edge_1,edge,0.56118,0.53697,3.33622,0.43882,0.46303,0.53,5
18,edge_2,edge,0.52826,0.54087,3.61521,0.47174,0.45913,0.61,5
18,edge_3,edge,0.51209,0.51432,0.0,0.48791,0.48568,0.69,5
18,edge_4,edge,0.47767,0.52515,0.0,0.52233,0.47485,0.77,5
18,cloud_0,cloud,0.44813,0.47335,0.0,0.55187,0.52665,0.6,5
19,access_0,access,0.28593,0.28011,0.0,0.71407,0.71989,0.36,5
19,access_1,access,0.27209,0.2691,0.0,0.72791,0.7309,0.36,5
19,edge_0,edge,0.53806,0.53969,2.26853,0.46194,0.46031,0.45,5
19,edge_1,edge,0.5325,0.54007,1.51941,0.4675,0.45993,0.53,5
19,edge_2,edge,0.51721,0.53168,1.22881,0.48279,0.46832,0.61,5
19,edge_3,edge,0.51926,0.52796,2.11234,0.48074,0.47204,0.69,5
19,edge_4,edge,0.50509,0.51838,0.0,0.49491,0.48162,0.77,5
19,cloud_0,cloud,0.4463,0.47197,0.0,0.5537,0.52803,0.6,5
20,access_0,access,0.27345,0.27054,0.0,0.72655,0.72946,0.36,5
20,access_1,access,0.30013,0.28085,0.0,0.69987,0.71915,0.36,5
20,edge_0,edge,0.49524,0.47238,0.0,0.50476,0.52762,0.45,5
20,edge_1,edge,0.45008,0.4908,0.0,0.54992,0.5092,0.53,5
20,edge_2,edge,0.45091,0.45083,0.0,0.54909,0.54917,0.61,5
20,edge_3,edge,0.49572,0.49046,0.30941,0.50428,0.50954,0.69,5
20,edge_4,edge,0.44439,0.46831,0.0,0.55561,0.53169,0.77,5
20,cloud_0,cloud,0.42331,0.46313,0.0,0.57669,0.53687,0.6,5
21,access_0,access,0.2702,0.28809,0.0,0.7298,0.71191,0.36,5
21,access_1,access,0.26514,0.28121,0.0,0.73486,0.71879,0.36,5
21,edge_0,edge,0.51382,0.53336,0.04988,0.48618,0.46664,0.45,5
21,edge_1,edge,0.47645,0.54934,0.0,0.52355,0.45066,0.53,5
21,edge_2,edge,0.49988,0.55411,0.0,0.50012,0.44589,0.61,5
21,edge_3,edge,0.50636,0.51271,0.48198,0.49364,0.48729,0.69,5
21,edge_4,edge,0.47665,0.55414,0.0,0.52335,0.44586,0.77,5
21,cloud_0,cloud,0.43812,0.45089,0.0,0.56188,0.54911,0.6,5
22,access_0,access,0.29346,0.29446,0.0,0.70654,0.70554,0.36,5
22,access_1,access,0.25859,0.27436,0.0,0.74141,0.72564,0.36,5
22,edge_0,edge,0.50034,0.47724,0.0,0.49966,0.52276,0.45,5
22,edge_1,edge,0.51048,0.46378,1.52021,0.48952,0.53622,0.53,5
22,edge_2,edge,0.47076,0.49489,0.0,0.52924,0.50511,0.61,5
22,edge_3,edge,0.51203,0.4983,0.0,0.48797,0.5017,0.69,5
22,edge_4,edge,0.5019,0.49505,0.0,0.4981,0.50495,0.77,5
22,cloud_0,cloud,0.44761,0.46367,0.0,0.55239,0.53633,0.6,5
23,access_0,access,0.29656,0.28214,0.0,0.70344,0.71786,0.36,5
23,access_1,access,0.25703,0.27413,0.0,0.74297,0.72587,0.36,5
23,edge_0,edge,0.47811,0.51499,0.0,0.52189,0.48501,0.45,5
23,edge_1,edge,0.4656,0.46318,0.0,0.5344,0.53682,0.53,5
23,edge_2,edge,0.4669,0.48726,0.0,0.5331,0.51274,0.61,5
23,edge_3,edge,0.46859,0.49697,0.0,0.53141,0.50303,0.69,5
23,edge_4,edge,0.48896,0.48541,0.67207,0.51104,0.51459,0.77,5
23,cloud_0,cloud,0.42333,0.45597,0.0,0.57667,0.54403,0.6,5
24,access_0,access,0.28372,0.27088,0.0,0.71628,0.72912,0.36,5
24,access_1,access,0.28456,0.2719,0.0,0.71544,0.7281,0.36,5
24,edge_0,edge,0.44671,0.40736,0.0,0.55329,0.59264,0.45,5
24,edge_1,edge,0.39986,0.42476,0.0,0.60014,0.57524,0.53,5
24,edge_2,edge,0.37414,0.43108,0.0,0.62586,0.56892,0.61,5
24,edge_3,edge,0.43941,0.4531,0.0,0.56059,0.5469,0.69,5
24,edge_4,edge,0.40464,0.41984,0.0,0.59536,0.58016,0.77,5
24,cloud_0,cloud,0.42021,0.4539,0.0,0.57979,0.5461,0.6,5
25,access_0,access,0.2973,0.28228,0.0,0.7027,0.71772,0.36,5
25,access_1,access,0.26719,0.282,0.0,0.73281,0.718,0.36,5
25,edge_0,edge,0.4136,0.44792,0.0,0.5864,0.55208,0.45,5
25,edge_1,edge,0.44862,0.47365,0.0,0.55138,0.52635,0.53,5
25,edge_2,edge,0.44244,0.44987,0.0,0.55756,0.55013,0.61,5
25,edge_3,edge,0.44254,0.44496,0.0,0.55746,0.55504,0.69,5
25,edge_4,edge,0.41144,0.44719,0.0,0.58856,0.55281,0.77,5
25,cloud_0,cloud,0.41373,0.47523,0.0,0.58627,0.52477,0.6,5
26,access_0,access,0.28009,0.282,0.0,0.71991,0.718,0.36,5
26,access_1,access,0.28627,0.29466,0.0,0.71373,0.70534,0.36,5
26,edge_0,edge,0.39499,0.39134,0.0,0.60501,0.60866,0.45,5
26,edge_1,edge,0.38152,0.35318,0.0,0.61848,0.64682,0.53,5
26,edge_2,edge,0.40821,0.41388,0.0,0.59179,0.58612,0.61,5
26,edge_3,edge,0.40479,0.36763,0.0,0.59521,0.63237,0.69,5
26,edge_4,edge,0.37807,0.36101,0.0,0.62193,0.63899,0.77,5
26,cloud_0,cloud,0.40133,0.44092,0.0,0.59867,0.55908,0.6,5
27,access_0,access,0.30237,0.28642,0.0,0.69763,0.71358,0.36,5
27,access_1,access,0.26586,0.26731,0.0,0.73414,0.73269,0.36,5
27,edge_0,edge,0.39218,0.38931,0.0,0.60782,0.61069,0.45,5
27,edge_1,edge,0.36389,0.4201,0.0,0.63611,0.5799,0.53,5
27,edge_2,edge,0.39461,0.39007,0.0,0.60539,0.60993,0.61,5
27,edge_3,edge,0.39396,0.41532,0.0,0.60604,0.58468,0.69,5
27,edge_4,edge,0.41086,0.38851,0.0,0.58914,0.61149,0.77,5
27,cloud_0,cloud,0.40758,0.44792,0.0,0.59242,0.55208,0.6,5
28,access_0,access,0.27543,0.28711,0.0,0.72457,0.71289,0.36,5
28,access_1,access,0.26075,0.28982,0.0,0.73925,0.71018,0.36,5
28,edge_0,edge,0.40006,0.39514,0.0,0.59994,0.60486,0.45,5
28,edge_1,edge,0.37335,0.38814,0.0,0.62665,0.61186,0.53,5
28,edge_2,edge,0.35162,0.38571,0.0,0.64838,0.61429,0.61,5
28,edge_3,edge,0.31757,0.37723,0.0,0.68243,0.62277,0.69,5
28,edge_4,edge,0.36328,0.36975,0.0,0.63672,0.63025,0.77,5
28,cloud_0,cloud,0.41258,0.41632,0.0,0.58742,0.58368,0.6,5
29,access_0,access,0.28069,0.26515,0.0,0.71931,0.73485,0.36,5
29,access_1,access,0.27082,0.2778,0.0,0.72918,0.7222,0.36,5
29,edge_0,edge,0.36559,0.33752,0.0,0.63441,0.66248,0.45,5
29,edge_1,edge,0.35039,0.37607,0.0,0.64961,0.62393,0.53,5
29,edge_2,edge,0.3404,0.37518,0.0,0.6596,0.62482,0.61,5
29,edge_3,edge,0.35904,0.37893,0.0,0.64096,0.62107,0.69,5
29,edge_4,edge,0.37663,0.32491,0.0,0.62337,0.67509,0.77,5
29,cloud_0,cloud,0.41814,0.43767,0.0,0.58186,0.56233,0.6,5
30,access_0,access,0.2829,0.27981,0.0,0.7171,0.72019,0.36,5
30,access_1,access,0.27876,0.27391,0.0,0.72124,0.72609,0.36,5
30,edge_0,edge,0.35515,0.36485,0.0,0.64485,0.63515,0.45,5
30,edge_1,edge,0.32718,0.3742,0.0,0.67282,0.6258,0.53,5
30,edge_2,edge,0.36383,0.36648,0.0,0.63617,0.63352,0.61,5
30,edge_3,edge,0.36248,0.38131,0.0,0.63752,0.61869,0.69,5
30,edge_4,edge,0.34315,0.37574,0.0,0.65685,0.62426,0.77,5
30,cloud_0,cloud,0.41694,0.43409,0.0,0.58306,0.56591,0.6,5
31,access_0,access,0.27826,0.28398,0.0,0.72174,0.71602,0.36,5
31,access_1,access,0.297,0.28952,0.0,0.703,0.71048,0.36,5
31,edge_0,edge,0.29602,0.29211,0.0,0.70398,0.70789,0.45,5
31,edge_1,edge,0.31359,0.31416,0.0,0.68641,0.68584,0.53,5
31,edge_2,edge,0.35179,0.30801,0.0,0.64821,0.69199,0.61,5
31,edge_3,edge,0.29578,0.3094,0.0,0.70422,0.6906,0.69,5
31,edge_4,edge,0.30212,0.29858,0.0,0.69788,0.70142,0.77,5
31,cloud_0,cloud,0.40709,0.40478,0.0,0.59291,0.59522,0.6,5
32,access_0,access,0.28826,0.28723,0.0,0.71174,0.71277,0.36,5
32,access_1,access,0.27257,0.26829,0.0,0.72743,0.73171,0.36,5
32,edge_0,edge,0.26823,0.29138,0.0,0.73177,0.70862,0.45,5
32,edge_1,edge,0.30308,0.35045,0.0,0.69692,0.64955,0.53,5
32,edge_2,edge,0.30295,0.33286,0.0,0.69705,0.66714,0.61,5
32,edge_3,edge,0.29062,0.34446,0.0,0.70938,0.65554,0.69,5
32,edge_4,edge,0.30077,0.3054,0.0,0.69923,0.6946,0.77,5
32,cloud_0,cloud,0.38437,0.45205,0.0,0.61563,0.54795,0.6,5
33,access_0,access,0.26723,0.2901,0.0,0.73277,0.7099,0.36,5
33,access_1,access,0.29169,0.27023,0.0,0.70831,0.72977,0.36,5
33,edge_0,edge,0.29946,0.35106,0.0,0.70054,0.64894,0.45,5
33,edge_1,edge,0.32059,0.32982,0.0,0.67941,0.67018,0.53,5
33,edge_2,edge,0.31359,0.35806,0.0,0.68641,0.64194,0.61,5
33,edge_3,edge,0.33318,0.37824,0.0,0.66682,0.62176,0.69,5
33,edge_4,edge,0.30557,0.30135,0.0,0.69443,0.69865,0.77,5
33,cloud_0,cloud,0.38874,0.46153,0.0,0.61126,0.53847,0.6,5
34,access_0,access,0.28767,0.29928,0.0,0.71233,0.70072,0.36,5
34,access_1,access,0.27508,0.26711,0.0,0.72492,0.73289,0.36,5
34,edge_0,edge,0.32617,0.3986,0.0,0.67383,0.6014,0.45,5
34,edge_1,edge,0.36085,0.38475,0.0,0.63915,0.61525,0.53,5
34,edge_2,edge,0.36272,0.36995,0.0,0.63728,0.63005,0.61,5
34,edge_3,edge,0.35459,0.3952,0.0,0.64541,0.6048,0.69,5
34,edge_4,edge,0.36079,0.40437,0.0,0.63921,0.59563,0.77,5
34,cloud_0,cloud,0.40176,0.44049,0.0,0.59824,0.55951,0.6,5
35,access_0,access,0.29108,0.27062,0.0,0.70892,0.72938,0.36,5
35,access_1,access,0.27728,0.28101,0.0,0.72272,0.71899,0.36,5
35,edge_0,edge,0.33863,0.3603,0.0,0.66137,0.6397,0.45,5
35,edge_1,edge,0.34164,0.36954,0.0,0.65836,0.63046,0.53,5
35,edge_2,edge,0.35816,0.34703,0.0,0.64184,0.65297,0.61,5
35,edge_3,edge,0.31222,0.37736,0.0,0.68778,0.62264,0.69,5
35,edge_4,edge,0.34097,0.37583,0.0,0.65903,0.62417,0.77,5
35,cloud_0,cloud,0.38014,0.42224,0.0,0.61986,0.57776,0.6,5
36,access_0,access,0.27773,0.29915,0.0,0.72227,0.70085,0.36,5
36,access_1,access,0.29481,0.2859,0.0,0.70519,0.7141,0.36,5
36,edge_0,edge,0.27832,0.33055,0.0,0.72168,0.66945,0.45,5
36,edge_1,edge,0.28157,0.33045,0.0,0.71843,0.66955,0.53,5
36,edge_2,edge,0.29969,0.29404,0.0,0.70031,0.70596,0.61,5
36,edge_3,edge,0.24447,0.33615,0.0,0.75553,0.66385,0.69,5
36,edge_4,edge,0.2594,0.33598,0.0,0.7406,0.66402,0.77,5
36,cloud_0,cloud,0.37852,0.41538,0.0,0.62148,0.58462,0.6,5
37,access_0,access,0.26418,0.28148,0.0,0.73582,0.71852,0.36,5
37,access_1,access,0.2735,0.28246,0.0,0.7265,0.71754,0.36,5
37,edge_0,edge,0.32978,0.34301,0.0,0.67022,0.65699,0.45,5
37,edge_1,edge,0.33823,0.30489,0.0,0.66177,0.69511,0.53,5
37,edge_2,edge,0.30908,0.36071,0.0,0.69092,0.63929,0.61,5
37,edge_3,edge,0.34267,0.34545,0.0,0.65733,0.65455,0.69,5
37,edge_4,edge,0.3319,0.34541,0.0,0.6681,0.65459,0.77,5
37,cloud_0,cloud,0.40842,0.43041,0.0,0.59158,0.56959,0.6,5
38,access_0,access,0.26353,0.29038,0.0,0.73647,0.70962,0.36,5
38,access_1,access,0.28701,0.27465,0.0,0.71299,0.72535,0.36,5
38,edge_0,edge,0.32425,0.35385,0.0,0.67575,0.64615,0.45,5
38,edge_1,edge,0.28449,0.34437,0.0,0.71551,0.65563,0.53,5
38,edge_2,edge,0.26917,0.34312,0.0,0.73083,0.65688,0.61,5
38,edge_3,edge,0.31496,0.35331,0.0,0.68504,0.64669,0.69,5
38,edge_4,edge,0.30465,0.35015,0.0,0.69535,0.64985,0.77,5
38,cloud_0,cloud,0.36432,0.46204,0.0,0.63568,0.53796,0.6,5
39,access_0,access,0.26816,0.28639,0.0,0.73184,0.71361,0.36,5
39,access_1,access,0.26558,0.2778,0.0,0.73442,0.7222,0.36,5
39,edge_0,edge,0.30654,0.38432,0.0,0.69346,0.61568,0.45,5
39,edge_1,edge,0.32414,0.38602,0.0,0.67586,0.61398,0.53,5
39,edge_2,edge,0.35141,0.34842,0.0,0.64859,0.65158,0.61,5
39,edge_3,edge,0.34038,0.39627,0.0,0.65962,0.60373,0.69,5
39,edge_4,edge,0.34154,0.36397,0.0,0.65846,0.63603,0.77,5
39,cloud_0,cloud,0.38971,0.42979,0.0,0.61029,0.57021,0.6,5
40,access_0,access,0.28034,0.29737,0.0,0.71966,0.70263,0.36,5
40,access_1,access,0.26946,0.2747,0.0,0.73054,0.7253,0.36,5
40,edge_0,edge,0.24932,0.30497,0.0,0.75068,0.69503,0.45,5
40,edge_1,edge,0.30787,0.30725,0.0,0.69213,0.69275,0.53,5
40,edge_2,edge,0.28311,0.31305,0.0,0.71689,0.68695,0.61,5
40,edge_3,edge,0.29692,0.33461,0.0,0.70308,0.66539,0.69,5
40,edge_4,edge,0.3061,0.31002,0.0,0.6939,0.68998,0.77,5
40,cloud_0,cloud,0.38879,0.4461,0.0,0.61121,0.5539,0.6,5
41,access_0,access,0.26278,0.28447,0.0,0.73722,0.71553,0.36,5
41,access_1,access,0.28655,0.29438,0.0,0.71345,0.70562,0.36,5
41,edge_0,edge,0.31784,0.349,0.0,0.68216,0.651,0.45,5
41,edge_1,edge,0.30733,0.33259,0.0,0.69267,0.66741,0.53,5
41,edge_2,edge,0.33446,0.32899,0.0,0.66554,0.67101,0.61,5
41,edge_3,edge,0.29864,0.31954,0.0,0.70136,0.68046,0.69,5
41,edge_4,edge,0.33493,0.36832,0.0,0.66507,0.63168,0.77,5
41,cloud_0,cloud,0.41536,0.46364,0.0,0.58464,0.53636,0.6,5
42,access_0,access,0.26189,0.25371,0.0,0.73811,0.74629,0.36,5
42,access_1,access,0.30207,0.29316,0.0,0.69793,0.70684,0.36,5
42,edge_0,edge,0.32377,0.35189,0.0,0.67623,0.64811,0.45,5
42,edge_1,edge,0.32371,0.38232,0.0,0.67629,0.61768,0.53,5
42,edge_2,edge,0.35618,0.33348,0.0,0.64382,0.66652,0.61,5
42,edge_3,edge,0.33702,0.37477,0.0,0.66298,0.62523,0.69,5
42,edge_4,edge,0.33897,0.33687,0.0,0.66103,0.66313,0.77,5
42,cloud_0,cloud,0.39322,0.45746,0.0,0.60678,0.54254,0.6,5
43,access_0,access,0.28817,0.30413,0.0,0.71183,0.69587,0.36,5
43,access_1,access,0.2911,0.28667,0.0,0.7089,0.71333,0.36,5
43,edge_0,edge,0.33825,0.34212,0.0,0.66175,0.65788,0.45,5
43,edge_1,edge,0.31066,0.31316,0.0,0.68934,0.68684,0.53,5
43,edge_2,edge,0.36043,0.26773,0.0,0.63957,0.73227,0.61,5
43,edge_3,edge,0.38546,0.30035,0.0,0.61454,0.69965,0.69,5
43,edge_4,edge,0.32305,0.34096,0.0,0.67695,0.65904,0.77,5
43,cloud_0,cloud,0.42161,0.44445,0.0,0.57839,0.55555,0.6,5
44,access_0,access,0.28156,0.28788,0.0,0.71844,0.71212,0.36,5
44,access_1,access,0.29429,0.27766,0.0,0.70571,0.72234,0.36,5
44,edge_0,edge,0.33512,0.41092,0.0,0.66488,0.58908,0.45,5
44,edge_1,edge,0.40149,0.38667,0.0,0.59851,0.61333,0.53,5
44,edge_2,edge,0.37484,0.45832,0.0,0.62516,0.54168,0.61,5
44,edge_3,edge,0.41723,0.40625,0.0,0.58277,0.59375,0.69,5
44,edge_4,edge,0.39489,0.38713,0.0,0.60511,0.61287,0.77,5
44,cloud_0,cloud,0.41042,0.45946,0.0,0.58958,0.54054,0.6,5
45,access_0,access,0.34548,0.33007,0.0,0.65452,0.66993,0.448,5
45,access_1,access,0.33293,0.32757,0.0,0.66707,0.67243,0.448,5
45,edge_0,edge,0.58325,0.58339,9.04484,0.41675,0.41661,0.6975,5
45,edge_1,edge,0.73378,0.54869,17.14426,0.26622,0.45131,0.8215,5
45,edge_2,edge,0.59525,0.56826,11.20599,0.40475,0.43174,0.9455,5
45,edge_3,edge,0.73301,0.56937,18.05008,0.26699,0.43063,1.0695,5
45,edge_4,edge,0.58331,0.56607,10.12353,0.41669,0.43393,1.1935,5
45,cloud_0,cloud,0.45217,0.48365,0.0,0.54783,0.51635,0.71,5
46,access_0,access,0.35827,0.3386,0.0,0.64173,0.6614,0.448,5
46,access_1,access,0.33243,0.31933,0.0,0.66757,0.68067,0.448,5
46,edge_0,edge,0.6356,0.58139,14.17098,0.3644,0.41861,0.6975,5
46,edge_1,edge,0.72771,0.63167,20.12647,0.27229,0.36833,0.8215,5
46,edge_2,edge,0.66291,0.62112,13.1454,0.33709,0.37888,0.9455,5
46,edge_3,edge,0.79684,0.63821,23.69246,0.20316,0.36179,1.0695,5
46,edge_4,edge,0.64152,0.62027,12.61386,0.35848,0.37973,1.1935,5
46,cloud_0,cloud,0.47149,0.44689,0.0,0.52851,0.55311,0.71,5
47,access_0,access,0.34646,0.32384,0.0,0.65354,0.67616,0.448,5
47,access_1,access,0.31814,0.34448,0.0,0.68186,0.65552,0.448,5
47,edge_0,edge,0.67619,0.58772,16.40814,0.32381,0.41228,0.6975,5
47,edge_1,edge,0.77288,0.5878,22.8473,0.22712,0.4122,0.8215,5
47,edge_2,edge,0.64082,0.59098,12.60382,0.35918,0.40902,0.9455,5
47,edge_3,edge,0.70731,0.63784,17.30168,0.29269,0.36216,1.0695,5
47,edge_4,edge,0.64794,0.60709,10.36608,0.35206,0.39291,1.1935,5
47,cloud_0,cloud,0.46584,0.48591,0.0,0.53416,0.51409,0.71,5
48,access_0,access,0.34774,0.33482,0.0,0.65226,0.66518,0.448,5
48,access_1,access,0.31622,0.31113,0.0,0.68378,0.68887,0.448,5
48,edge_0,edge,0.60722,0.59356,12.42222,0.39278,0.40644,0.6975,5
48,edge_1,edge,0.74778,0.63465,21.79001,0.25222,0.36535,0.8215,5
48,edge_2,edge,0.63545,0.54861,12.35396,0.36455,0.45139,0.9455,5
48,edge_3,edge,0.73212,0.58297,19.66513,0.26788,0.41703,1.0695,5
48,edge_4,edge,0.65434,0.58707,11.27616,0.34566,0.41293,1.1935,5
48,cloud_0,cloud,0.46056,0.47168,0.0,0.53944,0.52832,0.71,5
49,access_0,access,0.31608,0.3382,0.0,0.68392,0.6618,0.448,5
49,access_1,access,0.33118,0.32053,0.0,0.66882,0.67947,0.448,5
49,edge_0,edge,0.66335,0.62943,16.19991,0.33665,0.37057,0.6975,5
49,edge_1,edge,0.86165,0.64392,27.4876,0.13835,0.35608,0.8215,5
49,edge_2,edge,0.68081,0.64821,16.15289,0.31919,0.35179,0.9455,5
49,edge_3,edge,0.81188,0.6203,22.68544,0.18812,0.3797,1.0695,5
49,edge_4,edge,0.69029,0.67367,17.45641,0.30971,0.32633,1.1935,5
49,cloud_0,cloud,0.45099,0.47532,0.0,0.54901,0.52468,0.71,5
50,access_0,access,0.33748,0.32905,0.0,0.66252,0.67095,0.448,5
50,access_1,access,0.3438,0.32441,0.0,0.6562,0.67559,0.448,5
50,edge_0,edge,0.6948,0.65941,15.65521,0.3052,0.34059,0.6975,5
50,edge_1,edge,0.76388,0.67988,21.86804,0.23612,0.32012,0.8215,5
50,edge_2,edge,0.68791,0.66084,15.37422,0.31209,0.33916,0.9455,5
50,edge_3,edge,0.78356,0.66047,21.59437,0.21644,0.33953,1.0695,5
50,edge_4,edge,0.71527,0.66842,17.01432,0.28473,0.33158,1.1935,5
50,cloud_0,cloud,0.46476,0.49714,0.0,0.53524,0.50286,0.71,5
51,access_0,access,0.31124,0.31982,0.0,0.68876,0.68018,0.448,5
51,access_1,access,0.31462,0.31762,0.0,0.68538,0.68238,0.448,5
51,edge_0,edge,0.6978,0.69013,18.02592,0.3022,0.30987,0.6975,5
51,edge_1,edge,0.84053,0.66353,24.71439,0.15947,0.33647,0.8215,5
51,edge_2,edge,0.68719,0.64687,15.06587,0.31281,0.35313,0.9455,5
51,edge_3,edge,0.81913,0.67862,25.12451,0.18087,0.32138,1.0695,5
51,edge_4,edge,0.72479,0.69307,17.05256,0.27521,0.30693,1.1935,5
51,cloud_0,cloud,0.47068,0.47924,0.0,0.52932,0.52076,0.71,5
52,access_0,access,0.31318,0.31235,0.0,0.68682,0.68765,0.448,5
52,access_1,access,0.34526,0.31984,0.0,0.65474,0.68016,0.448,5
52,edge_0,edge,0.7891,0.67684,24.07168,0.2109,0.32316,0.6975,5
52,edge_1,edge,0.85328,0.69493,27.70629,0.14672,0.30507,0.8215,5
52,edge_2,edge,0.78829,0.66362,24.90307,0.21171,0.33638,0.9455,5
52,edge_3,edge,0.86924,0.68633,28.3898,0.13076,0.31367,1.0695,5
52,edge_4,edge,0.72372,0.68432,17.7444,0.27628,0.31568,1.1935,5
52,cloud_0,cloud,0.45709,0.48241,0.0,0.54291,0.51759,0.71,5
53,access_0,access,0.34595,0.33063,0.0,0.65405,0.66937,0.448,5
53,access_1,access,0.33943,0.3208,0.0,0.66057,0.6792,0.448,5
53,edge_0,edge,0.7688,0.68504,21.22752,0.2312,0.31496,0.6975,5
53,edge_1,edge,0.84532,0.69824,25.64708,0.15468,0.30176,0.8215,5
53,edge_2,edge,0.70966,0.6982,18.77509,0.29034,0.3018,0.9455,5
53,edge_3,edge,0.86776,0.70286,28.77737,0.13224,0.29714,1.0695,5
53,edge_4,edge,0.75733,0.70561,20.49475,0.24267,0.29439,1.1935,5
53,cloud_0,cloud,0.44005,0.50533,0.0,0.55995,0.49467,0.71,5
54,access_0,access,0.32156,0.32928,0.0,0.67844,0.67072,0.448,5
54,access_1,access,0.33086,0.31713,0.0,0.66914,0.68287,0.448,5
54,edge_0,edge,0.79644,0.72885,25.43635,0.20356,0.27115,0.6975,5
54,edge_1,edge,0.85278,0.75459,28.81763,0.14722,0.24541,0.8215,5
54,edge_2,edge,0.76697,0.73104,22.84841,0.23303,0.26896,0.9455,5
54,edge_3,edge,0.87838,0.76528,29.38078,0.12162,0.23472,1.0695,5
54,edge_4,edge,0.84316,0.77761,25.73769,0.15684,0.22239,1.1935,5
54,cloud_0,cloud,0.47006,0.4702,0.0,0.52994,0.5298,0.71,5
55,access_0,access,0.34171,0.30583,0.0,0.65829,0.69417,0.448,5
55,access_1,access,0.33902,0.34874,0.0,0.66098,0.65126,0.448,5
55,edge_0,edge,0.75436,0.66086,20.24227,0.24564,0.33914,0.6975,5
55,edge_1,edge,0.87043,0.69499,27.34221,0.12957,0.30501,0.8215,5
55,edge_2,edge,0.73579,0.66555,19.29673,0.26421,0.33445,0.9455,5
55,edge_3,edge,0.88567,0.69251,27.58482,0.11433,0.30749,1.0695,5
55,edge_4,edge,0.7675,0.67853,22.91465,0.2325,0.32147,1.1935,5
55,cloud_0,cloud,0.49937,0.48494,0.0,0.50063,0.51506,0.71,5
56,access_0,access,0.32131,0.33526,0.0,0.67869,0.66474,0.448,5
56,access_1,access,0.33551,0.33036,0.0,0.66449,0.66964,0.448,5
56,edge_0,edge,0.77059,0.69831,22.81984,0.22941,0.30169,0.6975,5
56,edge_1,edge,0.80388,0.6791,23.44615,0.19612,0.3209,0.8215,5
56,edge_2,edge,0.74186,0.70523,21.29517,0.25814,0.29477,0.9455,5
56,edge_3,edge,0.86266,0.67967,26.64453,0.13734,0.32033,1.0695,5
56,edge_4,edge,0.75299,0.67356,21.70611,0.24701,0.32644,1.1935,5
56,cloud_0,cloud,0.47756,0.48227,0.0,0.52244,0.51773,0.71,5
57,access_0,access,0.33338,0.32303,0.0,0.66662,0.67697,0.448,5
57,access_1,access,0.33878,0.33518,0.0,0.66122,0.66482,0.448,5
57,edge_0,edge,0.7645,0.71324,20.34997,0.2355,0.28676,0.6975,5
57,edge_1,edge,0.8886,0.74618,30.38435,0.1114,0.25382,0.8215,5
57,edge_2,edge,0.78727,0.70668,22.14357,0.21273,0.29332,0.9455,5
57,edge_3,edge,0.89488,0.76047,30.29267,0.10512,0.23953,1.0695,5
57,edge_4,edge,0.79741,0.68802,25.47843,0.20259,0.31198,1.1935,5
57,cloud_0,cloud,0.46753,0.47479,0.0,0.53247,0.52521,0.71,5
58,access_0,access,0.33322,0.31593,0.0,0.66678,0.68407,0.448,5
58,access_1,access,0.33501,0.3212,0.0,0.66499,0.6788,0.448,5
58,edge_0,edge,0.80136,0.75263,24.82025,0.19864,0.24737,0.6975,5
58,edge_1,edge,0.88192,0.78009,29.09479,0.11808,0.21991,0.8215,5
58,edge_2,edge,0.77253,0.75891,21.79261,0.22747,0.24109,0.9455,5
58,edge_3,edge,0.87646,0.75515,29.93597,0.12354,0.24485,1.0695,5
58,edge_4,edge,0.82779,0.78048,26.33067,0.17221,0.21952,1.1935,5
58,cloud_0,cloud,0.49896,0.49866,0.0,0.50104,0.50134,0.71,5
59,access_0,access,0.32715,0.31618,0.0,0.67285,0.68382,0.448,5
59,access_1,access,0.35558,0.3245,0.0,0.64442,0.6755,0.448,5
59,edge_0,edge,0.76337,0.7153,21.06423,0.23663,0.2847,0.6975,5
59,edge_1,edge,0.90465,0.7387,32.20957,0.09535,0.2613,0.8215,5
59,edge_2,edge,0.76009,0.71668,21.28726,0.23991,0.28332,0.9455,5
59,edge_3,edge,0.85677,0.73357,25.87143,0.14323,0.26643,1.0695,5
59,edge_4,edge,0.81244,0.73318,24.65157,0.18756,0.26682,1.1935,5
59,cloud_0,cloud,0.50321,0.49318,0.0,0.49679,0.50682,0.71,5
60,access_0,access,0.33074,0.31041,0.0,0.66926,0.68959,0.448,5
60,access_1,access,0.34211,0.34249,0.0,0.65789,0.65751,0.448,5
60,edge_0,edge,0.76014,0.69771,21.84103,0.23986,0.30229,0.6975,5
60,edge_1,edge,0.8905,0.71097,30.96088,0.1095,0.28903,0.8215,5
60,edge_2,edge,0.79516,0.7319,23.10884,0.20484,0.2681,0.9455,5
60,edge_3,edge,0.8758,0.69995,29.27009,0.1242,0.30005,1.0695,5
60,edge_4,edge,0.76607,0.70541,21.56456,0.23393,0.29459,1.1935,5
60,cloud_0,cloud,0.50537,0.47981,0.0,0.49463,0.52019,0.71,5
61,access_0,access,0.34828,0.3089,0.0,0.65172,0.6911,0.448,5
61,access_1,access,0.33524,0.31288,0.0,0.66476,0.68712,0.448,5
61,edge_0,edge,0.76321,0.6991,21.67685,0.23679,0.3009,0.6975,5
61,edge_1,edge,0.85887,0.72662,29.68274,0.14113,0.27338,0.8215,5
61,edge_2,edge,0.77854,0.71193,22.98713,0.22146,0.28807,0.9455,5
61,edge_3,edge,0.93265,0.73457,31.65448,0.06735,0.26543,1.0695,5
61,edge_4,edge,0.7931,0.73593,24.37252,0.2069,0.26407,1.1935,5
61,cloud_0,cloud,0.45447,0.49183,0.0,0.54553,0.50817,0.71,5
62,access_0,access,0.35185,0.32568,0.0,0.64815,0.67432,0.448,5
62,access_1,access,0.32877,0.32899,0.0,0.67123,0.67101,0.448,5
62,edge_0,edge,0.78255,0.77529,23.87889,0.21745,0.22471,0.6975,5
62,edge_1,edge,0.86896,0.73633,27.76636,0.13104,0.26367,0.8215,5
62,edge_2,edge,0.75719,0.77099,18.93946,0.24281,0.22901,0.9455,5
62,edge_3,edge,0.90258,0.74383,29.58811,0.09742,0.25617,1.0695,5
62,edge_4,edge,0.80329,0.75365,24.12621,0.19671,0.24635,1.1935,5
62,cloud_0,cloud,0.45471,0.46369,0.0,0.54529,0.53631,0.71,5
63,access_0,access,0.34512,0.32385,0.0,0.65488,0.67615,0.448,5
63,access_1,access,0.32777,0.33932,0.0,0.67223,0.66068,0.448,5
63,edge_0,edge,0.83965,0.74642,25.88641,0.16035,0.25358,0.6975,5
63,edge_1,edge,0.96494,0.79038,35.98652,0.03506,0.20962,0.8215,5
63,edge_2,edge,0.8268,0.76265,23.6587,0.1732,0.23735,0.9455,5
63,edge_3,edge,0.93293,0.74829,32.55439,0.06707,0.25171,1.0695,5
63,edge_4,edge,0.80235,0.78707,24.65831,0.19765,0.21293,1.1935,5
63,cloud_0,cloud,0.49334,0.50253,0.0,0.50666,0.49747,0.71,5
64,access_0,access,0.33858,0.33335,0.0,0.66142,0.66665,0.448,5
64,access_1,access,0.3267,0.31957,0.0,0.6733,0.68043,0.448,5
64,edge_0,edge,0.82416,0.7728,23.85087,0.17584,0.2272,0.6975,5
64,edge_1,edge,0.94486,0.82058,34.4977,0.05514,0.17942,0.8215,5
64,edge_2,edge,0.85078,0.7724,26.84026,0.14922,0.2276,0.9455,5
64,edge_3,edge,0.95009,0.76859,32.4434,0.04991,0.23141,1.0695,5
64,edge_4,edge,0.86393,0.78077,27.70885,0.13607,0.21923,1.1935,5
64,cloud_0,cloud,0.48903,0.49088,0.0,0.51097,0.50912,0.71,5
65,access_0,access,0.33212,0.32153,0.0,0.66788,0.67847,0.448,5
65,access_1,access,0.32523,0.30771,0.0,0.67477,0.69229,0.448,5
65,edge_0,edge,0.83495,0.73012,25.2338,0.16505,0.26988,0.6975,5
65,edge_1,edge,0.92166,0.74816,31.41425,0.07834,0.25184,0.8215,5
65,edge_2,edge,0.81358,0.70637,25.48085,0.18642,0.29363,0.9455,5
65,edge_3,edge,0.94539,0.72184,33.73881,0.05461,0.27816,1.0695,5
65,edge_4,edge,0.87934,0.70374,28.33967,0.12066,0.29626,1.1935,5
65,cloud_0,cloud,0.48041,0.46366,0.0,0.51959,0.53634,0.71,5
66,access_0,access,0.34225,0.32477,0.0,0.65775,0.67523,0.448,5
66,access_1,access,0.34733,0.32131,0.0,0.65267,0.67869,0.448,5
66,edge_0,edge,0.82167,0.78783,24.73082,0.17833,0.21217,0.6975,5
66,edge_1,edge,0.87375,0.77408,29.14451,0.12625,0.22592,0.8215,5
66,edge_2,edge,0.78334,0.77235,23.53622,0.21666,0.22765,0.9455,5
66,edge_3,edge,0.92933,0.78644,30.59487,0.07067,0.21356,1.0695,5
66,edge_4,edge,0.85656,0.78817,27.6494,0.14344,0.21183,1.1935,5
66,cloud_0,cloud,0.48534,0.50054,0.0,0.51466,0.49946,0.71,5
67,access_0,access,0.34726,0.32844,0.0,0.65274,0.67156,0.448,5
67,access_1,access,0.31809,0.30565,0.0,0.68191,0.69435,0.448,5
67,edge_0,edge,0.77161,0.75803,19.83405,0.22839,0.24197,0.6975,5
67,edge_1,edge,0.92184,0.73534,30.20023,0.07816,0.26466,0.8215,5
67,edge_2,edge,0.78318,0.7556,23.24158,0.21682,0.2444,0.9455,5
67,edge_3,edge,0.92931,0.72441,33.08217,0.07069,0.27559,1.0695,5
67,edge_4,edge,0.77149,0.71683,20.85008,0.22851,0.28317,1.1935,5
67,cloud_0,cloud,0.47949,0.47894,0.0,0.52051,0.52106,0.71,5
68,access_0,access,0.34058,0.32006,0.0,0.65942,0.67994,0.448,5
68,access_1,access,0.33896,0.31889,0.0,0.66104,0.68111,0.448,5
68,edge_0,edge,0.82597,0.71699,26.15009,0.17403,0.28301,0.6975,5
68,edge_1,edge,0.94076,0.77269,35.02933,0.05924,0.22731,0.8215,5
68,edge_2,edge,0.81794,0.72215,25.45793,0.18206,0.27785,0.9455,5
68,edge_3,edge,0.92404,0.7511,32.36217,0.07596,0.2489,1.0695,5
68,edge_4,edge,0.80801,0.73797,24.28226,0.19199,0.26203,1.1935,5
68,cloud_0,cloud,0.49975,0.51317,0.0,0.50025,0.48683,0.71,5
69,access_0,access,0.32629,0.32963,0.0,0.67371,0.67037,0.448,5
69,access_1,access,0.33436,0.29612,0.0,0.66564,0.70388,0.448,5
69,edge_0,edge,0.76988,0.70447,20.8796,0.23012,0.29553,0.6975,5
69,edge_1,edge,0.90722,0.73486,32.2511,0.09278,0.26514,0.8215,5
69,edge_2,edge,0.81787,0.75203,26.32584,0.18213,0.24797,0.9455,5
69,edge_3,edge,0.89673,0.71274,30.10783,0.10327,0.28726,1.0695,5
69,edge_4,edge,0.76935,0.66526,23.83995,0.23065,0.33474,1.1935,5
69,cloud_0,cloud,0.48063,0.4801,0.0,0.51937,0.5199,0.71,5
70,access_0,access,0.2836,0.28355,0.0,0.7164,0.71645,0.36,5
70,access_1,access,0.2871,0.28026,0.0,0.7129,0.71974,0.36,5
70,edge_0,edge,0.595,0.56301,6.55546,0.405,0.43699,0.45,5
70,edge_1,edge,0.57543,0.59223,5.32246,0.42457,0.40777,0.53,5
70,edge_2,edge,0.59616,0.58935,6.54927,0.40384,0.41065,0.61,5
70,edge_3,edge,0.59504,0.59033,8.1897,0.40496,0.40967,0.69,5
70,edge_4,edge,0.63096,0.58532,9.13385,0.36904,0.41468,0.77,5
70,cloud_0,cloud,0.42732,0.44891,0.0,0.57268,0.55109,0.6,5
71,access_0,access,0.28289,0.27663,0.0,0.71711,0.72337,0.36,5
71,access_1,access,0.28136,0.28391,0.0,0.71864,0.71609,0.36,5
71,edge_0,edge,0.56306,0.59324,4.7396,0.43694,0.40676,0.45,5
71,edge_1,edge,0.57533,0.52954,4.44041,0.42467,0.47046,0.53,5
71,edge_2,edge,0.60273,0.62223,8.00663,0.39727,0.37777,0.61,5
71,edge_3,edge,0.58179,0.55136,3.94727,0.41821,0.44864,0.69,5
71,edge_4,edge,0.5909,0.58607,7.27489,0.4091,0.41393,0.77,5
71,cloud_0,cloud,0.43895,0.47552,0.0,0.56105,0.52448,0.6,5
72,access_0,access,0.28172,0.28912,0.0,0.71828,0.71088,0.36,5
72,access_1,access,0.29199,0.30154,0.0,0.70801,0.69846,0.36,5
72,edge_0,edge,0.56637,0.55038,5.56438,0.43363,0.44962,0.45,5
72,edge_1,edge,0.51809,0.56118,1.68046,0.48191,0.43882,0.53,5
72,edge_2,edge,0.61391,0.54723,6.32801,0.38609,0.45277,0.61,5
72,edge_3,edge,0.52455,0.49004,1.03899,0.47545,0.50996,0.69,5
72,edge_4,edge,0.53959,0.54677,4.62763,0.46041,0.45323,0.77,5
72,cloud_0,cloud,0.43604,0.46225,0.0,0.56396,0.53775,0.6,5
73,access_0,access,0.25689,0.25609,0.0,0.74311,0.74391,0.36,5
73,access_1,access,0.28721,0.26476,0.0,0.71279,0.73524,0.36,5
73,edge_0,edge,0.5542,0.5102,4.58009,0.4458,0.4898,0.45,5
73,edge_1,edge,0.54213,0.53497,1.98814,0.45787,0.46503,0.53,5
73,edge_2,edge,0.55403,0.50464,3.59357,0.44597,0.49536,0.61,5
73,edge_3,edge,0.56203,0.5179,3.23309,0.43797,0.4821,0.69,5
73,edge_4,edge,0.57481,0.52974,4.50332,0.42519,0.47026,0.77,5
73,cloud_0,cloud,0.43835,0.46627,0.0,0.56165,0.53373,0.6,5
74,access_0,access,0.28058,0.28034,0.0,0.71942,0.71966,0.36,5
74,access_1,access,0.26981,0.29254,0.0,0.73019,0.70746,0.36,5
74,edge_0,edge,0.46222,0.49875,0.0,0.53778,0.50125,0.45,5
74,edge_1,edge,0.47493,0.44957,0.0,0.52507,0.55043,0.53,5
74,edge_2,edge,0.48103,0.49797,0.0,0.51897,0.50203,0.61,5
74,edge_3,edge,0.45932,0.46424,0.0,0.54068,0.53576,0.69,5
74,edge_4,edge,0.50382,0.47766,2.06572,0.49618,0.52234,0.77,5
74,cloud_0,cloud,0.40368,0.4633,0.0,0.59632,0.5367,0.6,5
75,access_0,access,0.29518,0.27918,0.0,0.70482,0.72082,0.36,5
75,access_1,access,0.29574,0.2935,0.0,0.70426,0.7065,0.36,5
75,edge_0,edge,0.49447,0.46589,0.0,0.50553,0.53411,0.45,5
75,edge_1,edge,0.50005,0.49134,0.94521,0.49995,0.50866,0.53,5
75,edge_2,edge,0.48989,0.44738,0.0,0.51011,0.55262,0.61,5
75,edge_3,edge,0.52913,0.48065,2.3981,0.47087,0.51935,0.69,5
75,edge_4,edge,0.498,0.47683,0.14004,0.502,0.52317,0.77,5
75,cloud_0,cloud,0.43229,0.45941,0.0,0.56771,0.54059,0.6,5
76,access_0,access,0.26328,0.28087,0.0,0.73672,0.71913,0.36,5
76,access_1,access,0.26099,0.27771,0.0,0.73901,0.72229,0.36,5
76,edge_0,edge,0.55272,0.45829,5.63089,0.44728,0.54171,0.45,5
76,edge_1,edge,0.48636,0.46192,0.0,0.51364,0.53808,0.53,5
76,edge_2,edge,0.48144,0.45677,0.0,0.51856,0.54323,0.61,5
76,edge_3,edge,0.46299,0.47313,0.0,0.53701,0.52687,0.69,5
76,edge_4,edge,0.51092,0.47834,0.31595,0.48908,0.52166,0.77,5
76,cloud_0,cloud,0.4256,0.47143,0.0,0.5744,0.52857,0.6,5
77,access_0,access,0.26529,0.28526,0.0,0.73471,0.71474,0.36,5
77,access_1,access,0.27858,0.27062,0.0,0.72142,0.72938,0.36,5
77,edge_0,edge,0.42496,0.44689,0.0,0.57504,0.55311,0.45,5
77,edge_1,edge,0.41201,0.44887,0.0,0.58799,0.55113,0.53,5
77,edge_2,edge,0.3913,0.43362,0.0,0.6087,0.56638,0.61,5
77,edge_3,edge,0.44909,0.422,0.0,0.55091,0.578,0.69,5
77,edge_4,edge,0.45482,0.44643,0.0,0.54518,0.55357,0.77,5
77,cloud_0,cloud,0.43036,0.46301,0.0,0.56964,0.53699,0.6,5
78,access_0,access,0.26739,0.28557,0.0,0.73261,0.71443,0.36,5
78,access_1,access,0.30033,0.28694,0.0,0.69967,0.71306,0.36,5
78,edge_0,edge,0.51097,0.46282,1.91787,0.48903,0.53718,0.45,5
78,edge_1,edge,0.5392,0.46669,2.76869,0.4608,0.53331,0.53,5
78,edge_2,edge,0.50001,0.47409,0.30815,0.49999,0.52591,0.61,5
78,edge_3,edge,0.5204,0.49253,0.72845,0.4796,0.50747,0.69,5
78,edge_4,edge,0.49112,0.47708,0.0,0.50888,0.52292,0.77,5
78,cloud_0,cloud,0.43449,0.45655,0.0,0.56551,0.54345,0.6,5
79,access_0,access,0.29299,0.28001,0.0,0.70701,0.71999,0.36,5
79,access_1,access,0.26983,0.26517,0.0,0.73017,0.73483,0.36,5
79,edge_0,edge,0.47328,0.50326,0.0,0.52672,0.49674,0.45,5
79,edge_1,edge,0.4988,0.5028,0.0,0.5012,0.4972,0.53,5
79,edge_2,edge,0.52033,0.43973,1.97916,0.47967,0.56027,0.61,5
79,edge_3,edge,0.52583,0.5024,1.25347,0.47417,0.4976,0.69,5
79,edge_4,edge,0.49046,0.49024,0.0,0.50954,0.50976,0.77,5
79,cloud_0,cloud,0.43024,0.46501,0.0,0.56976,0.53499,0.6,5
80,access_0,access,0.2663,0.28764,0.0,0.7337,0.71236,0.36,5
80,access_1,access,0.27791,0.28677,0.0,0.72209,0.71323,0.36,5
80,edge_0,edge,0.41217,0.39397,0.0,0.58783,0.60603,0.45,5
80,edge_1,edge,0.41005,0.35369,0.0,0.58995,0.64631,0.53,5
80,edge_2,edge,0.42488,0.35547,0.0,0.57512,0.64453,0.61,5
80,edge_3,edge,0.35946,0.34969,0.0,0.64054,0.65031,0.69,5
80,edge_4,edge,0.41124,0.39902,0.0,0.58876,0.60098,0.77,5
80,cloud_0,cloud,0.41411,0.44316,0.0,0.58589,0.55684,0.6,5
81,access_0,access,0.27147,0.28977,0.0,0.72853,0.71023,0.36,5
81,access_1,access,0.2791,0.2771,0.0,0.7209,0.7229,0.36,5
81,edge_0,edge,0.39837,0.38214,0.0,0.60163,0.61786,0.45,5
81,edge_1,edge,0.37518,0.4112,0.0,0.62482,0.5888,0.53,5
81,edge_2,edge,0.40001,0.41009,0.0,0.59999,0.58991,0.61,5
81,edge_3,edge,0.39849,0.4113,0.0,0.60151,0.5887,0.69,5
81,edge_4,edge,0.40292,0.4072,0.0,0.59708,0.5928,0.77,5
81,cloud_0,cloud,0.42963,0.45564,0.0,0.57037,0.54436,0.6,5
82,access_0,access,0.274,0.27158,0.0,0.726,0.72842,0.36,5
82,access_1,access,0.29095,0.27565,0.0,0.70905,0.72435,0.36,5
82,edge_0,edge,0.36321,0.35198,0.0,0.63679,0.64802,0.45,5
82,edge_1,edge,0.36644,0.34157,0.0,0.63356,0.65843,0.53,5
82,edge_2,edge,0.42508,0.35261,0.0,0.57492,0.64739,0.61,5
82,edge_3,edge,0.38535,0.36517,0.0,0.61465,0.63483,0.69,5
82,edge_4,edge,0.37383,0.34063,0.0,0.62617,0.65937,0.77,5
82,cloud_0,cloud,0.41841,0.44051,0.0,0.58159,0.55949,0.6,5
83,access_0,access,0.27643,0.26125,0.0,0.72357,0.73875,0.36,5
83,access_1,access,0.26052,0.28819,0.0,0.73948,0.71181,0.36,5
83,edge_0,edge,0.44819,0.41701,0.0,0.55181,0.58299,0.45,5
83,edge_1,edge,0.38365,0.40137,0.0,0.61635,0.59863,0.53,5
83,edge_2,edge,0.43504,0.43656,0.0,0.56496,0.56344,0.61,5
83,edge_3,edge,0.37726,0.40409,0.0,0.62274,0.59591,0.69,5
83,edge_4,edge,0.39106,0.41011,0.0,0.60894,0.58989,0.77,5
83,cloud_0,cloud,0.40271,0.43911,0.0,0.59729,0.56089,0.6,5
84,access_0,access,0.29519,0.28538,0.0,0.70481,0.71462,0.36,5
84,access_1,access,0.28446,0.28243,0.0,0.71554,0.71757,0.36,5
84,edge_0,edge,0.34577,0.43302,0.0,0.65423,0.56698,0.45,5
84,edge_1,edge,0.33125,0.38622,0.0,0.66875,0.61378,0.53,5
84,edge_2,edge,0.37235,0.3884,0.0,0.62765,0.6116,0.61,5
84,edge_3,edge,0.30873,0.37915,0.0,0.69127,0.62085,0.69,5
84,edge_4,edge,0.28961,0.39269,0.0,0.71039,0.60731,0.77,5
84,cloud_0,cloud,0.39561,0.44249,0.0,0.60439,0.55751,0.6,5
85,access_0,access,0.30349,0.25774,0.0,0.69651,0.74226,0.36,5
85,access_1,access,0.2625,0.27994,0.0,0.7375,0.72006,0.36,5
85,edge_0,edge,0.36938,0.37623,0.0,0.63062,0.62377,0.45,5
85,edge_1,edge,0.40976,0.35007,0.0,0.59024,0.64993,0.53,5
85,edge_2,edge,0.38399,0.33322,0.0,0.61601,0.66678,0.61,5
85,edge_3,edge,0.36647,0.35394,0.0,0.63353,0.64606,0.69,5
85,edge_4,edge,0.41718,0.38415,0.0,0.58282,0.61585,0.77,5
85,cloud_0,cloud,0.42253,0.43116,0.0,0.57747,0.56884,0.6,5
86,access_0,access,0.2673,0.26679,0.0,0.7327,0.73321,0.36,5
86,access_1,access,0.26795,0.28043,0.0,0.73205,0.71957,0.36,5
86,edge_0,edge,0.34196,0.40171,0.0,0.65804,0.59829,0.45,5
86,edge_1,edge,0.35995,0.3391,0.0,0.64005,0.6609,0.53,5
86,edge_2,edge,0.36092,0.4162,0.0,0.63908,0.5838,0.61,5
86,edge_3,edge,0.31799,0.40176,0.0,0.68201,0.59824,0.69,5
86,edge_4,edge,0.38156,0.35772,0.0,0.61844,0.64228,0.77,5
86,cloud_0,cloud,0.38468,0.44288,0.0,0.61532,0.55712,0.6,5
87,access_0,access,0.27301,0.29314,0.0,0.72699,0.70686,0.36,5
87,access_1,access,0.28713,0.29123,0.0,0.71287,0.70877,0.36,5
87,edge_0,edge,0.34659,0.32011,0.0,0.65341,0.67989,0.45,5
87,edge_1,edge,0.34294,0.36366,0.0,0.65706,0.63634,0.53,5
87,edge_2,edge,0.31907,0.30435,0.0,0.68093,0.69565,0.61,5
87,edge_3,edge,0.34416,0.32291,0.0,0.65584,0.67709,0.69,5
87,edge_4,edge,0.3253,0.33579,0.0,0.6747,0.66421,0.77,5
87,cloud_0,cloud,0.39218,0.43115,0.0,0.60782,0.56885,0.6,5
88,access_0,access,0.27732,0.27708,0.0,0.72268,0.72292,0.36,5
88,access_1,access,0.27463,0.27318,0.0,0.72537,0.72682,0.36,5
88,edge_0,edge,0.37396,0.33816,0.0,0.62604,0.66184,0.45,5
88,edge_1,edge,0.332,0.34619,0.0,0.668,0.65381,0.53,5
88,edge_2,edge,0.3384,0.33658,0.0,0.6616,0.66342,0.61,5
88,edge_3,edge,0.37294,0.3893,0.0,0.62706,0.6107,0.69,5
88,edge_4,edge,0.34854,0.33937,0.0,0.65146,0.66063,0.77,5
88,cloud_0,cloud,0.40799,0.41504,0.0,0.59201,0.58496,0.6,5
89,access_0,access,0.29377,0.28268,0.0,0.70623,0.71732,0.36,5
89,access_1,access,0.2791,0.28033,0.0,0.7209,0.71967,0.36,5
89,edge_0,edge,0.34096,0.37021,0.0,0.65904,0.62979,0.45,5
89,edge_1,edge,0.36089,0.3794,0.0,0.63911,0.6206,0.53,5
89,edge_2,edge,0.30255,0.36452,0.0,0.69745,0.63548,0.61,5
89,edge_3,edge,0.35055,0.38871,0.0,0.64945,0.61129,0.69,5
89,edge_4,edge,0.35334,0.39604,0.0,0.64666,0.60396,0.77,5
89,cloud_0,cloud,0.42187,0.44421,0.0,0.57813,0.55579,0.6,5
90,access_0,access,0.3033,0.27179,0.0,0.6967,0.72821,0.36,5
90,access_1,access,0.30035,0.25542,0.0,0.69965,0.74458,0.36,5
90,edge_0,edge,0.27006,0.3308,0.0,0.72994,0.6692,0.45,5
90,edge_1,edge,0.3613,0.3042,0.0,0.6387,0.6958,0.53,5
90,edge_2,edge,0.35546,0.33808,0.0,0.64454,0.66192,0.61,5
90,edge_3,edge,0.32229,0.35542,0.0,0.67771,0.64458,0.69,5
90,edge_4,edge,0.34151,0.32904,0.0,0.65849,0.67096,0.77,5
90,cloud_0,cloud,0.38194,0.45592,0.0,0.61806,0.54408,0.6,5
91,access_0,access,0.26401,0.27413,0.0,0.73599,0.72587,0.36,5
91,access_1,access,0.2785,0.2728,0.0,0.7215,0.7272,0.36,5
91,edge_0,edge,0.32155,0.38013,0.0,0.67845,0.61987,0.45,5
91,edge_1,edge,0.33257,0.37118,0.0,0.66743,0.62882,0.53,5
91,edge_2,edge,0.325,0.35701,0.0,0.675,0.64299,0.61,5
91,edge_3,edge,0.32135,0.37171,0.0,0.67865,0.62829,0.69,5
91,edge_4,edge,0.32267,0.36739,0.0,0.67733,0.63261,0.77,5
91,cloud_0,cloud,0.40985,0.43788,0.0,0.59015,0.56212,0.6,5
92,access_0,access,0.29526,0.27082,0.0,0.70474,0.72918,0.36,5
92,access_1,access,0.28825,0.26748,0.0,0.71175,0.73252,0.36,5
92,edge_0,edge,0.19914,0.28684,0.0,0.80086,0.71316,0.45,5
92,edge_1,edge,0.21584,0.31971,0.0,0.78416,0.68029,0.53,5
92,edge_2,edge,0.27201,0.31325,0.0,0.72799,0.68675,0.61,5
92,edge_3,edge,0.23375,0.28621,0.0,0.76625,0.71379,0.69,5
92,edge_4,edge,0.2434,0.25948,0.0,0.7566,0.74052,0.77,5
92,cloud_0,cloud,0.39799,0.42088,0.0,0.60201,0.57912,0.6,5
93,access_0,access,0.29124,0.26223,0.0,0.70876,0.73777,0.36,5
93,access_1,access,0.30377,0.27361,0.0,0.69623,0.72639,0.36,5
93,edge_0,edge,0.36206,0.33378,0.0,0.63794,0.66622,0.45,5
93,edge_1,edge,0.38585,0.38457,0.0,0.61415,0.61543,0.53,5
93,edge_2,edge,0.38646,0.36606,0.0,0.61354,0.63394,0.61,5
93,edge_3,edge,0.36144,0.3479,0.0,0.63856,0.6521,0.69,5
93,edge_4,edge,0.31708,0.36497,0.0,0.68292,0.63503,0.77,5
93,cloud_0,cloud,0.40068,0.46553,0.0,0.59932,0.53447,0.6,5
94,access_0,access,0.29105,0.26729,0.0,0.70895,0.73271,0.36,5
94,access_1,access,0.28534,0.26902,0.0,0.71466,0.73098,0.36,5
94,edge_0,edge,0.38134,0.37204,0.0,0.61866,0.62796,0.45,5
94,edge_1,edge,0.40992,0.38756,0.0,0.59008,0.61244,0.53,5
94,edge_2,edge,0.40149,0.35293,0.0,0.59851,0.64707,0.61,5
94,edge_3,edge,0.36932,0.35001,0.0,0.63068,0.64999,0.69,5
94,edge_4,edge,0.40417,0.38092,0.0,0.59583,0.61908,0.77,5
94,cloud_0,cloud,0.41824,0.44,0.0,0.58176,0.56,0.6,5
95,access_0,access,0.27893,0.27836,0.0,0.72107,0.72164,0.36,5
95,access_1,access,0.28569,0.26372,0.0,0.71431,0.73628,0.36,5
95,edge_0,edge,0.3074,0.30335,0.0,0.6926,0.69665,0.45,5
95,edge_1,edge,0.29669,0.30703,0.0,0.70331,0.69297,0.53,5
95,edge_2,edge,0.27716,0.28467,0.0,0.72284,0.71533,0.61,5
95,edge_3,edge,0.30033,0.33366,0.0,0.69967,0.66634,0.69,5
95,edge_4,edge,0.26831,0.28765,0.0,0.73169,0.71235,0.77,5
95,cloud_0,cloud,0.40094,0.40824,0.0,0.59906,0.59176,0.6,5
96,access_0,access,0.30011,0.25889,0.0,0.69989,0.74111,0.36,5
96,access_1,access,0.26905,0.27942,0.0,0.73095,0.72058,0.36,5
96,edge_0,edge,0.33013,0.41094,0.0,0.66987,0.58906,0.45,5
96,edge_1,edge,0.34036,0.36961,0.0,0.65964,0.63039,0.53,5
96,edge_2,edge,0.3312,0.34136,0.0,0.6688,0.65864,0.61,5
96,edge_3,edge,0.32692,0.37376,0.0,0.67308,0.62624,0.69,5
96,edge_4,edge,0.33283,0.37629,0.0,0.66717,0.62371,0.77,5
96,cloud_0,cloud,0.40533,0.46078,0.0,0.59467,0.53922,0.6,5
97,access_0,access,0.29375,0.27427,0.0,0.70625,0.72573,0.36,5
97,access_1,access,0.27458,0.29369,0.0,0.72542,0.70631,0.36,5
97,edge_0,edge,0.37405,0.38931,0.0,0.62595,0.61069,0.45,5
97,edge_1,edge,0.39454,0.37289,0.0,0.60546,0.62711,0.53,5
97,edge_2,edge,0.36263,0.41369,0.0,0.63737,0.58631,0.61,5
97,edge_3,edge,0.39603,0.41093,0.0,0.60397,0.58907,0.69,5
97,edge_4,edge,0.37301,0.38426,0.0,0.62699,0.61574,0.77,5
97,cloud_0,cloud,0.38497,0.45533,0.0,0.61503,0.54467,0.6,5
98,access_0,access,0.29559,0.2772,0.0,0.70441,0.7228,0.36,5
98,access_1,access,0.30754,0.28222,0.0,0.69246,0.71778,0.36,5
98,edge_0,edge,0.41188,0.38492,0.0,0.58812,0.61508,0.45,5
98,edge_1,edge,0.39485,0.4239,0.0,0.60515,0.5761,0.53,5
98,edge_2,edge,0.41219,0.43524,0.0,0.58781,0.56476,0.61,5
98,edge_3,edge,0.43138,0.39053,0.0,0.56862,0.60947,0.69,5
98,edge_4,edge,0.41692,0.46692,0.0,0.58308,0.53308,0.77,5
98,cloud_0,cloud,0.4071,0.42472,0.0,0.5929,0.57528,0.6,5
99,access_0,access,0.29298,0.28722,0.0,0.70702,0.71278,0.36,5
99,access_1,access,0.26692,0.26659,0.0,0.73308,0.73341,0.36,5
99,edge_0,edge,0.38768,0.41816,0.0,0.61232,0.58184,0.45,5
99,edge_1,edge,0.41632,0.46842,0.0,0.58368,0.53158,0.53,5
99,edge_2,edge,0.41424,0.41592,0.0,0.58576,0.58408,0.61,5
99,edge_3,edge,0.38924,0.46757,0.0,0.61076,0.53243,0.69,5
99,edge_4,edge,0.39618,0.42729,0.0,0.60382,0.57271,0.77,5
99,cloud_0,cloud,0.42116,0.44362,0.0,0.57884,0.55638,0.6,5
100,access_0,access,0.25621,0.27441,0.0,0.74379,0.72559,0.36,5
100,access_1,access,0.29822,0.27914,0.0,0.70178,0.72086,0.36,5
100,edge_0,edge,0.32286,0.34101,0.0,0.67714,0.65899,0.45,5
100,edge_1,edge,0.38446,0.33847,0.0,0.61554,0.66153,0.53,5
100,edge_2,edge,0.33599,0.37948,0.0,0.66401,0.62052,0.61,5
100,edge_3,edge,0.34316,0.3521,0.0,0.65684,0.6479,0.69,5
100,edge_4,edge,0.32321,0.35203,0.0,0.67679,0.64797,0.77,5
100,cloud_0,cloud,0.44939,0.44533,0.0,0.55061,0.55467,0.6,5
101,access_0,access,0.27541,0.26922,0.0,0.72459,0.73078,0.36,5
101,access_1,access,0.26806,0.28606,0.0,0.73194,0.71394,0.36,5
101,edge_0,edge,0.39244,0.38807,0.0,0.60756,0.61193,0.45,5
101,edge_1,edge,0.40542,0.38334,0.0,0.59458,0.61666,0.53,5
101,edge_2,edge,0.36557,0.38892,0.0,0.63443,0.61108,0.61,5
101,edge_3,edge,0.34866,0.41557,0.0,0.65134,0.58443,0.69,5
101,edge_4,edge,0.35824,0.38192,0.0,0.64176,0.61808,0.77,5
101,cloud_0,cloud,0.41719,0.45211,0.0,0.58281,0.54789,0.6,5
102,access_0,access,0.29282,0.29011,0.0,0.70718,0.70989,0.36,5
102,access_1,access,0.26748,0.28291,0.0,0.73252,0.71709,0.36,5
102,edge_0,edge,0.42427,0.39436,0.0,0.57573,0.60564,0.45,5
102,edge_1,edge,0.39437,0.39413,0.0,0.60563,0.60587,0.53,5
102,edge_2,edge,0.38577,0.38391,0.0,0.61423,0.61609,0.61,5
102,edge_3,edge,0.41943,0.41639,0.0,0.58057,0.58361,0.69,5
102,edge_4,edge,0.39632,0.41034,0.0,0.60368,0.58966,0.77,5
102,cloud_0,cloud,0.42191,0.44913,0.0,0.57809,0.55087,0.6,5
103,access_0,access,0.28685,0.26874,0.0,0.71315,0.73126,0.36,5
103,access_1,access,0.28421,0.27152,0.0,0.71579,0.72848,0.36,5
103,edge_0,edge,0.39557,0.44675,0.0,0.60443,0.55325,0.45,5
103,edge_1,edge,0.38269,0.42319,0.0,0.61731,0.57681,0.53,5
103,edge_2,edge,0.43161,0.44655,0.0,0.56839,0.55345,0.61,5
103,edge_3,edge,0.3681,0.44196,0.0,0.6319,0.55804,0.69,5
103,edge_4,edge,0.35206,0.44696,0.0,0.64794,0.55304,0.77,5
103,cloud_0,cloud,0.40625,0.45998,0.0,0.59375,0.54002,0.6,5
104,access_0,access,0.28588,0.26662,0.0,0.71412,0.73338,0.36,5
104,access_1,access,0.27983,0.29072,0.0,0.72017,0.70928,0.36,5
104,edge_0,edge,0.40071,0.41651,0.0,0.59929,0.58349,0.45,5
104,edge_1,edge,0.42962,0.42961,0.0,0.57038,0.57039,0.53,5
104,edge_2,edge,0.40777,0.43446,0.0,0.59223,0.56554,0.61,5
104,edge_3,edge,0.42004,0.4156,0.0,0.57996,0.5844,0.69,5
104,edge_4,edge,0.42218,0.43707,0.0,0.57782,0.56293,0.77,5
104,cloud_0,cloud,0.40916,0.44396,0.0,0.59084,0.55604,0.6,5
105,access_0,access,0.2699,0.27471,0.0,0.7301,0.72529,0.36,5
105,access_1,access,0.24728,0.2645,0.0,0.75272,0.7355,0.36,5
105,edge_0,edge,0.41994,0.46921,0.0,0.58006,0.53079,0.45,5
105,edge_1,edge,0.4725,0.46268,0.0,0.5275,0.53732,0.53,5
105,edge_2,edge,0.45078,0.47353,0.0,0.54922,0.52647,0.61,5
105,edge_3,edge,0.46277,0.47241,0.0,0.53723,0.52759,0.69,5
105,edge_4,edge,0.50153,0.46279,0.7995,0.49847,0.53721,0.77,5
105,cloud_0,cloud,0.42813,0.47463,0.0,0.57187,0.52537,0.6,5
106,access_0,access,0.28399,0.27968,0.0,0.71601,0.72032,0.36,5
106,access_1,access,0.278,0.28258,0.0,0.722,0.71742,0.36,5
106,edge_0,edge,0.45119,0.47187,0.0,0.54881,0.52813,0.45,5
106,edge_1,edge,0.48712,0.46732,0.0,0.51288,0.53268,0.53,5
106,edge_2,edge,0.52268,0.46007,2.64355,0.47732,0.53993,0.61,5
106,edge_3,edge,0.52448,0.45242,1.40418,0.47552,0.54758,0.69,5
106,edge_4,edge,0.47842,0.48233,0.0,0.52158,0.51767,0.77,5
106,cloud_0,cloud,0.42178,0.45275,0.0,0.57822,0.54725,0.6,5
107,access_0,access,0.28525,0.27369,0.0,0.71475,0.72631,0.36,5
107,access_1,access,0.28009,0.27701,0.0,0.71991,0.72299,0.36,5
107,edge_0,edge,0.51517,0.54734,0.81632,0.48483,0.45266,0.45,5
107,edge_1,edge,0.5173,0.49386,0.42893,0.4827,0.50614,0.53,5
107,edge_2,edge,0.50813,0.53502,0.75393,0.49187,0.46498,0.61,5
107,edge_3,edge,0.53029,0.5059,1.65361,0.46971,0.4941,0.69,5
107,edge_4,edge,0.50987,0.52102,0.0,0.49013,0.47898,0.77,5
107,cloud_0,cloud,0.43435,0.44741,0.0,0.56565,0.55259,0.6,5
108,access_0,access,0.2964,0.27508,0.0,0.7036,0.72492,0.36,5
108,access_1,access,0.27907,0.27277,0.0,0.72093,0.72723,0.36,5
108,edge_0,edge,0.51724,0.50223,0.60067,0.48276,0.49777,0.45,5
108,edge_1,edge,0.57677,0.488,3.87063,0.42323,0.512,0.53,5
108,edge_2,edge,0.56285,0.53942,4.17158,0.43715,0.46058,0.61,5
108,edge_3,edge,0.54386,0.55285,4.02092,0.45614,0.44715,0.69,5
108,edge_4,edge,0.5841,0.53016,7.30908,0.4159,0.46984,0.77,5
108,cloud_0,cloud,0.44634,0.48227,0.0,0.55366,0.51773,0.6,5
109,access_0,access,0.25298,0.28865,0.0,0.74702,0.71135,0.36,5
109,access_1,access,0.26674,0.28156,0.0,0.73326,0.71844,0.36,5
109,edge_0,edge,0.46714,0.52147,0.0,0.53286,0.47853,0.45,5
109,edge_1,edge,0.51808,0.5217,3.35653,0.48192,0.4783,0.53,5
109,edge_2,edge,0.56372,0.50232,4.37128,0.43628,0.49768,0.61,5
109,edge_3,edge,0.53782,0.52971,3.47701,0.46218,0.47029,0.69,5
109,edge_4,edge,0.50835,0.53346,2.02036,0.49165,0.46654,0.77,5
109,cloud_0,cloud,0.40717,0.46654,0.0,0.59283,0.53346,0.6,5
110,access_0,access,0.2823,0.256,0.0,0.7177,0.744,0.36,5
110,access_1,access,0.28154,0.2815,0.0,0.71846,0.7185,0.36,5
110,edge_0,edge,0.62233,0.59069,8.15541,0.37767,0.40931,0.45,5
110,edge_1,edge,0.58538,0.59533,6.1975,0.41462,0.40467,0.53,5
110,edge_2,edge,0.57427,0.61444,4.07245,0.42573,0.38556,0.61,5
110,edge_3,edge,0.63743,0.57398,9.82823,0.36257,0.42602,0.69,5
110,edge_4,edge,0.64577,0.60694,7.18784,0.35423,0.39306,0.77,5
110,cloud_0,cloud,0.47405,0.47221,0.0,0.52595,0.52779,0.6,5
111,access_0,access,0.28366,0.27041,0.0,0.71634,0.72959,0.36,5
111,access_1,access,0.26757,0.28076,0.0,0.73243,0.71924,0.36,5
111,edge_0,edge,0.61692,0.58105,8.95856,0.38308,0.41895,0.45,5
111,edge_1,edge,0.56835,0.57701,4.09144,0.43165,0.42299,0.53,5
111,edge_2,edge,0.59542,0.59194,6.37912,0.40458,0.40806,0.61,5
111,edge_3,edge,0.56288,0.59781,4.24918,0.43712,0.40219,0.69,5
111,edge_4,edge,0.62,0.54992,9.44684,0.38,0.45008,0.77,5
111,cloud_0,cloud,0.4662,0.48045,0.0,0.5338,0.51955,0.6,5
112,access_0,access,0.26726,0.28198,0.0,0.73274,0.71802,0.36,5
112,access_1,access,0.29684,0.2746,0.0,0.70316,0.7254,0.36,5
112,edge_0,edge,0.57281,0.5442,8.1071,0.42719,0.4558,0.45,5
112,edge_1,edge,0.62238,0.57678,9.47215,0.37762,0.42322,0.53,5
112,edge_2,edge,0.56263,0.59226,5.0472,0.43737,0.40774,0.61,5
112,edge_3,edge,0.64102,0.61709,10.11228,0.35898,0.38291,0.69,5
112,edge_4,edge,0.5985,0.56838,5.83834,0.4015,0.43162,0.77,5
112,cloud_0,cloud,0.44352,0.46536,0.0,0.55648,0.53464,0.6,5
113,access_0,access,0.26945,0.27737,0.0,0.73055,0.72263,0.36,5
113,access_1,access,0.30093,0.29634,0.0,0.69907,0.70366,0.36,5
113,edge_0,edge,0.54138,0.54162,2.91277,0.45862,0.45838,0.45,5
113,edge_1,edge,0.57255,0.52125,4.22394,0.42745,0.47875,0.53,5
113,edge_2,edge,0.56337,0.55479,4.15003,0.43663,0.44521,0.61,5
113,edge_3,edge,0.57149,0.52261,4.12065,0.42851,0.47739,0.69,5
113,edge_4,edge,0.54735,0.51678,2.99999,0.45265,0.48322,0.77,5
113,cloud_0,cloud,0.43235,0.48283,0.0,0.56765,0.51717,0.6,5
114,access_0,access,0.29601,0.2695,0.0,0.70399,0.7305,0.36,5
114,access_1,access,0.27008,0.27631,0.0,0.72992,0.72369,0.36,5
114,edge_0,edge,0.57929,0.5418,4.4785,0.42071,0.4582,0.45,5
114,edge_1,edge,0.59102,0.51568,5.28284,0.40898,0.48432,0.53,5
114,edge_2,edge,0.59251,0.52243,6.28932,0.40749,0.47757,0.61,5
114,edge_3,edge,0.58386,0.56908,6.53762,0.41614,0.43092,0.69,5
114,edge_4,edge,0.60544,0.56811,7.51089,0.39456,0.43189,0.77,5
114,cloud_0,cloud,0.4305,0.47296,0.0,0.5695,0.52704,0.6,5
115,access_0,access,0.4178,0.39445,0.31142,0.5822,0.60555,0.576,5
115,access_1,access,0.41807,0.37287,0.31621,0.58193,0.62713,0.576,5
115,edge_0,edge,0.99,0.91147,41.9358,0.01,0.08853,1.0575,5
115,edge_1,edge,0.99,0.86199,38.58852,0.01,0.13801,1.2455,5
115,edge_2,edge,0.98453,0.86837,39.74865,0.01547,0.13163,1.4335,5
115,edge_3,edge,0.99,0.86893,38.20717,0.01,0.13107,1.6215,5
115,edge_4,edge,0.96283,0.83789,39.44564,0.03717,0.16211,1.8095,5
115,cloud_0,cloud,0.52889,0.49885,0.0,0.47111,0.50115,0.87,5
116,access_0,access,0.40624,0.37874,0.10919,0.59376,0.62126,0.576,5
116,access_1,access,0.3998,0.37682,0.0,0.6002,0.62318,0.576,5
116,edge_0,edge,0.99,0.88641,38.52351,0.01,0.11359,1.0575,5
116,edge_1,edge,0.99,0.90167,42.20641,0.01,0.09833,1.2455,5
116,edge_2,edge,0.96408,0.89256,37.15549,0.03592,0.10744,1.4335,5
116,edge_3,edge,0.99,0.89458,40.21554,0.01,0.10542,1.6215,5
116,edge_4,edge,0.98946,0.86476,39.9165,0.01054,0.13524,1.8095,5
116,cloud_0,cloud,0.52032,0.48406,0.0,0.47968,0.51594,0.87,5
117,access_0,access,0.40892,0.37415,0.15603,0.59108,0.62585,0.576,5
117,access_1,access,0.42212,0.39385,0.38709,0.57788,0.60615,0.576,5
117,edge_0,edge,0.96303,0.85829,38.15992,0.03697,0.14171,1.0575,5
117,edge_1,edge,0.99,0.86876,40.68132,0.01,0.13124,1.2455,5
117,edge_2,edge,0.9825,0.86568,41.636,0.0175,0.13432,1.4335,5
117,edge_3,edge,0.99,0.86344,39.90035,0.01,0.13656,1.6215,5
117,edge_4,edge,0.99,0.92102,37.90351,0.01,0.07898,1.8095,5
117,cloud_0,cloud,0.50356,0.51006,0.0,0.49644,0.48994,0.87,5
118,access_0,access,0.38393,0.38861,0.0,0.61607,0.61139,0.576,5
118,access_1,access,0.43134,0.37982,0.54843,0.56866,0.62018,0.576,5
118,edge_0,edge,0.98967,0.86338,39.79325,0.01033,0.13662,1.0575,5
118,edge_1,edge,0.99,0.87347,39.64862,0.01,0.12653,1.2455,5
118,edge_2,edge,0.99,0.88664,41.01048,0.01,0.11336,1.4335,5
118,edge_3,edge,0.99,0.9233,42.03758,0.01,0.0767,1.6215,5
118,edge_4,edge,0.95979,0.88975,39.164,0.04021,0.11025,1.8095,5
118,cloud_0,cloud,0.51263,0.50732,0.0,0.48737,0.49268,0.87,5
119,access_0,access,0.40847,0.37829,0.14817,0.59153,0.62171,0.576,5
119,access_1,access,0.41553,0.40197,0.27181,0.58447,0.59803,0.576,5
119,edge_0,edge,0.98469,0.85252,39.7273,0.01531,0.14748,1.0575,5
119,edge_1,edge,0.99,0.90892,38.36917,0.01,0.09108,1.2455,5
119,edge_2,edge,0.99,0.93584,40.1054,0.01,0.06416,1.4335,5
119,edge_3,edge,0.99,0.8968,39.04279,0.01,0.1032,1.6215,5
119,edge_4,edge,0.96129,0.91708,38.88907,0.03871,0.08292,1.8095,5
119,cloud_0,cloud,0.53664,0.50807,0.0,0.46336,0.49193,0.87,5
120,access_0,access,0.4241,0.37443,0.4217,0.5759,0.62557,0.576,5
120,access_1,access,0.39889,0.38933,0.0,0.60111,0.61067,0.576,5
120,edge_0,edge,0.95911,0.86447,39.70604,0.04089,0.13553,1.0575,5
120,edge_1,edge,0.99,0.87074,41.42183,0.01,0.12926,1.2455,5
120,edge_2,edge,0.99,0.88077,40.45983,0.01,0.11923,1.4335,5
120,edge_3,edge,0.99,0.87444,39.96422,0.01,0.12556,1.6215,5
120,edge_4,edge,0.95392,0.90653,37.64503,0.04608,0.09347,1.8095,5
120,cloud_0,cloud,0.51877,0.50193,0.0,0.48123,0.49807,0.87,5
121,access_0,access,0.39161,0.3964,0.0,0.60839,0.6036,0.576,5
121,access_1,access,0.3808,0.3952,0.0,0.6192,0.6048,0.576,5
121,edge_0,edge,0.94796,0.854,38.85164,0.05204,0.146,1.0575,5
121,edge_1,edge,0.99,0.86415,41.04715,0.01,0.13585,1.2455,5
121,edge_2,edge,0.95279,0.85876,36.52865,0.04721,0.14124,1.4335,5
121,edge_3,edge,0.99,0.89183,40.66855,0.01,0.10817,1.6215,5
121,edge_4,edge,0.98904,0.87156,41.07558,0.01096,0.12844,1.8095,5
121,cloud_0,cloud,0.52596,0.51467,0.0,0.47404,0.48533,0.87,5
122,access_0,access,0.41897,0.39725,0.33189,0.58103,0.60275,0.576,5
122,access_1,access,0.42033,0.37178,0.35573,0.57967,0.62822,0.576,5
122,edge_0,edge,0.98332,0.87875,38.90954,0.01668,0.12125,1.0575,5
122,edge_1,edge,0.99,0.90878,40.80545,0.01,0.09122,1.2455,5
122,edge_2,edge,0.97638,0.8688,38.81975,0.02362,0.1312,1.4335,5
122,edge_3,edge,0.99,0.85226,40.38825,0.01,0.14774,1.6215,5
122,edge_4,edge,0.98712,0.84603,37.87642,0.01288,0.15397,1.8095,5
122,cloud_0,cloud,0.52921,0.52007,0.0,0.47079,0.47993,0.87,5
123,access_0,access,0.40506,0.39578,0.08861,0.59494,0.60422,0.576,5
123,access_1,access,0.41034,0.38906,0.18104,0.58966,0.61094,0.576,5
123,edge_0,edge,0.92434,0.88863,34.8191,0.07566,0.11137,1.0575,5
123,edge_1,edge,0.99,0.89518,42.08508,0.01,0.10482,1.2455,5
123,edge_2,edge,0.99,0.88811,40.00145,0.01,0.11189,1.4335,5
123,edge_3,edge,0.99,0.91619,39.41379,0.01,0.08381,1.6215,5
123,edge_4,edge,0.98399,0.88212,38.07966,0.01601,0.11788,1.8095,5
123,cloud_0,cloud,0.50391,0.5112,0.0,0.49609,0.4888,0.87,5
124,access_0,access,0.41559,0.38834,0.2728,0.58441,0.61166,0.576,5
124,access_1,access,0.41147,0.3809,0.20078,0.58853,0.6191,0.576,5
124,edge_0,edge,0.91531,0.83709,35.41121,0.08469,0.16291,1.0575,5
124,edge_1,edge,0.99,0.83992,39.67288,0.01,0.16008,1.2455,5
124,edge_2,edge,0.95411,0.86629,38.07009,0.04589,0.13371,1.4335,5
124,edge_3,edge,0.99,0.88782,41.03146,0.01,0.11218,1.6215,5
124,edge_4,edge,0.95219,0.84699,36.32131,0.04781,0.15301,1.8095,5
124,cloud_0,cloud,0.51879,0.47984,0.0,0.48121,0.52016,0.87,5
125,access_0,access,0.4217,0.39402,0.37983,0.5783,0.60598,0.576,5
125,access_1,access,0.41389,0.38773,0.24311,0.58611,0.61227,0.576,5
125,edge_0,edge,0.91748,0.86286,34.59799,0.08252,0.13714,1.0575,5
125,edge_1,edge,0.99,0.89132,38.44778,0.01,0.10868,1.2455,5
125,edge_2,edge,0.99,0.81811,40.34753,0.01,0.18189,1.4335,5
125,edge_3,edge,0.99,0.85435,38.79834,0.01,0.14565,1.6215,5
125,edge_4,edge,0.97072,0.86495,37.18463,0.02928,0.13505,1.8095,5
125,cloud_0,cloud,0.52981,0.48876,0.0,0.47019,0.51124,0.87,5
126,access_0,access,0.39461,0.38798,0.0,0.60539,0.61202,0.576,5
126,access_1,access,0.42781,0.39949,0.48663,0.57219,0.60051,0.576,5
126,edge_0,edge,0.93241,0.85775,36.09071,0.06759,0.14225,1.0575,5
126,edge_1,edge,0.99,0.87967,39.95008,0.01,0.12033,1.2455,5
126,edge_2,edge,0.941,0.87823,37.22429,0.059,0.12177,1.4335,5
126,edge_3,edge,0.99,0.86327,39.90149,0.01,0.13673,1.6215,5
126,edge_4,edge,0.94637,0.91391,37.01158,0.05363,0.08609,1.8095,5
126,cloud_0,cloud,0.51338,0.5069,0.0,0.48662,0.4931,0.87,5
127,access_0,access,0.39912,0.40195,0.0,0.60088,0.59805,0.576,5
127,access_1,access,0.40543,0.3931,0.09507,0.59457,0.6069,0.576,5
127,edge_0,edge,0.95901,0.84525,37.98123,0.04099,0.15475,1.0575,5
127,edge_1,edge,0.99,0.87237,38.0766,0.01,0.12763,1.2455,5
127,edge_2,edge,0.99,0.84381,41.6384,0.01,0.15619,1.4335,5
127,edge_3,edge,0.99,0.84487,38.44946,0.01,0.15513,1.6215,5
127,edge_4,edge,0.9681,0.81355,38.84261,0.0319,0.18645,1.8095,5
127,cloud_0,cloud,0.52753,0.51108,0.0,0.47247,0.48892,0.87,5
128,access_0,access,0.39645,0.37757,0.0,0.60355,0.62243,0.576,5
128,access_1,access,0.44199,0.40043,0.73477,0.55801,0.59957,0.576,5
128,edge_0,edge,0.89016,0.83772,33.10842,0.10984,0.16228,1.0575,5
128,edge_1,edge,0.98429,0.85448,38.83736,0.01571,0.14552,1.2455,5
128,edge_2,edge,0.919,0.81916,34.98344,0.081,0.18084,1.4335,5
128,edge_3,edge,0.99,0.81936,39.40487,0.01,0.18064,1.6215,5
128,edge_4,edge,0.89972,0.80284,34.94851,0.10028,0.19716,1.8095,5
128,cloud_0,cloud,0.48229,0.4873,0.0,0.51771,0.5127,0.87,5
129,access_0,access,0.4173,0.38539,0.30272,0.5827,0.61461,0.576,5
129,access_1,access,0.43018,0.39897,0.52816,0.56982,0.60103,0.576,5
129,edge_0,edge,0.85917,0.80868,30.60451,0.14083,0.19132,1.0575,5
129,edge_1,edge,0.99,0.8296,40.92641,0.01,0.1704,1.2455,5
129,edge_2,edge,0.88166,0.79061,32.20082,0.11834,0.20939,1.4335,5
129,edge_3,edge,0.98804,0.82457,39.04336,0.01196,0.17543,1.6215,5
129,edge_4,edge,0.83009,0.80079,29.32771,0.16991,0.19921,1.8095,5
129,cloud_0,cloud,0.49651,0.50128,0.0,0.50349,0.49872,0.87,5
130,access_0,access,0.43292,0.38807,0.57604,0.56708,0.61193,0.576,5
130,access_1,access,0.42456,0.38612,0.42989,0.57544,0.61388,0.576,5
130,edge_0,edge,0.96769,0.85173,39.32931,0.03231,0.14827,1.0575,5
130,edge_1,edge,0.99,0.80688,40.52506,0.01,0.19312,1.2455,5
130,edge_2,edge,0.93969,0.82878,36.68962,0.06031,0.17122,1.4335,5
130,edge_3,edge,0.99,0.86936,41.54181,0.01,0.13064,1.6215,5
130,edge_4,edge,0.91261,0.85713,35.93075,0.08739,0.14287,1.8095,5
130,cloud_0,cloud,0.49886,0.47537,0.0,0.50114,0.52463,0.87,5
131,access_0,access,0.4354,0.38872,0.61946,0.5646,0.61128,0.576,5
131,access_1,access,0.40136,0.39916,0.02377,0.59864,0.60084,0.576,5
131,edge_0,edge,0.81073,0.83022,27.62022,0.18927,0.16978,1.0575,5
131,edge_1,edge,0.97534,0.80548,39.36413,0.02466,0.19452,1.2455,5
131,edge_2,edge,0.89559,0.78564,33.36919,0.10441,0.21436,1.4335,5
131,edge_3,edge,0.94301,0.82718,36.66033,0.05699,0.17282,1.6215,5
131,edge_4,edge,0.85679,0.78039,30.90168,0.14321,0.21961,1.8095,5
131,cloud_0,cloud,0.5075,0.51912,0.0,0.4925,0.48088,0.87,5
132,access_0,access,0.40408,0.36066,0.07141,0.59592,0.63934,0.576,5
132,access_1,access,0.40239,0.39722,0.04182,0.59761,0.60278,0.576,5
132,edge_0,edge,0.88034,0.82584,33.60011,0.11966,0.17416,1.0575,5
132,edge_1,edge,0.99,0.7935,40.54847,0.01,0.2065,1.2455,5
132,edge_2,edge,0.88914,0.81579,34.7758,0.11086,0.18421,1.4335,5
132,edge_3,edge,0.95278,0.84873,38.56199,0.04722,0.15127,1.6215,5
132,edge_4,edge,0.88037,0.80356,33.62728,0.11963,0.19644,1.8095,5
132,cloud_0,cloud,0.48723,0.47736,0.0,0.51277,0.52264,0.87,5
133,access_0,access,0.40619,0.405,0.10834,0.59381,0.595,0.576,5
133,access_1,access,0.42453,0.41235,0.42934,0.57547,0.58765,0.576,5
133,edge_0,edge,0.91702,0.77817,34.57828,0.08298,0.22183,1.0575,5
133,edge_1,edge,0.97148,0.84763,37.25057,0.02852,0.15237,1.2455,5
133,edge_2,edge,0.86008,0.86641,30.61519,0.13992,0.13359,1.4335,5
133,edge_3,edge,0.99,0.86261,41.83566,0.01,0.13739,1.6215,5
133,edge_4,edge,0.92333,0.8289,33.64815,0.07667,0.1711,1.8095,5
133,cloud_0,cloud,0.48928,0.53777,0.0,0.51072,0.46223,0.87,5
134,access_0,access,0.42693,0.4041,0.47134,0.57307,0.5959,0.576,5
134,access_1,access,0.41496,0.39148,0.26178,0.58504,0.60852,0.576,5
134,edge_0,edge,0.82315,0.7698,28.66258,0.17685,0.2302,1.0575,5
134,edge_1,edge,0.89887,0.77005,34.51319,0.10113,0.22995,1.2455,5
134,edge_2,edge,0.78366,0.73822,27.29226,0.21634,0.26178,1.4335,5
134,edge_3,edge,0.95338,0.78396,37.27278,0.04662,0.21604,1.6215,5
134,edge_4,edge,0.75696,0.7511,25.25673,0.24304,0.2489,1.8095,5
134,cloud_0,cloud,0.49042,0.49647,0.0,0.50958,0.50353,0.87,5
135,access_0,access,0.39395,0.38375,0.0,0.60605,0.61625,0.576,5
135,access_1,access,0.41872,0.38159,0.3276,0.58128,0.61841,0.576,5
135,edge_0,edge,0.84571,0.82064,31.01715,0.15429,0.17936,1.0575,5
135,edge_1,edge,0.99,0.82029,41.15519,0.01,0.17971,1.2455,5
135,edge_2,edge,0.87068,0.78486,32.79411,0.12932,0.21514,1.4335,5
135,edge_3,edge,0.99,0.81588,39.08746,0.01,0.18412,1.6215,5
135,edge_4,edge,0.85718,0.83135,31.57012,0.14282,0.16865,1.8095,5
135,cloud_0,cloud,0.5239,0.49436,0.0,0.4761,0.50564,0.87,5
136,access_0,access,0.40589,0.39559,0.10307,0.59411,0.60441,0.576,5
136,access_1,access,0.42659,0.38336,0.46531,0.57341,0.61664,0.576,5
136,edge_0,edge,0.80971,0.79111,26.54308,0.19029,0.20889,1.0575,5
136,edge_1,edge,0.9437,0.72997,35.76794,0.0563,0.27003,1.2455,5
136,edge_2,edge,0.84545,0.76217,30.54889,0.15455,0.23783,1.4335,5
136,edge_3,edge,0.97291,0.75505,40.23351,0.02709,0.24495,1.6215,5
136,edge_4,edge,0.80014,0.74929,26.96442,0.19986,0.25071,1.8095,5
136,cloud_0,cloud,0.47365,0.44904,0.0,0.52635,0.55096,0.87,5
137,access_0,access,0.4284,0.3935,0.49705,0.5716,0.6065,0.576,5
137,access_1,access,0.42121,0.40301,0.37126,0.57879,0.59699,0.576,5
137,edge_0,edge,0.75663,0.70408,23.9419,0.24337,0.29592,1.0575,5
137,edge_1,edge,0.8785,0.71799,33.65369,0.1215,0.28201,1.2455,5
137,edge_2,edge,0.76796,0.692,27.37036,0.23204,0.308,1.4335,5
137,edge_3,edge,0.91065,0.73069,35.02518,0.08935,0.26931,1.6215,5
137,edge_4,edge,0.77761,0.69012,27.52054,0.22239,0.30988,1.8095,5
137,cloud_0,cloud,0.5028,0.5056,0.0,0.4972,0.4944,0.87,5
138,access_0,access,0.41261,0.38938,0.22074,0.58739,0.61062,0.576,5
138,access_1,access,0.43033,0.38193,0.53074,0.56967,0.61807,0.576,5
138,edge_0,edge,0.78524,0.72351,25.70409,0.21476,0.27649,1.0575,5
138,edge_1,edge,0.93605,0.75269,37.87906,0.06395,0.24731,1.2455,5
138,edge_2,edge,0.79812,0.75378,28.20421,0.20188,0.24622,1.4335,5
138,edge_3,edge,0.88561,0.71464,36.49934,0.11439,0.28536,1.6215,5
138,edge_4,edge,0.81228,0.6896,29.05999,0.18772,0.3104,1.8095,5
138,cloud_0,cloud,0.46756,0.49117,0.0,0.53244,0.50883,0.87,5
139,access_0,access,0.42375,0.39473,0.41566,0.57625,0.60527,0.576,5
139,access_1,access,0.41346,0.39247,0.23556,0.58654,0.60753,0.576,5
139,edge_0,edge,0.71784,0.68528,20.6431,0.28216,0.31472,1.0575,5
139,edge_1,edge,0.8656,0.68932,35.46222,0.1344,0.31068,1.2455,5
139,edge_2,edge,0.724,0.70377,22.97274,0.276,0.29623,1.4335,5
139,edge_3,edge,0.85945,0.68098,31.71132,0.14055,0.31902,1.6215,5
139,edge_4,edge,0.77187,0.65552,24.98245,0.22813,0.34448,1.8095,5
139,cloud_0,cloud,0.4863,0.50475,0.0,0.5137,0.49525,0.87,5
140,access_0,access,0.41925,0.38975,0.33687,0.58075,0.61025,0.576,5
140,access_1,access,0.39849,0.38216,0.0,0.60151,0.61784,0.576,5
140,edge_0,edge,0.7595,0.69777,26.02497,0.2405,0.30223,1.0575,5
140,edge_1,edge,0.89161,0.65469,35.39949,0.10839,0.34531,1.2455,5
140,edge_2,edge,0.71538,0.67873,21.34831,0.28462,0.32127,1.4335,5
140,edge_3,edge,0.86981,0.68036,30.33574,0.13019,0.31964,1.6215,5
140,edge_4,edge,0.77598,0.65972,25.016,0.22402,0.34028,1.8095,5
140,cloud_0,cloud,0.49398,0.48736,0.0,0.50602,0.51264,0.87,5
141,access_0,access,0.40294,0.38664,0.0514,0.59706,0.61336,0.576,5
141,access_1,access,0.40726,0.39987,0.12704,0.59274,0.60013,0.576,5
141,edge_0,edge,0.75224,0.67057,23.49517,0.24776,0.32943,1.0575,5
141,edge_1,edge,0.85587,0.69576,29.72651,0.14413,0.30424,1.2455,5
141,edge_2,edge,0.70932,0.67428,21.33902,0.29068,0.32572,1.4335,5
141,edge_3,edge,0.81188,0.67905,26.65712,0.18812,0.32095,1.6215,5
141,edge_4,edge,0.73738,0.68174,21.11753,0.26262,0.31826,1.8095,5
141,cloud_0,cloud,0.48181,0.47513,0.0,0.51819,0.52487,0.87,5
142,access_0,access,0.4465,0.38571,0.81379,0.5535,0.61429,0.576,5
142,access_1,access,0.42117,0.38401,0.37044,0.57883,0.61599,0.576,5
142,edge_0,edge,0.75142,0.71069,22.73315,0.24858,0.28931,1.0575,5
142,edge_1,edge,0.88938,0.71174,35.76818,0.11062,0.28826,1.2455,5
142,edge_2,edge,0.78535,0.75702,26.50466,0.21465,0.24298,1.4335,5
142,edge_3,edge,0.90281,0.75425,34.9853,0.09719,0.24575,1.6215,5
142,edge_4,edge,0.74934,0.76,24.50046,0.25066,0.24,1.8095,5
142,cloud_0,cloud,0.48946,0.50138,0.0,0.51054,0.49862,0.87,5
143,access_0,access,0.42668,0.37684,0.46695,0.57332,0.62316,0.576,5
143,access_1,access,0.4198,0.37837,0.34651,0.5802,0.62163,0.576,5
143,edge_0,edge,0.74315,0.74238,23.64337,0.25685,0.25762,1.0575,5
143,edge_1,edge,0.81057,0.69222,28.26544,0.18943,0.30778,1.2455,5
143,edge_2,edge,0.75846,0.68987,23.73051,0.24154,0.31013,1.4335,5
143,edge_3,edge,0.90243,0.70076,35.1248,0.09757,0.29924,1.6215,5
143,edge_4,edge,0.78276,0.71162,26.29107,0.21724,0.28838,1.8095,5
143,cloud_0,cloud,0.4459,0.49033,0.0,0.5541,0.50967,0.87,5
144,access_0,access,0.41748,0.38689,0.30591,0.58252,0.61311,0.576,5
144,access_1,access,0.40984,0.3829,0.17228,0.59016,0.6171,0.576,5
144,edge_0,edge,0.66386,0.67756,17.61694,0.33614,0.32244,1.0575,5
144,edge_1,edge,0.8349,0.65437,30.37366,0.1651,0.34563,1.2455,5
144,edge_2,edge,0.75396,0.66737,24.8762,0.24604,0.33263,1.4335,5
144,edge_3,edge,0.83725,0.69882,31.63723,0.16275,0.30118,1.6215,5
144,edge_4,edge,0.72792,0.67498,21.00033,0.27208,0.32502,1.8095,5
144,cloud_0,cloud,0.45115,0.50072,0.0,0.54885,0.49928,0.87,5
145,access_0,access,0.27554,0.27606,0.0,0.72446,0.72394,0.36,5
145,access_1,access,0.30231,0.27675,0.0,0.69769,0.72325,0.36,5
145,edge_0,edge,0.33748,0.38724,0.0,0.66252,0.61276,0.45,5
145,edge_1,edge,0.34557,0.37855,0.0,0.65443,0.62145,0.53,5
145,edge_2,edge,0.33721,0.39003,0.0,0.66279,0.60997,0.61,5
145,edge_3,edge,0.36796,0.39485,0.0,0.63204,0.60515,0.69,5
145,edge_4,edge,0.34663,0.33838,0.0,0.65337,0.66162,0.77,5
145,cloud_0,cloud,0.38276,0.4496,0.0,0.61724,0.5504,0.6,5
146,access_0,access,0.28342,0.28393,0.0,0.71658,0.71607,0.36,5
146,access_1,access,0.27234,0.2754,0.0,0.72766,0.7246,0.36,5
146,edge_0,edge,0.30618,0.30802,0.0,0.69382,0.69198,0.45,5
146,edge_1,edge,0.27832,0.34261,0.0,0.72168,0.65739,0.53,5
146,edge_2,edge,0.29499,0.34285,0.0,0.70501,0.65715,0.61,5
146,edge_3,edge,0.34631,0.35511,0.0,0.65369,0.64489,0.69,5
146,edge_4,edge,0.30257,0.34129,0.0,0.69743,0.65871,0.77,5
146,cloud_0,cloud,0.40476,0.46608,0.0,0.59524,0.53392,0.6,5
147,access_0,access,0.27419,0.30064,0.0,0.72581,0.69936,0.36,5
147,access_1,access,0.2939,0.26808,0.0,0.7061,0.73192,0.36,5
147,edge_0,edge,0.37414,0.35195,0.0,0.62586,0.64805,0.45,5
147,edge_1,edge,0.3239,0.35649,0.0,0.6761,0.64351,0.53,5
147,edge_2,edge,0.32329,0.33752,0.0,0.67671,0.66248,0.61,5
147,edge_3,edge,0.35295,0.30855,0.0,0.64705,0.69145,0.69,5
147,edge_4,edge,0.28786,0.32789,0.0,0.71214,0.67211,0.77,5
147,cloud_0,cloud,0.40433,0.43278,0.0,0.59567,0.56722,0.6,5
148,access_0,access,0.29346,0.28245,0.0,0.70654,0.71755,0.36,5
148,access_1,access,0.28764,0.27999,0.0,0.71236,0.72001,0.36,5
148,edge_0,edge,0.23529,0.33407,0.0,0.76471,0.66593,0.45,5
148,edge_1,edge,0.31388,0.33263,0.0,0.68612,0.66737,0.53,5
148,edge_2,edge,0.29036,0.3152,0.0,0.70964,0.6848,0.61,5
148,edge_3,edge,0.26411,0.35143,0.0,0.73589,0.64857,0.69,5
148,edge_4,edge,0.25091,0.30365,0.0,0.74909,0.69635,0.77,5
148,cloud_0,cloud,0.40641,0.43074,0.0,0.59359,0.56926,0.6,5
149,access_0,access,0.27676,0.28051,0.0,0.72324,0.71949,0.36,5
149,access_1,access,0.28517,0.27942,0.0,0.71483,0.72058,0.36,5
149,edge_0,edge,0.31627,0.35465,0.0,0.68373,0.64535,0.45,5
149,edge_1,edge,0.30455,0.35034,0.0,0.69545,0.64966,0.53,5
149,edge_2,edge,0.32217,0.32596,0.0,0.67783,0.67404,0.61,5
149,edge_3,edge,0.36387,0.31655,0.0,0.63613,0.68345,0.69,5
149,edge_4,edge,0.30633,0.34105,0.0,0.69367,0.65895,0.77,5
149,cloud_0,cloud,0.39555,0.42849,0.0,0.60445,0.57151,0.6,5
150,access_0,access,0.25847,0.29387,0.0,0.74153,0.70613,0.36,5
150,access_1,access,0.26587,0.26254,0.0,0.73413,0.73746,0.36,5
150,edge_0,edge,0.32356,0.32889,0.0,0.67644,0.67111,0.45,5
150,edge_1,edge,0.29393,0.30126,0.0,0.70607,0.69874,0.53,5
150,edge_2,edge,0.32151,0.32382,0.0,0.67849,0.67618,0.61,5
150,edge_3,edge,0.30151,0.28211,0.0,0.69849,0.71789,0.69,5
150,edge_4,edge,0.26586,0.32173,0.0,0.73414,0.67827,0.77,5
150,cloud_0,cloud,0.38685,0.44542,0.0,0.61315,0.55458,0.6,5
151,access_0,access,0.29407,0.2734,0.0,0.70593,0.7266,0.36,5
151,access_1,access,0.26658,0.27325,0.0,0.73342,0.72675,0.36,5
151,edge_0,edge,0.33158,0.34775,0.0,0.66842,0.65225,0.45,5
151,edge_1,edge,0.35135,0.3453,0.0,0.64865,0.6547,0.53,5
151,edge_2,edge,0.28309,0.35011,0.0,0.71691,0.64989,0.61,5
151,edge_3,edge,0.28533,0.37654,0.0,0.71467,0.62346,0.69,5
151,edge_4,edge,0.34467,0.30176,0.0,0.65533,0.69824,0.77,5
151,cloud_0,cloud,0.3903,0.42368,0.0,0.6097,0.57632,0.6,5
152,access_0,access,0.269,0.28314,0.0,0.731,0.71686,0.36,5
152,access_1,access,0.28708,0.29422,0.0,0.71292,0.70578,0.36,5
152,edge_0,edge,0.40818,0.43016,0.0,0.59182,0.56984,0.45,5
152,edge_1,edge,0.38033,0.43213,0.0,0.61967,0.56787,0.53,5
152,edge_2,edge,0.40001,0.43309,0.0,0.59999,0.56691,0.61,5
152,edge_3,edge,0.4096,0.47282,0.0,0.5904,0.52718,0.69,5
152,edge_4,edge,0.40684,0.44742,0.0,0.59316,0.55258,0.77,5
152,cloud_0,cloud,0.41476,0.47127,0.0,0.58524,0.52873,0.6,5
153,access_0,access,0.2915,0.2607,0.0,0.7085,0.7393,0.36,5
153,access_1,access,0.27212,0.2874,0.0,0.72788,0.7126,0.36,5
153,edge_0,edge,0.33223,0.37798,0.0,0.66777,0.62202,0.45,5
153,edge_1,edge,0.35555,0.41378,0.0,0.64445,0.58622,0.53,5
153,edge_2,edge,0.33672,0.34734,0.0,0.66328,0.65266,0.61,5
153,edge_3,edge,0.31474,0.40947,0.0,0.68526,0.59053,0.69,5
153,edge_4,edge,0.35724,0.41178,0.0,0.64276,0.58822,0.77,5
153,cloud_0,cloud,0.41718,0.44083,0.0,0.58282,0.55917,0.6,5
154,access_0,access,0.28729,0.26839,0.0,0.71271,0.73161,0.36,5
154,access_1,access,0.28974,0.27633,0.0,0.71026,0.72367,0.36,5
154,edge_0,edge,0.3617,0.36443,0.0,0.6383,0.63557,0.45,5
154,edge_1,edge,0.36571,0.35816,0.0,0.63429,0.64184,0.53,5
154,edge_2,edge,0.34232,0.3586,0.0,0.65768,0.6414,0.61,5
154,edge_3,edge,0.33469,0.31253,0.0,0.66531,0.68747,0.69,5
154,edge_4,edge,0.37894,0.36079,0.0,0.62106,0.63921,0.77,5
154,cloud_0,cloud,0.39992,0.45257,0.0,0.60008,0.54743,0.6,5
155,access_0,access,0.28131,0.27281,0.0,0.71869,0.72719,0.36,5
155,access_1,access,0.28834,0.2976,0.0,0.71166,0.7024,0.36,5
155,edge_0,edge,0.43534,0.41588,0.0,0.56466,0.58412,0.45,5
155,edge_1,edge,0.37948,0.38167,0.0,0.62052,0.61833,0.53,5
155,edge_2,edge,0.40001,0.38476,0.0,0.59999,0.61524,0.61,5
155,edge_3,edge,0.35528,0.37531,0.0,0.64472,0.62469,0.69,5
155,edge_4,edge,0.3279,0.41246,0.0,0.6721,0.58754,0.77,5
155,cloud_0,cloud,0.41835,0.45972,0.0,0.58165,0.54028,0.6,5
156,access_0,access,0.26604,0.26386,0.0,0.73396,0.73614,0.36,5
156,access_1,access,0.28235,0.28016,0.0,0.71765,0.71984,0.36,5
156,edge_0,edge,0.44099,0.38007,0.0,0.55901,0.61993,0.45,5
156,edge_1,edge,0.39992,0.38621,0.0,0.60008,0.61379,0.53,5
156,edge_2,edge,0.40581,0.44465,0.0,0.59419,0.55535,0.61,5
156,edge_3,edge,0.34938,0.39288,0.0,0.65062,0.60712,0.69,5
156,edge_4,edge,0.43968,0.40809,0.0,0.56032,0.59191,0.77,5
156,cloud_0,cloud,0.41204,0.44822,0.0,0.58796,0.55178,0.6,5
157,access_0,access,0.27903,0.28345,0.0,0.72097,0.71655,0.36,5
157,access_1,access,0.2571,0.28435,0.0,0.7429,0.71565,0.36,5
157,edge_0,edge,0.43699,0.45975,0.0,0.56301,0.54025,0.45,5
157,edge_1,edge,0.42192,0.39062,0.0,0.57808,0.60938,0.53,5
157,edge_2,edge,0.40538,0.4016,0.0,0.59462,0.5984,0.61,5
157,edge_3,edge,0.41777,0.41596,0.0,0.58223,0.58404,0.69,5
157,edge_4,edge,0.41409,0.39075,0.0,0.58591,0.60925,0.77,5
157,cloud_0,cloud,0.42183,0.44629,0.0,0.57817,0.55371,0.6,5
158,access_0,access,0.27752,0.27158,0.0,0.72248,0.72842,0.36,5
158,access_1,access,0.27143,0.30758,0.0,0.72857,0.69242,0.36,5
158,edge_0,edge,0.38912,0.40564,0.0,0.61088,0.59436,0.45,5
158,edge_1,edge,0.409,0.39604,0.0,0.591,0.60396,0.53,5
158,edge_2,edge,0.41011,0.39428,0.0,0.58989,0.60572,0.61,5
158,edge_3,edge,0.38864,0.39306,0.0,0.61136,0.60694,0.69,5
158,edge_4,edge,0.35577,0.39601,0.0,0.64423,0.60399,0.77,5
158,cloud_0,cloud,0.42827,0.45643,0.0,0.57173,0.54357,0.6,5
159,access_0,access,0.28646,0.26912,0.0,0.71354,0.73088,0.36,5
159,access_1,access,0.26406,0.27973,0.0,0.73594,0.72027,0.36,5
159,edge_0,edge,0.44222,0.44819,0.0,0.55778,0.55181,0.45,5
159,edge_1,edge,0.45246,0.43838,0.0,0.54754,0.56162,0.53,5
159,edge_2,edge,0.41282,0.45411,0.0,0.58718,0.54589,0.61,5
159,edge_3,edge,0.47015,0.43611,0.0,0.52985,0.56389,0.69,5
159,edge_4,edge,0.43694,0.44571,0.0,0.56306,0.55429,0.77,5
159,cloud_0,cloud,0.40837,0.44535,0.0,0.59163,0.55465,0.6,5
160,access_0,access,0.27377,0.29621,0.0,0.72623,0.70379,0.36,5
160,access_1,access,0.27839,0.27438,0.0,0.72161,0.72562,0.36,5
160,edge_0,edge,0.45493,0.46405,0.0,0.54507,0.53595,0.45,5
160,edge_1,edge,0.43851,0.5026,0.0,0.56149,0.4974,0.53,5
160,edge_2,edge,0.50602,0.45851,0.0,0.49398,0.54149,0.61,5
160,edge_3,edge,0.51096,0.47254,2.68703,0.48904,0.52746,0.69,5
160,edge_4,edge,0.46087,0.46677,0.0,0.53913,0.53323,0.77,5
160,cloud_0,cloud,0.41811,0.44991,0.0,0.58189,0.55009,0.6,5
161,access_0,access,0.28953,0.28827,0.0,0.71047,0.71173,0.36,5
161,access_1,access,0.2814,0.28442,0.0,0.7186,0.71558,0.36,5
161,edge_0,edge,0.4955,0.46097,0.0,0.5045,0.53903,0.45,5
161,edge_1,edge,0.44475,0.48119,0.0,0.55525,0.51881,0.53,5
161,edge_2,edge,0.41282,0.48849,0.0,0.58718,0.51151,0.61,5
161,edge_3,edge,0.46408,0.49266,0.0,0.53592,0.50734,0.69,5
161,edge_4,edge,0.43761,0.46855,0.0,0.56239,0.53145,0.77,5
161,cloud_0,cloud,0.41679,0.47902,0.0,0.58321,0.52098,0.6,5
162,access_0,access,0.28561,0.28059,0.0,0.71439,0.71941,0.36,5
162,access_1,access,0.28182,0.29885,0.0,0.71818,0.70115,0.36,5
162,edge_0,edge,0.42245,0.42171,0.0,0.57755,0.57829,0.45,5
162,edge_1,edge,0.45444,0.42018,0.0,0.54556,0.57982,0.53,5
162,edge_2,edge,0.45047,0.44817,0.0,0.54953,0.55183,0.61,5
162,edge_3,edge,0.46716,0.45557,0.0,0.53284,0.54443,0.69,5
162,edge_4,edge,0.46379,0.4615,0.0,0.53621,0.5385,0.77,5
162,cloud_0,cloud,0.41745,0.4614,0.0,0.58255,0.5386,0.6,5
163,access_0,access,0.2878,0.28091,0.0,0.7122,0.71909,0.36,5
163,access_1,access,0.28563,0.29974,0.0,0.71437,0.70026,0.36,5
163,edge_0,edge,0.51631,0.54931,0.93669,0.48369,0.45069,0.45,5
163,edge_1,edge,0.53671,0.52462,0.52409,0.46329,0.47538,0.53,5
163,edge_2,edge,0.54213,0.51428,3.17676,0.45787,0.48572,0.61,5
163,edge_3,edge,0.52506,0.51549,2.93404,0.47494,0.48451,0.69,5
163,edge_4,edge,0.53129,0.52012,2.62256,0.46871,0.47988,0.77,5
163,cloud_0,cloud,0.41762,0.46257,0.0,0.58238,0.53743,0.6,5
164,access_0,access,0.28283,0.27622,0.0,0.71717,0.72378,0.36,5
164,access_1,access,0.27824,0.27168,0.0,0.72176,0.72832,0.36,5
164,edge_0,edge,0.50188,0.52855,0.0,0.49812,0.47145,0.45,5
164,edge_1,edge,0.56497,0.54696,3.6091,0.43503,0.45304,0.53,5
164,edge_2,edge,0.51806,0.56067,1.89209,0.48194,0.43933,0.61,5
164,edge_3,edge,0.51755,0.55778,0.71951,0.48245,0.44222,0.69,5
164,edge_4,edge,0.53145,0.57526,1.71794,0.46855,0.42474,0.77,5
164,cloud_0,cloud,0.43118,0.5015,0.0,0.56882,0.4985,0.6,5
165,access_0,access,0.38031,0.35335,0.0,0.61969,0.64665,0.496,5
165,access_1,access,0.36914,0.34011,0.0,0.63086,0.65989,0.496,5
165,edge_0,edge,0.74677,0.72586,22.70182,0.25323,0.27414,0.8325,5
165,edge_1,edge,0.85825,0.73752,27.83306,0.14175,0.26248,0.9805,5
165,edge_2,edge,0.75854,0.7397,22.88137,0.24146,0.2603,1.1285,5
165,edge_3,edge,0.88341,0.76463,28.26798,0.11659,0.23537,1.2765,5
165,edge_4,edge,0.78402,0.74293,22.68302,0.21598,0.25707,1.4245,5
165,cloud_0,cloud,0.45819,0.51193,0.0,0.54181,0.48807,0.77,5
166,access_0,access,0.35243,0.3442,0.0,0.64757,0.6558,0.496,5
166,access_1,access,0.35752,0.34634,0.0,0.64248,0.65366,0.496,5
166,edge_0,edge,0.84656,0.74389,26.70334,0.15344,0.25611,0.8325,5
166,edge_1,edge,0.96318,0.77559,35.94872,0.03682,0.22441,0.9805,5
166,edge_2,edge,0.762,0.75551,21.51889,0.238,0.24449,1.1285,5
166,edge_3,edge,0.90886,0.77983,33.54824,0.09114,0.22017,1.2765,5
166,edge_4,edge,0.83021,0.75989,26.5785,0.16979,0.24011,1.4245,5
166,cloud_0,cloud,0.46694,0.49007,0.0,0.53306,0.50993,0.77,5
167,access_0,access,0.35628,0.35166,0.0,0.64372,0.64834,0.496,5
167,access_1,access,0.36088,0.35243,0.0,0.63912,0.64757,0.496,5
167,edge_0,edge,0.79091,0.71922,25.94489,0.20909,0.28078,0.8325,5
167,edge_1,edge,0.94864,0.70347,34.31681,0.05136,0.29653,0.9805,5
167,edge_2,edge,0.78258,0.71443,24.79554,0.21742,0.28557,1.1285,5
167,edge_3,edge,0.95494,0.71823,37.49556,0.04506,0.28177,1.2765,5
167,edge_4,edge,0.79882,0.70318,23.95486,0.20118,0.29682,1.4245,5
167,cloud_0,cloud,0.49398,0.50253,0.0,0.50602,0.49747,0.77,5
168,access_0,access,0.35216,0.349,0.0,0.64784,0.651,0.496,5
168,access_1,access,0.35665,0.35482,0.0,0.64335,0.64518,0.496,5
168,edge_0,edge,0.84192,0.76727,27.20903,0.15808,0.23273,0.8325,5
168,edge_1,edge,0.95548,0.79871,35.29544,0.04452,0.20129,0.9805,5
168,edge_2,edge,0.81589,0.77043,25.96348,0.18411,0.22957,1.1285,5
168,edge_3,edge,0.95898,0.78222,36.09038,0.04102,0.21778,1.2765,5
168,edge_4,edge,0.80611,0.79535,25.24415,0.19389,0.20465,1.4245,5
168,cloud_0,cloud,0.48455,0.48615,0.0,0.51545,0.51385,0.77,5
169,access_0,access,0.35585,0.36327,0.0,0.64415,0.63673,0.496,5
169,access_1,access,0.34924,0.33116,0.0,0.65076,0.66884,0.496,5
169,edge_0,edge,0.799,0.74487,25.60249,0.201,0.25513,0.8325,5
169,edge_1,edge,0.92863,0.74181,30.97122,0.07137,0.25819,0.9805,5
169,edge_2,edge,0.77407,0.75361,23.24893,0.22593,0.24639,1.1285,5
169,edge_3,edge,0.89708,0.73085,32.8368,0.10292,0.26915,1.2765,5
169,edge_4,edge,0.84483,0.75193,29.34308,0.15517,0.24807,1.4245,5
169,cloud_0,cloud,0.4846,0.47651,0.0,0.5154,0.52349,0.77,5
170,access_0,access,0.35868,0.35174,0.0,0.64132,0.64826,0.496,5
170,access_1,access,0.36338,0.341,0.0,0.63662,0.659,0.496,5
170,edge_0,edge,0.85005,0.7615,29.23679,0.14995,0.2385,0.8325,5
170,edge_1,edge,0.94641,0.77985,35.68118,0.05359,0.22015,0.9805,5
170,edge_2,edge,0.83647,0.83181,29.12141,0.16353,0.16819,1.1285,5
170,edge_3,edge,0.94186,0.79148,32.94625,0.05814,0.20852,1.2765,5
170,edge_4,edge,0.81416,0.7983,27.4897,0.18584,0.2017,1.4245,5
170,cloud_0,cloud,0.49699,0.505,0.0,0.50301,0.495,0.77,5
171,access_0,access,0.34633,0.3541,0.0,0.65367,0.6459,0.496,5
171,access_1,access,0.35263,0.33564,0.0,0.64737,0.66436,0.496,5
171,edge_0,edge,0.73601,0.7164,20.82016,0.26399,0.2836,0.8325,5
171,edge_1,edge,0.90423,0.73961,30.16964,0.09577,0.26039,0.9805,5
171,edge_2,edge,0.82298,0.7436,26.62548,0.17702,0.2564,1.1285,5
171,edge_3,edge,0.91079,0.74376,31.78861,0.08921,0.25624,1.2765,5
171,edge_4,edge,0.84639,0.7563,28.24247,0.15361,0.2437,1.4245,5
171,cloud_0,cloud,0.49369,0.46961,0.0,0.50631,0.53039,0.77,5
172,access_0,access,0.3669,0.34607,0.0,0.6331,0.65393,0.496,5
172,access_1,access,0.36433,0.34036,0.0,0.63567,0.65964,0.496,5
172,edge_0,edge,0.86782,0.80548,31.13919,0.13218,0.19452,0.8325,5
172,edge_1,edge,0.97377,0.81185,36.90225,0.02623,0.18815,0.9805,5
172,edge_2,edge,0.83387,0.7573,27.30698,0.16613,0.2427,1.1285,5
172,edge_3,edge,0.97903,0.78603,35.58064,0.02097,0.21397,1.2765,5
172,edge_4,edge,0.88433,0.80357,29.95486,0.11567,0.19643,1.4245,5
172,cloud_0,cloud,0.48576,0.47792,0.0,0.51424,0.52208,0.77,5
173,access_0,access,0.36279,0.34082,0.0,0.63721,0.65918,0.496,5
173,access_1,access,0.37769,0.33553,0.0,0.62231,0.66447,0.496,5
173,edge_0,edge,0.86473,0.83926,28.46256,0.13527,0.16074,0.8325,5
173,edge_1,edge,0.97367,0.78087,36.12273,0.02633,0.21913,0.9805,5
173,edge_2,edge,0.86391,0.79214,30.01199,0.13609,0.20786,1.1285,5
173,edge_3,edge,0.99,0.7545,36.96624,0.01,0.2455,1.2765,5
173,edge_4,edge,0.8411,0.79701,27.23205,0.1589,0.20299,1.4245,5
173,cloud_0,cloud,0.52223,0.50842,0.0,0.47777,0.49158,0.77,5
174,access_0,access,0.34449,0.35332,0.0,0.65551,0.64668,0.496,5
174,access_1,access,0.36364,0.36647,0.0,0.63636,0.63353,0.496,5
174,edge_0,edge,0.82352,0.79029,26.01347,0.17648,0.20971,0.8325,5
174,edge_1,edge,0.99,0.82191,38.28538,0.01,0.17809,0.9805,5
174,edge_2,edge,0.8757,0.78664,30.88856,0.1243,0.21336,1.1285,5
174,edge_3,edge,0.96189,0.8087,35.95404,0.03811,0.1913,1.2765,5
174,edge_4,edge,0.86241,0.79738,28.35262,0.13759,0.20262,1.4245,5
174,cloud_0,cloud,0.48156,0.47458,0.0,0.51844,0.52542,0.77,5
175,access_0,access,0.36182,0.35328,0.0,0.63818,0.64672,0.496,5
175,access_1,access,0.36778,0.3773,0.0,0.63222,0.6227,0.496,5
175,edge_0,edge,0.84129,0.79616,26.23773,0.15871,0.20384,0.8325,5
175,edge_1,edge,0.97454,0.79054,37.1614,0.02546,0.20946,0.9805,5
175,edge_2,edge,0.80715,0.77369,25.81625,0.19285,0.22631,1.1285,5
175,edge_3,edge,0.97797,0.80871,37.34489,0.02203,0.19129,1.2765,5
175,edge_4,edge,0.88873,0.81084,29.96612,0.11127,0.18916,1.4245,5
175,cloud_0,cloud,0.49137,0.50021,0.0,0.50863,0.49979,0.77,5
176,access_0,access,0.36347,0.33316,0.0,0.63653,0.66684,0.496,5
176,access_1,access,0.37718,0.377,0.0,0.62282,0.623,0.496,5
176,edge_0,edge,0.82418,0.79757,27.08577,0.17582,0.20243,0.8325,5
176,edge_1,edge,0.97523,0.7937,34.22373,0.02477,0.2063,0.9805,5
176,edge_2,edge,0.84798,0.7912,27.46791,0.15202,0.2088,1.1285,5
176,edge_3,edge,0.99,0.80429,36.85028,0.01,0.19571,1.2765,5
176,edge_4,edge,0.89722,0.7831,32.03013,0.10278,0.2169,1.4245,5
176,cloud_0,cloud,0.49837,0.47955,0.0,0.50163,0.52045,0.77,5
177,access_0,access,0.36399,0.31137,0.0,0.63601,0.68863,0.496,5
177,access_1,access,0.36177,0.35531,0.0,0.63823,0.64469,0.496,5
177,edge_0,edge,0.81519,0.77363,25.21481,0.18481,0.22637,0.8325,5
177,edge_1,edge,0.97487,0.72925,37.88375,0.02513,0.27075,0.9805,5
177,edge_2,edge,0.84721,0.71202,27.62717,0.15279,0.28798,1.1285,5
177,edge_3,edge,0.9506,0.73243,35.66558,0.0494,0.26757,1.2765,5
177,edge_4,edge,0.78282,0.73442,21.62095,0.21718,0.26558,1.4245,5
177,cloud_0,cloud,0.48032,0.50748,0.0,0.51968,0.49252,0.77,5
178,access_0,access,0.28874,0.28139,0.0,0.71126,0.71861,0.36,5
178,access_1,access,0.2886,0.28128,0.0,0.7114,0.71872,0.36,5
178,edge_0,edge,0.63734,0.53152,10.2864,0.36266,0.46848,0.45,5
178,edge_1,edge,0.64985,0.58716,10.06492,0.35015,0.41284,0.53,5
178,edge_2,edge,0.61423,0.53093,7.38995,0.38577,0.46907,0.61,5
178,edge_3,edge,0.58651,0.56977,7.00811,0.41349,0.43023,0.69,5
178,edge_4,edge,0.63415,0.53151,10.21174,0.36585,0.46849,0.77,5
178,cloud_0,cloud,0.42659,0.45886,0.0,0.57341,0.54114,0.6,5
179,access_0,access,0.28785,0.28403,0.0,0.71215,0.71597,0.36,5
179,access_1,access,0.27274,0.26826,0.0,0.72726,0.73174,0.36,5
179,edge_0,edge,0.58334,0.52127,6.58696,0.41666,0.47873,0.45,5
179,edge_1,edge,0.60806,0.57955,5.11816,0.39194,0.42045,0.53,5
179,edge_2,edge,0.58586,0.58436,6.25971,0.41414,0.41564,0.61,5
179,edge_3,edge,0.61424,0.5611,8.07849,0.38576,0.4389,0.69,5
179,edge_4,edge,0.58519,0.58522,5.80315,0.41481,0.41478,0.77,5
179,cloud_0,cloud,0.45659,0.45535,0.0,0.54341,0.54465,0.6,5
180,access_0,access,0.29075,0.27671,0.0,0.70925,0.72329,0.36,5
180,access_1,access,0.26488,0.28322,0.0,0.73512,0.71678,0.36,5
180,edge_0,edge,0.52399,0.5127,2.24882,0.47601,0.4873,0.45,5
180,edge_1,edge,0.5164,0.53977,0.57928,0.4836,0.46023,0.53,5
180,edge_2,edge,0.50533,0.51316,0.30219,0.49467,0.48684,0.61,5
180,edge_3,edge,0.50869,0.51614,0.97377,0.49131,0.48386,0.69,5
180,edge_4,edge,0.48793,0.50114,0.0,0.51207,0.49886,0.77,5
180,cloud_0,cloud,0.40898,0.46744,0.0,0.59102,0.53256,0.6,5
181,access_0,access,0.27745,0.26795,0.0,0.72255,0.73205,0.36,5
181,access_1,access,0.27226,0.28381,0.0,0.72774,0.71619,0.36,5
181,edge_0,edge,0.58422,0.55063,7.24118,0.41578,0.44937,0.45,5
181,edge_1,edge,0.59277,0.56542,5.34969,0.40723,0.43458,0.53,5
181,edge_2,edge,0.57588,0.57105,5.67821,0.42412,0.42895,0.61,5
181,edge_3,edge,0.53811,0.57764,2.22117,0.46189,0.42236,0.69,5
181,edge_4,edge,0.58059,0.56111,5.32772,0.41941,0.43889,0.77,5
181,cloud_0,cloud,0.47317,0.49096,0.0,0.52683,0.50904,0.6,5
182,access_0,access,0.28318,0.28994,0.0,0.71682,0.71006,0.36,5
182,access_1,access,0.28468,0.27292,0.0,0.71532,0.72708,0.36,5
182,edge_0,edge,0.53015,0.46833,1.39048,0.46985,0.53167,0.45,5
182,edge_1,edge,0.58027,0.49572,4.32877,0.41973,0.50428,0.53,5
182,edge_2,edge,0.53404,0.47453,3.1176,0.46596,0.52547,0.61,5
182,edge_3,edge,0.52148,0.44695,0.96819,0.47852,0.55305,0.69,5
182,edge_4,edge,0.52131,0.47723,0.96811,0.47869,0.52277,0.77,5
182,cloud_0,cloud,0.44942,0.43947,0.0,0.55058,0.56053,0.6,5
183,access_0,access,0.28354,0.28564,0.0,0.71646,0.71436,0.36,5
183,access_1,access,0.26483,0.26598,0.0,0.73517,0.73402,0.36,5
183,edge_0,edge,0.4859,0.48622,0.0,0.5141,0.51378,0.45,5
183,edge_1,edge,0.46535,0.50099,0.0,0.53465,0.49901,0.53,5
183,edge_2,edge,0.46714,0.46388,0.0,0.53286,0.53612,0.61,5
183,edge_3,edge,0.44126,0.49746,0.0,0.55874,0.50254,0.69,5
183,edge_4,edge,0.50894,0.51509,0.0,0.49106,0.48491,0.77,5
183,cloud_0,cloud,0.46352,0.43954,0.0,0.53648,0.56046,0.6,5
184,access_0,access,0.26454,0.27663,0.0,0.73546,0.72337,0.36,5
184,access_1,access,0.2835,0.2645,0.0,0.7165,0.7355,0.36,5
184,edge_0,edge,0.58041,0.51331,4.19425,0.41959,0.48669,0.45,5
184,edge_1,edge,0.53996,0.54257,0.78706,0.46004,0.45743,0.53,5
184,edge_2,edge,0.55577,0.51885,3.43491,0.44423,0.48115,0.61,5
184,edge_3,edge,0.51966,0.57273,0.63594,0.48034,0.42727,0.69,5
184,edge_4,edge,0.55592,0.53156,3.51716,0.44408,0.46844,0.77,5
184,cloud_0,cloud,0.4331,0.46957,0.0,0.5669,0.53043,0.6,5
185,access_0,access,0.29641,0.28061,0.0,0.70359,0.71939,0.36,5
185,access_1,access,0.24093,0.26993,0.0,0.75907,0.73007,0.36,5
185,edge_0,edge,0.47398,0.51427,0.0,0.52602,0.48573,0.45,5
185,edge_1,edge,0.54786,0.47524,2.17251,0.45214,0.52476,0.53,5
185,edge_2,edge,0.48042,0.52806,0.0,0.51958,0.47194,0.61,5
185,edge_3,edge,0.47686,0.51888,0.0,0.52314,0.48112,0.69,5
185,edge_4,edge,0.46236,0.49119,0.0,0.53764,0.50881,0.77,5
185,cloud_0,cloud,0.43337,0.45522,0.0,0.56663,0.54478,0.6,5
186,access_0,access,0.27637,0.28878,0.0,0.72363,0.71122,0.36,5
186,access_1,access,0.27002,0.29221,0.0,0.72998,0.70779,0.36,5
186,edge_0,edge,0.43635,0.50078,0.0,0.56365,0.49922,0.45,5
186,edge_1,edge,0.41193,0.4558,0.0,0.58807,0.5442,0.53,5
186,edge_2,edge,0.45541,0.46314,0.0,0.54459,0.53686,0.61,5
186,edge_3,edge,0.4453,0.49336,0.0,0.5547,0.50664,0.69,5
186,edge_4,edge,0.5167,0.47141,2.33532,0.4833,0.52859,0.77,5
186,cloud_0,cloud,0.41654,0.45606,0.0,0.58346,0.54394,0.6,5
187,access_0,access,0.2786,0.28208,0.0,0.7214,0.71792,0.36,5
187,access_1,access,0.28453,0.2723,0.0,0.71547,0.7277,0.36,5
187,edge_0,edge,0.46719,0.442,0.0,0.53281,0.558,0.45,5
187,edge_1,edge,0.46419,0.4536,0.0,0.53581,0.5464,0.53,5
187,edge_2,edge,0.44271,0.4475,0.0,0.55729,0.5525,0.61,5
187,edge_3,edge,0.45727,0.4609,0.0,0.54273,0.5391,0.69,5
187,edge_4,edge,0.39653,0.42489,0.0,0.60347,0.57511,0.77,5
187,cloud_0,cloud,0.41492,0.44722,0.0,0.58508,0.55278,0.6,5
188,access_0,access,0.28966,0.28606,0.0,0.71034,0.71394,0.36,5
188,access_1,access,0.27621,0.27772,0.0,0.72379,0.72228,0.36,5
188,edge_0,edge,0.45057,0.43809,0.0,0.54943,0.56191,0.45,5
188,edge_1,edge,0.39472,0.45699,0.0,0.60528,0.54301,0.53,5
188,edge_2,edge,0.42822,0.44709,0.0,0.57178,0.55291,0.61,5
188,edge_3,edge,0.44385,0.4599,0.0,0.55615,0.5401,0.69,5
188,edge_4,edge,0.40147,0.42767,0.0,0.59853,0.57233,0.77,5
188,cloud_0,cloud,0.4282,0.4453,0.0,0.5718,0.5547,0.6,5
189,access_0,access,0.26017,0.27959,0.0,0.73983,0.72041,0.36,5
189,access_1,access,0.2677,0.27682,0.0,0.7323,0.72318,0.36,5
189,edge_0,edge,0.46279,0.45122,0.0,0.53721,0.54878,0.45,5
189,edge_1,edge,0.43627,0.48199,0.0,0.56373,0.51801,0.53,5
189,edge_2,edge,0.4625,0.43368,0.0,0.5375,0.56632,0.61,5
189,edge_3,edge,0.4711,0.44075,0.0,0.5289,0.55925,0.69,5
189,edge_4,edge,0.43626,0.46051,0.0,0.56374,0.53949,0.77,5
189,cloud_0,cloud,0.42088,0.46537,0.0,0.57912,0.53463,0.6,5
190,access_0,access,0.2909,0.28625,0.0,0.7091,0.71375,0.36,5
190,access_1,access,0.28339,0.27145,0.0,0.71661,0.72855,0.36,5
190,edge_0,edge,0.41061,0.40228,0.0,0.58939,0.59772,0.45,5
190,edge_1,edge,0.36349,0.4075,0.0,0.63651,0.5925,0.53,5
190,edge_2,edge,0.39672,0.36031,0.0,0.60328,0.63969,0.61,5
190,edge_3,edge,0.40621,0.3606,0.0,0.59379,0.6394,0.69,5
190,edge_4,edge,0.41355,0.41306,0.0,0.58645,0.58694,0.77,5
190,cloud_0,cloud,0.40193,0.43445,0.0,0.59807,0.56555,0.6,5
191,access_0,access,0.26356,0.2812,0.0,0.73644,0.7188,0.36,5
191,access_1,access,0.28846,0.25816,0.0,0.71154,0.74184,0.36,5
191,edge_0,edge,0.44573,0.43056,0.0,0.55427,0.56944,0.45,5
191,edge_1,edge,0.4302,0.45228,0.0,0.5698,0.54772,0.53,5
191,edge_2,edge,0.37223,0.38348,0.0,0.62777,0.61652,0.61,5
191,edge_3,edge,0.44762,0.41098,0.0,0.55238,0.58902,0.69,5
191,edge_4,edge,0.4245,0.38155,0.0,0.5755,0.61845,0.77,5
191,cloud_0,cloud,0.43841,0.45663,0.0,0.56159,0.54337,0.6,5
192,access_0,access,0.27779,0.28735,0.0,0.72221,0.71265,0.36,5
192,access_1,access,0.29831,0.26999,0.0,0.70169,0.73001,0.36,5
192,edge_0,edge,0.37673,0.41777,0.0,0.62327,0.58223,0.45,5
192,edge_1,edge,0.40293,0.38022,0.0,0.59707,0.61978,0.53,5
192,edge_2,edge,0.36771,0.38834,0.0,0.63229,0.61166,0.61,5
192,edge_3,edge,0.38875,0.41909,0.0,0.61125,0.58091,0.69,5
192,edge_4,edge,0.39048,0.42938,0.0,0.60952,0.57062,0.77,5
192,cloud_0,cloud,0.43331,0.4245,0.0,0.56669,0.5755,0.6,5
193,access_0,access,0.2736,0.28212,0.0,0.7264,0.71788,0.36,5
193,access_1,access,0.28393,0.28409,0.0,0.71607,0.71591,0.36,5
193,edge_0,edge,0.39881,0.42489,0.0,0.60119,0.57511,0.45,5
193,edge_1,edge,0.34456,0.38729,0.0,0.65544,0.61271,0.53,5
193,edge_2,edge,0.37601,0.39459,0.0,0.62399,0.60541,0.61,5
193,edge_3,edge,0.3569,0.37452,0.0,0.6431,0.62548,0.69,5
193,edge_4,edge,0.39506,0.39861,0.0,0.60494,0.60139,0.77,5
193,cloud_0,cloud,0.41059,0.44482,0.0,0.58941,0.55518,0.6,5
194,access_0,access,0.282,0.27188,0.0,0.718,0.72812,0.36,5
194,access_1,access,0.27831,0.27777,0.0,0.72169,0.72223,0.36,5
194,edge_0,edge,0.34725,0.42128,0.0,0.65275,0.57872,0.45,5
194,edge_1,edge,0.38586,0.43194,0.0,0.61414,0.56806,0.53,5
194,edge_2,edge,0.39356,0.37392,0.0,0.60644,0.62608,0.61,5
194,edge_3,edge,0.37857,0.3929,0.0,0.62143,0.6071,0.69,5
194,edge_4,edge,0.38259,0.39153,0.0,0.61741,0.60847,0.77,5
194,cloud_0,cloud,0.38984,0.43494,0.0,0.61016,0.56506,0.6,5
195,access_0,access,0.26641,0.27018,0.0,0.73359,0.72982,0.36,5
195,access_1,access,0.29032,0.27636,0.0,0.70968,0.72364,0.36,5
195,edge_0,edge,0.35292,0.36607,0.0,0.64708,0.63393,0.45,5
195,edge_1,edge,0.34269,0.3368,0.0,0.65731,0.6632,0.53,5
195,edge_2,edge,0.30711,0.38051,0.0,0.69289,0.61949,0.61,5
195,edge_3,edge,0.34668,0.35036,0.0,0.65332,0.64964,0.69,5
195,edge_4,edge,0.32437,0.36388,0.0,0.67563,0.63612,0.77,5
195,cloud_0,cloud,0.37937,0.45726,0.0,0.62063,0.54274,0.6,5
196,access_0,access,0.27419,0.27958,0.0,0.72581,0.72042,0.36,5
196,access_1,access,0.27481,0.28733,0.0,0.72519,0.71267,0.36,5
196,edge_0,edge,0.37711,0.36921,0.0,0.62289,0.63079,0.45,5
196,edge_1,edge,0.29572,0.3347,0.0,0.70428,0.6653,0.53,5
196,edge_2,edge,0.35696,0.36174,0.0,0.64304,0.63826,0.61,5
196,edge_3,edge,0.40148,0.35624,0.0,0.59852,0.64376,0.69,5
196,edge_4,edge,0.34777,0.38792,0.0,0.65223,0.61208,0.77,5
196,cloud_0,cloud,0.40237,0.42285,0.0,0.59763,0.57715,0.6,5
197,access_0,access,0.29047,0.26731,0.0,0.70953,0.73269,0.36,5
197,access_1,access,0.27908,0.28159,0.0,0.72092,0.71841,0.36,5
197,edge_0,edge,0.32481,0.35888,0.0,0.67519,0.64112,0.45,5
197,edge_1,edge,0.2786,0.34389,0.0,0.7214,0.65611,0.53,5
197,edge_2,edge,0.29994,0.35474,0.0,0.70006,0.64526,0.61,5
197,edge_3,edge,0.32196,0.37285,0.0,0.67804,0.62715,0.69,5
197,edge_4,edge,0.35502,0.39253,0.0,0.64498,0.60747,0.77,5
197,cloud_0,cloud,0.38085,0.42603,0.0,0.61915,0.57397,0.6,5
198,access_0,access,0.26387,0.27579,0.0,0.73613,0.72421,0.36,5
198,access_1,access,0.2722,0.29167,0.0,0.7278,0.70833,0.36,5
198,edge_0,edge,0.34616,0.30516,0.0,0.65384,0.69484,0.45,5
198,edge_1,edge,0.31903,0.3167,0.0,0.68097,0.6833,0.53,5
198,edge_2,edge,0.36148,0.33725,0.0,0.63852,0.66275,0.61,5
198,edge_3,edge,0.35464,0.32533,0.0,0.64536,0.67467,0.69,5
198,edge_4,edge,0.35234,0.32741,0.0,0.64766,0.67259,0.77,5
198,cloud_0,cloud,0.39429,0.45858,0.0,0.60571,0.54142,0.6,5
199,access_0,access,0.30215,0.28642,0.0,0.69785,0.71358,0.36,5
199,access_1,access,0.27918,0.29025,0.0,0.72082,0.70975,0.36,5
199,edge_0,edge,0.36644,0.33168,0.0,0.63356,0.66832,0.45,5
199,edge_1,edge,0.33437,0.36027,0.0,0.66563,0.63973,0.53,5
199,edge_2,edge,0.33815,0.3343,0.0,0.66185,0.6657,0.61,5
199,edge_3,edge,0.30826,0.32695,0.0,0.69174,0.67305,0.69,5
199,edge_4,edge,0.32686,0.33945,0.0,0.67314,0.66055,0.77,5
199,cloud_0,cloud,0.36478,0.42995,0.0,0.63522,0.57005,0.6,5
