time,service_id,path_nodes,path_links,path_delay,path_loss,bottleneck_node,bottleneck_link
0,0,access_0|edge_0|cloud_0,access_0-edge_0|edge_0-cloud_0,65.99676,0.006884,edge_0,access_0-edge_0
0,1,access_1|edge_2|cloud_0,access_1-edge_2|edge_2-cloud_0,63.90984,0.007724,edge_2,edge_2-cloud_0
0,2,access_0|edge_4|cloud_0,access_0-edge_4|edge_4-cloud_0,66.04549,0.001622,edge_4,access_0-edge_4
1,0,access_0|edge_0|cloud_0,access_0-edge_0|edge_0-cloud_0,64.17011,0.007413,edge_0,access_0-edge_0
1,1,access_1|edge_2|cloud_0,access_1-edge_2|edge_2-cloud_0,64.93028,0.008345,edge_2,access_1-edge_2
1,2,access_0|edge_4|cloud_0,access_0-edge_4|edge_4-cloud_0,65.88525,0.010611,edge_4,edge_4-cloud_0
2,0,access_0|edge_0|cloud_0,access_0-edge_0|edge_0-cloud_0,64.70838,0.007686,edge_0,access_0-edge_0
2,1,access_1|edge_2|cloud_0,access_1-edge_2|edge_2-cloud_0,63.08186,0.009018,edge_2,access_1-edge_2
2,2,access_0|edge_4|cloud_0,access_0-edge_4|edge_4-cloud_0,65.26905,0.009109,edge_4,access_0-edge_4
3,0,access_0|edge_0|cloud_0,access_0-edge_0|edge_0-cloud_0,71.66458,0.005828,edge_0,edge_0-cloud_0
3,1,access_1|edge_2|cloud_0,access_1-edge_2|edge_2-cloud_0,66.43451,0.013848,edge_2,edge_2-cloud_0
3,2,access_0|edge_4|cloud_0,access_0-edge_4|edge_4-cloud_0,65.06345,0.008389,edge_4,edge_4-cloud_0
4,0,access_0|edge_0|cloud_0,access_0-edge_0|edge_0-cloud_0,64.14273,0.004368,edge_0,access_0-edge_0
4,1,access_1|edge_2|cloud_0,access_1-edge_2|edge_2-cloud_0,66.82818,0.012596,edge_2,access_1-edge_2
4,2,access_0|edge_4|cloud_0,access_0-edge_4|edge_4-cloud_0,66.87081,0.0082,edge_4,edge_4-cloud_0
5,0,access_0|edge_0|cloud_0,access_0-edge_0|edge_0-cloud_0,63.29073,0.008181,edge_0,edge_0-cloud_0
5,1,access_1|edge_2|cloud_0,access_1-edge_2|edge_2-cloud_0,64.67498,0.004512,edge_2,edge_2-cloud_0
5,2,access_0|edge_4|cloud_0,access_0-edge_4|edge_4-cloud_0,62.32477,0.004382,edge_4,access_0-edge_4
6,0,access_0|edge_0|cloud_0,access_0-edge_0|edge_0-cloud_0,65.65557,0.006652,edge_0,edge_0-cloud_0
6,1,access_1|edge_2|cloud_0,access_1-edge_2|edge_2-cloud_0,62.10533,0.003089,edge_2,access_1-edge_2
6,2,access_0|edge_4|cloud_0,access_0-edge_4|edge_4-cloud_0,62.69826,0.012854,edge_4,access_0-edge_4
7,0,access_0|edge_0|cloud_0,access_0-edge_0|edge_0-cloud_0,66.64453,0.009331,edge_0,edge_0-cloud_0
7,1,access_1|edge_2|cloud_0,access_1-edge_2|edge_2-cloud_0,66.58994,0.007027,edge_2,edge_2-cloud_0
7,2,access_0|edge_4|cloud_0,access_0-edge_4|edge_4-cloud_0,64.64337,0.012006,edge_4,edge_4-cloud_0
8,0,access_0|edge_0|cloud_0,access_0-edge_0|edge_0-cloud_0,67.54602,0.00799,edge_0,access_0-edge_0
8,1,access_1|edge_2|cloud_0,access_1-edge_2|edge_2-cloud_0,66.87384,0.009934,edge_2,access_1-edge_2
8,2,access_0|edge_4|cloud_0,access_0-edge_4|edge_4-cloud_0,63.11982,0.003673,edge_4,edge_4-cloud_0
9,0,access_0|edge_0|cloud_0,access_0-edge_0|edge_0-cloud_0,65.7315,0.009728,edge_0,access_0-edge_0
9,1,access_1|edge_2|cloud_0,access_1-edge_2|edge_2-cloud_0,63.42675,0.007674,edge_2,edge_2-cloud_0
9,2,access_0|edge_4|cloud_0,access_0-edge_4|edge_4-cloud_0,62.24772,0.008273,edge_4,edge_4-cloud_0
10,0,access_0|edge_0|cloud_0,access_0-edge_0|edge_0-cloud_0,64.48587,0.007157,edge_0,access_0-edge_0
10,1,access_1|edge_2|cloud_0,access_1-edge_2|edge_2-cloud_0,65.90016,0.005846,edge_2,edge_2-cloud_0
10,2,access_0|edge_4|cloud_0,access_0-edge_4|edge_4-cloud_0,61.95008,0.009806,edge_4,edge_4-cloud_0
11,0,access_0|edge_0|cloud_0,access_0-edge_0|edge_0-cloud_0,66.55152,0.00699,edge_0,edge_0-cloud_0
11,1,access_1|edge_2|cloud_0,access_1-edge_2|edge_2-cloud_0,65.50699,0.008429,edge_2,access_1-edge_2
11,2,access_0|edge_4|cloud_0,access_0-edge_4|edge_4-cloud_0,64.25334,0.00567,edge_4,edge_4-cloud_0
12,0,access_0|edge_0|cloud_0,access_0-edge_0|edge_0-cloud_0,62.51711,0.003414,edge_0,access_0-edge_0
12,1,access_1|edge_2|cloud_0,access_1-edge_2|edge_2-cloud_0,58.78674,0.008184,edge_2,edge_2-cloud_0
12,2,access_0|edge_4|cloud_0,access_0-edge_4|edge_4-cloud_0,66.22634,0.006689,edge_4,access_0-edge_4
13,0,access_0|edge_0|cloud_0,access_0-edge_0|edge_0-cloud_0,62.52482,0.010606,edge_0,access_0-edge_0
13,1,access_1|edge_2|cloud_0,access_1-edge_2|edge_2-cloud_0,61.47367,0.01143,edge_2,access_1-edge_2
13,2,access_0|edge_4|cloud_0,access_0-edge_4|edge_4-cloud_0,61.81109,0.00793,edge_4,access_0-edge_4
14,0,access_0|edge_0|cloud_0,access_0-edge_0|edge_0-cloud_0,65.07049,0.007639,edge_0,edge_0-cloud_0
14,1,access_1|edge_2|cloud_0,access_1-edge_2|edge_2-cloud_0,62.71452,0.00906,edge_2,edge_2-cloud_0
14,2,access_0|edge_4|cloud_0,access_0-edge_4|edge_4-cloud_0,67.97426,0.007792,edge_4,edge_4-cloud_0
15,0,access_0|edge_0|cloud_0,access_0-edge_0|edge_0-cloud_0,67.06909,0.001034,edge_0,edge_0-cloud_0
15,1,access_1|edge_2|cloud_0,access_1-edge_2|edge_2-cloud_0,62.15636,0.007743,edge_2,access_1-edge_2
15,2,access_0|edge_4|cloud_0,access_0-edge_4|edge_4-cloud_0,61.22331,0.009638,edge_4,access_0-edge_4
16,0,access_0|edge_0|cloud_0,access_0-edge_0|edge_0-cloud_0,60.90298,0.010447,edge_0,edge_0-cloud_0
16,1,access_1|edge_2|cloud_0,access_1-edge_2|edge_2-cloud_0,66.0284,0.012834,edge_2,edge_2-cloud_0
16,2,access_0|edge_4|cloud_0,access_0-edge_4|edge_4-cloud_0,64.73073,0.008801,edge_4,access_0-edge_4
17,0,access_0|edge_0|cloud_0,access_0-edge_0|edge_0-cloud_0,62.73608,0.013147,edge_0,access_0-edge_0
17,1,access_1|edge_2|cloud_0,access_1-edge_2|edge_2-cloud_0,65.12439,0.0087,edge_2,access_1-edge_2
17,2,access_0|edge_4|cloud_0,access_0-edge_4|edge_4-cloud_0,62.14252,0.006243,edge_4,access_0-edge_4
18,0,access_0|edge_0|cloud_0,access_0-edge_0|edge_0-cloud_0,66.34356,0.007115,edge_0,edge_0-cloud_0
18,1,access_1|edge_2|cloud_0,access_1-edge_2|edge_2-cloud_0,62.88512,0.010092,edge_2,access_1-edge_2
18,2,access_0|edge_4|cloud_0,access_0-edge_4|edge_4-cloud_0,66.01642,0.009857,edge_4,edge_4-cloud_0
19,0,access_0|edge_0|cloud_0,access_0-edge_0|edge_0-cloud_0,64.5596,0.006738,edge_0,access_0-edge_0
19,1,access_1|edge_2|cloud_0,access_1-edge_2|edge_2-cloud_0,60.41296,0.007816,edge_2,edge_2-cloud_0
19,2,access_0|edge_4|cloud_0,access_0-edge_4|edge_4-cloud_0,66.46374,0.002768,edge_4,edge_4-cloud_0
20,0,access_0|edge_0|cloud_0,access_0-edge_0|edge_0-cloud_0,64.37945,0.003273,edge_0,access_0-edge_0
20,1,access_1|edge_2|cloud_0,access_1-edge_2|edge_2-cloud_0,66.20419,0.008564,edge_2,edge_2-cloud_0
20,2,access_0|edge_4|cloud_0,access_0-edge_4|edge_4-cloud_0,63.48695,0.005508,edge_4,edge_4-cloud_0
21,0,access_0|edge_0|cloud_0,access_0-edge_0|edge_0-cloud_0,62.14072,0.003241,edge_0,edge_0-cloud_0
21,1,access_1|edge_2|cloud_0,access_1-edge_2|edge_2-cloud_0,68.30225,0.006688,edge_2,edge_2-cloud_0
21,2,access_0|edge_4|cloud_0,access_0-edge_4|edge_4-cloud_0,63.60417,0.008267,edge_4,access_0-edge_4
22,0,access_0|edge_0|cloud_0,access_0-edge_0|edge_0-cloud_0,62.61924,0.008938,edge_0,edge_0-cloud_0
22,1,access_1|edge_2|cloud_0,access_1-edge_2|edge_2-cloud_0,65.19696,0.006907,edge_2,access_1-edge_2
22,2,access_0|edge_4|cloud_0,access_0-edge_4|edge_4-cloud_0,66.63699,0.010694,edge_4,edge_4-cloud_0
23,0,access_0|edge_0|cloud_0,access_0-edge_0|edge_0-cloud_0,63.71985,0.007181,edge_0,edge_0-cloud_0
23,1,access_1|edge_2|cloud_0,access_1-edge_2|edge_2-cloud_0,65.21164,0.012198,edge_2,edge_2-cloud_0
23,2,access_0|edge_4|cloud_0,access_0-edge_4|edge_4-cloud_0,59.63196,0.009433,edge_4,access_0-edge_4
24,0,access_0|edge_0|cloud_0,access_0-edge_0|edge_0-cloud_0,67.47939,0.006274,edge_0,edge_0-cloud_0
24,1,access_1|edge_2|cloud_0,access_1-edge_2|edge_2-cloud_0,65.59693,0.00796,cloud_0,edge_2-cloud_0
24,2,access_0|edge_4|cloud_0,access_0-edge_4|edge_4-cloud_0,65.91111,0.010602,cloud_0,edge_4-cloud_0
25,0,access_0|edge_0|cloud_0,access_0-edge_0|edge_0-cloud_0,64.91256,0.007367,cloud_0,edge_0-cloud_0
25,1,access_1|edge_2|cloud_0,access_1-edge_2|edge_2-cloud_0,66.40652,0.012139,edge_2,access_1-edge_2
25,2,access_0|edge_4|cloud_0,access_0-edge_4|edge_4-cloud_0,65.14202,0.009489,cloud_0,edge_4-cloud_0
26,0,access_0|edge_0|cloud_0,access_0-edge_0|edge_0-cloud_0,63.56554,0.013353,cloud_0,edge_0-cloud_0
26,1,access_1|edge_2|cloud_0,access_1-edge_2|edge_2-cloud_0,65.2535,0.002158,edge_2,edge_2-cloud_0
26,2,access_0|edge_4|cloud_0,access_0-edge_4|edge_4-cloud_0,62.06462,0.008132,cloud_0,access_0-edge_4
27,0,access_0|edge_0|cloud_0,access_0-edge_0|edge_0-cloud_0,68.95747,0.007976,cloud_0,edge_0-cloud_0
27,1,access_1|edge_2|cloud_0,access_1-edge_2|edge_2-cloud_0,65.67794,0.00814,cloud_0,edge_2-cloud_0
27,2,access_0|edge_4|cloud_0,access_0-edge_4|edge_4-cloud_0,66.09278,0.009107,edge_4,access_0-edge_4
28,0,access_0|edge_0|cloud_0,access_0-edge_0|edge_0-cloud_0,64.93062,0.011722,cloud_0,edge_0-cloud_0
28,1,access_1|edge_2|cloud_0,access_1-edge_2|edge_2-cloud_0,63.09602,0.009251,cloud_0,access_1-edge_2
28,2,access_0|edge_4|cloud_0,access_0-edge_4|edge_4-cloud_0,67.26675,0.011661,cloud_0,edge_4-cloud_0
29,0,access_0|edge_0|cloud_0,access_0-edge_0|edge_0-cloud_0,65.52143,0.003862,cloud_0,edge_0-cloud_0
29,1,access_1|edge_2|cloud_0,access_1-edge_2|edge_2-cloud_0,64.18832,0.008462,cloud_0,access_1-edge_2
29,2,access_0|edge_4|cloud_0,access_0-edge_4|edge_4-cloud_0,66.04901,0.009143,cloud_0,access_0-edge_4
30,0,access_0|edge_0|cloud_0,access_0-edge_0|edge_0-cloud_0,64.5478,0.005577,cloud_0,edge_0-cloud_0
30,1,access_1|edge_2|cloud_0,access_1-edge_2|edge_2-cloud_0,66.558,0.010437,cloud_0,edge_2-cloud_0
30,2,access_0|edge_4|cloud_0,access_0-edge_4|edge_4-cloud_0,62.43805,0.004912,cloud_0,access_0-edge_4
31,0,access_0|edge_0|cloud_0,access_0-edge_0|edge_0-cloud_0,65.59413,0.006861,cloud_0,access_0-edge_0
31,1,access_1|edge_2|cloud_0,access_1-edge_2|edge_2-cloud_0,65.98492,0.010681,cloud_0,access_1-edge_2
31,2,access_0|edge_4|cloud_0,access_0-edge_4|edge_4-cloud_0,67.83057,0.008376,cloud_0,edge_4-cloud_0
32,0,access_0|edge_0|cloud_0,access_0-edge_0|edge_0-cloud_0,67.1983,0.007915,cloud_0,edge_0-cloud_0
32,1,access_1|edge_2|cloud_0,access_1-edge_2|edge_2-cloud_0,69.91519,0.008578,cloud_0,edge_2-cloud_0
32,2,access_0|edge_4|cloud_0,access_0-edge_4|edge_4-cloud_0,63.1799,0.006456,cloud_0,access_0-edge_4
33,0,access_0|edge_0|cloud_0,access_0-edge_0|edge_0-cloud_0,61.24647,0.008365,cloud_0,edge_0-cloud_0
33,1,access_1|edge_2|cloud_0,access_1-edge_2|edge_2-cloud_0,65.04213,0.009982,cloud_0,edge_2-cloud_0
33,2,access_0|edge_4|cloud_0,access_0-edge_4|edge_4-cloud_0,66.80498,0.013006,cloud_0,edge_4-cloud_0
34,0,access_0|edge_0|cloud_0,access_0-edge_0|edge_0-cloud_0,63.27084,0.00877,cloud_0,access_0-edge_0
34,1,access_1|edge_2|cloud_0,access_1-edge_2|edge_2-cloud_0,65.49905,0.009313,cloud_0,edge_2-cloud_0
34,2,access_0|edge_4|cloud_0,access_0-edge_4|edge_4-cloud_0,65.08563,0.004295,cloud_0,access_0-edge_4
35,0,access_0|edge_1|cloud_0,access_0-edge_1|edge_1-cloud_0,67.4445,0.007457,cloud_0,edge_1-cloud_0
35,1,access_1|edge_3|cloud_0,access_1-edge_3|edge_3-cloud_0,62.22498,0.008376,cloud_0,access_1-edge_3
35,2,access_0|edge_0|cloud_0,access_0-edge_0|edge_0-cloud_0,64.85254,0.00704,cloud_0,access_0-edge_0
36,0,access_0|edge_1|cloud_0,access_0-edge_1|edge_1-cloud_0,65.88948,0.009481,cloud_0,access_0-edge_1
36,1,access_1|edge_3|cloud_0,access_1-edge_3|edge_3-cloud_0,63.76343,0.005459,cloud_0,edge_3-cloud_0
36,2,access_0|edge_0|cloud_0,access_0-edge_0|edge_0-cloud_0,66.73825,0.005484,cloud_0,edge_0-cloud_0
37,0,access_0|edge_1|cloud_0,access_0-edge_1|edge_1-cloud_0,64.43489,0.008381,cloud_0,edge_1-cloud_0
37,1,access_1|edge_3|cloud_0,access_1-edge_3|edge_3-cloud_0,60.66098,0.012517,cloud_0,access_1-edge_3
37,2,access_0|edge_0|cloud_0,access_0-edge_0|edge_0-cloud_0,63.03647,0.004448,cloud_0,access_0-edge_0
38,0,access_0|edge_1|cloud_0,access_0-edge_1|edge_1-cloud_0,66.81753,0.00903,cloud_0,access_0-edge_1
38,1,access_1|edge_3|cloud_0,access_1-edge_3|edge_3-cloud_0,66.21319,0.005449,cloud_0,edge_3-cloud_0
38,2,access_0|edge_0|cloud_0,access_0-edge_0|edge_0-cloud_0,66.204,0.00507,cloud_0,edge_0-cloud_0
39,0,access_0|edge_1|cloud_0,access_0-edge_1|edge_1-cloud_0,70.16593,0.005438,cloud_0,edge_1-cloud_0
39,1,access_1|edge_3|cloud_0,access_1-edge_3|edge_3-cloud_0,61.5164,0.007969,cloud_0,access_1-edge_3
39,2,access_0|edge_0|cloud_0,access_0-edge_0|edge_0-cloud_0,67.84712,0.006963,cloud_0,edge_0-cloud_0
40,0,access_0|edge_1|cloud_0,access_0-edge_1|edge_1-cloud_0,62.17318,0.007419,cloud_0,access_0-edge_1
40,1,access_1|edge_3|cloud_0,access_1-edge_3|edge_3-cloud_0,63.67041,0.010671,cloud_0,edge_3-cloud_0
40,2,access_0|edge_0|cloud_0,access_0-edge_0|edge_0-cloud_0,69.07747,0.011832,cloud_0,access_0-edge_0
41,0,access_0|edge_1|cloud_0,access_0-edge_1|edge_1-cloud_0,65.69367,0.009709,cloud_0,access_0-edge_1
41,1,access_1|edge_3|cloud_0,access_1-edge_3|edge_3-cloud_0,68.60856,0.001919,cloud_0,edge_3-cloud_0
41,2,access_0|edge_0|cloud_0,access_0-edge_0|edge_0-cloud_0,63.74554,0.011392,cloud_0,access_0-edge_0
42,0,access_0|edge_1|cloud_0,access_0-edge_1|edge_1-cloud_0,63.26201,0.005847,cloud_0,access_0-edge_1
42,1,access_1|edge_3|cloud_0,access_1-edge_3|edge_3-cloud_0,64.81348,0.0142,cloud_0,edge_3-cloud_0
42,2,access_0|edge_0|cloud_0,access_0-edge_0|edge_0-cloud_0,65.39091,0.00621,cloud_0,edge_0-cloud_0
43,0,access_0|edge_1|cloud_0,access_0-edge_1|edge_1-cloud_0,62.09454,0.003685,cloud_0,access_0-edge_1
43,1,access_1|edge_3|cloud_0,access_1-edge_3|edge_3-cloud_0,65.27456,0.005695,cloud_0,access_1-edge_3
43,2,access_0|edge_0|cloud_0,access_0-edge_0|edge_0-cloud_0,63.45961,0.007098,cloud_0,edge_0-cloud_0
44,0,access_0|edge_1|cloud_0,access_0-edge_1|edge_1-cloud_0,60.20921,0.004206,cloud_0,access_0-edge_1
44,1,access_1|edge_3|cloud_0,access_1-edge_3|edge_3-cloud_0,62.93762,0.007696,edge_3,access_1-edge_3
44,2,access_0|edge_0|cloud_0,access_0-edge_0|edge_0-cloud_0,61.22694,0.002969,cloud_0,access_0-edge_0
45,0,access_0|edge_1|cloud_0,access_0-edge_1|edge_1-cloud_0,81.05255,0.059803,edge_1,edge_1-cloud_0
45,1,access_1|edge_3|cloud_0,access_1-edge_3|edge_3-cloud_0,81.60961,0.057361,edge_3,access_1-edge_3
45,2,access_0|edge_0|cloud_0,access_0-edge_0|edge_0-cloud_0,75.87756,0.054511,edge_0,access_0-edge_0
46,0,access_0|edge_1|cloud_0,access_0-edge_1|edge_1-cloud_0,84.99684,0.058246,edge_1,access_0-edge_1
46,1,access_1|edge_3|cloud_0,access_1-edge_3|edge_3-cloud_0,81.93087,0.057606,edge_3,edge_3-cloud_0
46,2,access_0|edge_0|cloud_0,access_0-edge_0|edge_0-cloud_0,77.9742,0.049129,edge_0,edge_0-cloud_0
47,0,access_0|edge_1|cloud_0,access_0-edge_1|edge_1-cloud_0,84.78187,0.062361,edge_1,access_0-edge_1
47,1,access_1|edge_3|cloud_0,access_1-edge_3|edge_3-cloud_0,82.11153,0.061486,edge_3,edge_3-cloud_0
47,2,access_0|edge_0|cloud_0,access_0-edge_0|edge_0-cloud_0,81.20573,0.053694,edge_0,edge_0-cloud_0
48,0,access_0|edge_1|cloud_0,access_0-edge_1|edge_1-cloud_0,79.74484,0.05608,edge_1,edge_1-cloud_0
48,1,access_1|edge_3|cloud_0,access_1-edge_3|edge_3-cloud_0,82.2656,0.057976,edge_3,edge_3-cloud_0
48,2,access_0|edge_0|cloud_0,access_0-edge_0|edge_0-cloud_0,78.72259,0.052371,edge_0,edge_0-cloud_0
49,0,access_0|edge_1|cloud_0,access_0-edge_1|edge_1-cloud_0,81.34665,0.060913,edge_1,access_0-edge_1
49,1,access_1|edge_3|cloud_0,access_1-edge_3|edge_3-cloud_0,78.41568,0.054703,edge_3,access_1-edge_3
49,2,access_0|edge_0|cloud_0,access_0-edge_0|edge_0-cloud_0,77.11852,0.047614,edge_0,access_0-edge_0
50,0,access_0|edge_1|cloud_0,access_0-edge_1|edge_1-cloud_0,85.71396,0.05689,edge_1,access_0-edge_1
50,1,access_1|edge_3|cloud_0,access_1-edge_3|edge_3-cloud_0,82.98599,0.063006,edge_3,access_1-edge_3
50,2,access_0|edge_0|cloud_0,access_0-edge_0|edge_0-cloud_0,81.35992,0.057365,edge_0,access_0-edge_0
51,0,access_0|edge_1|cloud_0,access_0-edge_1|edge_1-cloud_0,85.29972,0.064474,edge_1,edge_1-cloud_0
51,1,access_1|edge_3|cloud_0,access_1-edge_3|edge_3-cloud_0,80.16713,0.057504,edge_3,access_1-edge_3
51,2,access_0|edge_0|cloud_0,access_0-edge_0|edge_0-cloud_0,76.92974,0.054131,edge_0,access_0-edge_0
52,0,access_0|edge_1|cloud_0,access_0-edge_1|edge_1-cloud_0,80.90379,0.055222,edge_1,access_0-edge_1
52,1,access_1|edge_3|cloud_0,access_1-edge_3|edge_3-cloud_0,81.53538,0.059203,edge_3,access_1-edge_3
52,2,access_0|edge_0|cloud_0,access_0-edge_0|edge_0-cloud_0,78.65965,0.053792,edge_0,edge_0-cloud_0
53,0,access_0|edge_1|cloud_0,access_0-edge_1|edge_1-cloud_0,83.74796,0.057265,edge_1,edge_1-cloud_0
53,1,access_1|edge_3|cloud_0,access_1-edge_3|edge_3-cloud_0,81.72179,0.062029,edge_3,edge_3-cloud_0
53,2,access_0|edge_0|cloud_0,access_0-edge_0|edge_0-cloud_0,78.07093,0.04474,edge_0,edge_0-cloud_0
54,0,access_0|edge_1|cloud_0,access_0-edge_1|edge_1-cloud_0,81.81309,0.061999,edge_1,edge_1-cloud_0
54,1,access_1|edge_3|cloud_0,access_1-edge_3|edge_3-cloud_0,83.27219,0.060017,edge_3,access_1-edge_3
54,2,access_0|edge_0|cloud_0,access_0-edge_0|edge_0-cloud_0,73.82157,0.051348,edge_0,access_0-edge_0
55,0,access_0|edge_1|cloud_0,access_0-edge_1|edge_1-cloud_0,83.6152,0.058093,edge_1,access_0-edge_1
55,1,access_1|edge_3|cloud_0,access_1-edge_3|edge_3-cloud_0,82.37054,0.056104,edge_3,edge_3-cloud_0
55,2,access_0|edge_0|cloud_0,access_0-edge_0|edge_0-cloud_0,77.04115,0.052362,edge_0,edge_0-cloud_0
56,0,access_0|edge_1|cloud_0,access_0-edge_1|edge_1-cloud_0,84.92026,0.062358,edge_1,edge_1-cloud_0
56,1,access_1|edge_3|cloud_0,access_1-edge_3|edge_3-cloud_0,81.65731,0.058712,edge_3,access_1-edge_3
56,2,access_0|edge_0|cloud_0,access_0-edge_0|edge_0-cloud_0,78.61546,0.047056,edge_0,edge_0-cloud_0
57,0,access_0|edge_1|cloud_0,access_0-edge_1|edge_1-cloud_0,81.05157,0.058649,edge_1,access_0-edge_1
57,1,access_1|edge_3|cloud_0,access_1-edge_3|edge_3-cloud_0,82.84818,0.060305,edge_3,access_1-edge_3
57,2,access_0|edge_0|cloud_0,access_0-edge_0|edge_0-cloud_0,74.40011,0.049914,edge_0,access_0-edge_0
58,0,access_0|edge_1|cloud_0,access_0-edge_1|edge_1-cloud_0,81.04288,0.055244,edge_1,access_0-edge_1
58,1,access_1|edge_3|cloud_0,access_1-edge_3|edge_3-cloud_0,80.96,0.057048,edge_3,access_1-edge_3
58,2,access_0|edge_0|cloud_0,access_0-edge_0|edge_0-cloud_0,76.63077,0.048766,edge_0,edge_0-cloud_0
59,0,access_0|edge_1|cloud_0,access_0-edge_1|edge_1-cloud_0,81.42831,0.065243,edge_1,edge_1-cloud_0
59,1,access_1|edge_3|cloud_0,access_1-edge_3|edge_3-cloud_0,86.52945,0.060851,edge_3,edge_3-cloud_0
59,2,access_0|edge_0|cloud_0,access_0-edge_0|edge_0-cloud_0,76.36834,0.049466,edge_0,edge_0-cloud_0
60,0,access_0|edge_1|cloud_0,access_0-edge_1|edge_1-cloud_0,82.51225,0.061264,edge_1,edge_1-cloud_0
60,1,access_1|edge_3|cloud_0,access_1-edge_3|edge_3-cloud_0,84.87775,0.058326,edge_3,access_1-edge_3
60,2,access_0|edge_0|cloud_0,access_0-edge_0|edge_0-cloud_0,80.56488,0.054752,edge_0,edge_0-cloud_0
61,0,access_0|edge_1|cloud_0,access_0-edge_1|edge_1-cloud_0,77.72,0.057019,edge_1,access_0-edge_1
61,1,access_1|edge_3|cloud_0,access_1-edge_3|edge_3-cloud_0,83.24099,0.061079,edge_3,access_1-edge_3
61,2,access_0|edge_0|cloud_0,access_0-edge_0|edge_0-cloud_0,75.23162,0.052921,edge_0,edge_0-cloud_0
62,0,access_0|edge_1|cloud_0,access_0-edge_1|edge_1-cloud_0,80.78132,0.054875,edge_1,edge_1-cloud_0
62,1,access_1|edge_3|cloud_0,access_1-edge_3|edge_3-cloud_0,82.49668,0.063227,edge_3,access_1-edge_3
62,2,access_0|edge_0|cloud_0,access_0-edge_0|edge_0-cloud_0,78.27675,0.051347,edge_0,edge_0-cloud_0
63,0,access_0|edge_1|cloud_0,access_0-edge_1|edge_1-cloud_0,82.8633,0.061764,edge_1,edge_1-cloud_0
63,1,access_1|edge_3|cloud_0,access_1-edge_3|edge_3-cloud_0,83.72553,0.055529,edge_3,edge_3-cloud_0
63,2,access_0|edge_0|cloud_0,access_0-edge_0|edge_0-cloud_0,74.70884,0.053433,edge_0,access_0-edge_0
64,0,access_0|edge_1|cloud_0,access_0-edge_1|edge_1-cloud_0,80.99847,0.060472,edge_1,access_0-edge_1
64,1,access_1|edge_3|cloud_0,access_1-edge_3|edge_3-cloud_0,80.41631,0.060948,edge_3,edge_3-cloud_0
64,2,access_0|edge_0|cloud_0,access_0-edge_0|edge_0-cloud_0,77.12019,0.051717,edge_0,edge_0-cloud_0
65,0,access_0|edge_1|cloud_0,access_0-edge_1|edge_1-cloud_0,84.70856,0.058034,edge_1,access_0-edge_1
65,1,access_1|edge_3|cloud_0,access_1-edge_3|edge_3-cloud_0,80.80064,0.055935,edge_3,edge_3-cloud_0
65,2,access_0|edge_0|cloud_0,access_0-edge_0|edge_0-cloud_0,80.84286,0.055426,edge_0,access_0-edge_0
66,0,access_0|edge_1|cloud_0,access_0-edge_1|edge_1-cloud_0,82.62992,0.06206,edge_1,access_0-edge_1
66,1,access_1|edge_3|cloud_0,access_1-edge_3|edge_3-cloud_0,81.25164,0.061102,edge_3,edge_3-cloud_0
66,2,access_0|edge_0|cloud_0,access_0-edge_0|edge_0-cloud_0,76.78635,0.047692,edge_0,edge_0-cloud_0
67,0,access_0|edge_1|cloud_0,access_0-edge_1|edge_1-cloud_0,81.62581,0.062152,edge_1,access_0-edge_1
67,1,access_1|edge_3|cloud_0,access_1-edge_3|edge_3-cloud_0,82.57981,0.063833,edge_3,access_1-edge_3
67,2,access_0|edge_0|cloud_0,access_0-edge_0|edge_0-cloud_0,74.16816,0.047632,edge_0,access_0-edge_0
68,0,access_0|edge_1|cloud_0,access_0-edge_1|edge_1-cloud_0,83.06793,0.054584,edge_1,edge_1-cloud_0
68,1,access_1|edge_3|cloud_0,access_1-edge_3|edge_3-cloud_0,82.24322,0.051812,edge_3,edge_3-cloud_0
68,2,access_0|edge_0|cloud_0,access_0-edge_0|edge_0-cloud_0,71.11236,0.046278,edge_0,access_0-edge_0
69,0,access_0|edge_1|cloud_0,access_0-edge_1|edge_1-cloud_0,84.79495,0.059749,edge_1,edge_1-cloud_0
69,1,access_1|edge_3|cloud_0,access_1-edge_3|edge_3-cloud_0,84.26052,0.066951,edge_3,edge_3-cloud_0
69,2,access_0|edge_0|cloud_0,access_0-edge_0|edge_0-cloud_0,79.95592,0.050923,edge_0,edge_0-cloud_0
70,0,access_0|edge_2|cloud_0,access_0-edge_2|edge_2-cloud_0,64.25203,0.011854,edge_2,access_0-edge_2
70,1,access_1|edge_4|cloud_0,access_1-edge_4|edge_4-cloud_0,65.61244,0.009201,edge_4,edge_4-cloud_0
70,2,access_0|edge_1|cloud_0,access_0-edge_1|edge_1-cloud_0,64.58852,0.009536,edge_1,access_0-edge_1
71,0,access_0|edge_2|cloud_0,access_0-edge_2|edge_2-cloud_0,65.15364,0.007857,edge_2,edge_2-cloud_0
71,1,access_1|edge_4|cloud_0,access_1-edge_4|edge_4-cloud_0,61.61753,0.009014,edge_4,access_1-edge_4
71,2,access_0|edge_1|cloud_0,access_0-edge_1|edge_1-cloud_0,63.30552,0.005697,edge_1,access_0-edge_1
72,0,access_0|edge_2|cloud_0,access_0-edge_2|edge_2-cloud_0,63.00798,0.010473,edge_2,access_0-edge_2
72,1,access_1|edge_4|cloud_0,access_1-edge_4|edge_4-cloud_0,65.76485,0.014956,edge_4,edge_4-cloud_0
72,2,access_0|edge_1|cloud_0,access_0-edge_1|edge_1-cloud_0,64.89115,0.00824,edge_1,edge_1-cloud_0
73,0,access_0|edge_2|cloud_0,access_0-edge_2|edge_2-cloud_0,63.90644,0.010368,edge_2,edge_2-cloud_0
73,1,access_1|edge_4|cloud_0,access_1-edge_4|edge_4-cloud_0,61.70873,0.009678,edge_4,access_1-edge_4
73,2,access_0|edge_1|cloud_0,access_0-edge_1|edge_1-cloud_0,61.53658,0.007084,edge_1,edge_1-cloud_0
74,0,access_0|edge_2|cloud_0,access_0-edge_2|edge_2-cloud_0,64.8392,0.009776,edge_2,access_0-edge_2
74,1,access_1|edge_4|cloud_0,access_1-edge_4|edge_4-cloud_0,65.79463,0.007137,edge_4,edge_4-cloud_0
74,2,access_0|edge_1|cloud_0,access_0-edge_1|edge_1-cloud_0,64.27963,0.009789,edge_1,edge_1-cloud_0
75,0,access_0|edge_2|cloud_0,access_0-edge_2|edge_2-cloud_0,60.2303,0.005644,edge_2,access_0-edge_2
75,1,access_1|edge_4|cloud_0,access_1-edge_4|edge_4-cloud_0,63.45493,0.010024,edge_4,edge_4-cloud_0
75,2,access_0|edge_1|cloud_0,access_0-edge_1|edge_1-cloud_0,64.40706,0.004789,edge_1,edge_1-cloud_0
76,0,access_0|edge_2|cloud_0,access_0-edge_2|edge_2-cloud_0,64.9161,0.010961,edge_2,access_0-edge_2
76,1,access_1|edge_4|cloud_0,access_1-edge_4|edge_4-cloud_0,62.62812,0.009531,edge_4,access_1-edge_4
76,2,access_0|edge_1|cloud_0,access_0-edge_1|edge_1-cloud_0,63.61444,0.012484,edge_1,edge_1-cloud_0
77,0,access_0|edge_2|cloud_0,access_0-edge_2|edge_2-cloud_0,63.19124,0.002504,cloud_0,edge_2-cloud_0
77,1,access_1|edge_4|cloud_0,access_1-edge_4|edge_4-cloud_0,66.41014,0.005243,edge_4,edge_4-cloud_0
77,2,access_0|edge_1|cloud_0,access_0-edge_1|edge_1-cloud_0,63.4818,0.002146,cloud_0,edge_1-cloud_0
78,0,access_0|edge_2|cloud_0,access_0-edge_2|edge_2-cloud_0,62.16244,0.009796,edge_2,access_0-edge_2
78,1,access_1|edge_4|cloud_0,access_1-edge_4|edge_4-cloud_0,62.72961,0.008438,edge_4,edge_4-cloud_0
78,2,access_0|edge_1|cloud_0,access_0-edge_1|edge_1-cloud_0,60.13837,0.006743,edge_1,access_0-edge_1
79,0,access_0|edge_2|cloud_0,access_0-edge_2|edge_2-cloud_0,63.1388,0.013306,edge_2,access_0-edge_2
79,1,access_1|edge_4|cloud_0,access_1-edge_4|edge_4-cloud_0,63.37798,0.012256,edge_4,access_1-edge_4
79,2,access_0|edge_1|cloud_0,access_0-edge_1|edge_1-cloud_0,59.86724,0.007662,edge_1,access_0-edge_1
80,0,access_0|edge_2|cloud_0,access_0-edge_2|edge_2-cloud_0,62.79848,0.005072,edge_2,access_0-edge_2
80,1,access_1|edge_4|cloud_0,access_1-edge_4|edge_4-cloud_0,65.78236,0.009238,cloud_0,access_1-edge_4
80,2,access_0|edge_1|cloud_0,access_0-edge_1|edge_1-cloud_0,62.86924,0.010157,cloud_0,access_0-edge_1
81,0,access_0|edge_2|cloud_0,access_0-edge_2|edge_2-cloud_0,65.92403,0.003216,cloud_0,edge_2-cloud_0
81,1,access_1|edge_4|cloud_0,access_1-edge_4|edge_4-cloud_0,61.41368,0.011609,cloud_0,access_1-edge_4
81,2,access_0|edge_1|cloud_0,access_0-edge_1|edge_1-cloud_0,65.35195,0.008486,cloud_0,edge_1-cloud_0
82,0,access_0|edge_2|cloud_0,access_0-edge_2|edge_2-cloud_0,65.99235,0.006112,edge_2,edge_2-cloud_0
82,1,access_1|edge_4|cloud_0,access_1-edge_4|edge_4-cloud_0,67.02204,0.00759,cloud_0,edge_4-cloud_0
82,2,access_0|edge_1|cloud_0,access_0-edge_1|edge_1-cloud_0,65.38117,0.010659,cloud_0,access_0-edge_1
83,0,access_0|edge_2|cloud_0,access_0-edge_2|edge_2-cloud_0,68.0652,0.008555,edge_2,access_0-edge_2
83,1,access_1|edge_4|cloud_0,access_1-edge_4|edge_4-cloud_0,66.1912,0.004899,cloud_0,access_1-edge_4
83,2,access_0|edge_1|cloud_0,access_0-edge_1|edge_1-cloud_0,67.40041,0.005306,cloud_0,edge_1-cloud_0
84,0,access_0|edge_2|cloud_0,access_0-edge_2|edge_2-cloud_0,63.75712,0.010478,cloud_0,access_0-edge_2
84,1,access_1|edge_4|cloud_0,access_1-edge_4|edge_4-cloud_0,62.27666,0.014885,cloud_0,edge_4-cloud_0
84,2,access_0|edge_1|cloud_0,access_0-edge_1|edge_1-cloud_0,61.71696,0.011929,cloud_0,edge_1-cloud_0
85,0,access_0|edge_2|cloud_0,access_0-edge_2|edge_2-cloud_0,66.24615,0.00419,cloud_0,edge_2-cloud_0
85,1,access_1|edge_4|cloud_0,access_1-edge_4|edge_4-cloud_0,64.07231,0.009837,cloud_0,edge_4-cloud_0
85,2,access_0|edge_1|cloud_0,access_0-edge_1|edge_1-cloud_0,67.12406,0.009558,cloud_0,edge_1-cloud_0
86,0,access_0|edge_2|cloud_0,access_0-edge_2|edge_2-cloud_0,63.09071,0.005417,cloud_0,access_0-edge_2
86,1,access_1|edge_4|cloud_0,access_1-edge_4|edge_4-cloud_0,63.69256,0.011043,cloud_0,access_1-edge_4
86,2,access_0|edge_1|cloud_0,access_0-edge_1|edge_1-cloud_0,61.47689,0.00865,cloud_0,access_0-edge_1
87,0,access_0|edge_2|cloud_0,access_0-edge_2|edge_2-cloud_0,62.09201,0.003497,cloud_0,edge_2-cloud_0
87,1,access_1|edge_4|cloud_0,access_1-edge_4|edge_4-cloud_0,68.50751,0.010513,cloud_0,edge_4-cloud_0
87,2,access_0|edge_1|cloud_0,access_0-edge_1|edge_1-cloud_0,63.84202,0.01098,cloud_0,edge_1-cloud_0
88,0,access_0|edge_2|cloud_0,access_0-edge_2|edge_2-cloud_0,62.81756,0.006205,cloud_0,edge_2-cloud_0
88,1,access_1|edge_4|cloud_0,access_1-edge_4|edge_4-cloud_0,63.12387,0.011131,cloud_0,access_1-edge_4
88,2,access_0|edge_1|cloud_0,access_0-edge_1|edge_1-cloud_0,61.65334,0.007704,cloud_0,edge_1-cloud_0
89,0,access_0|edge_2|cloud_0,access_0-edge_2|edge_2-cloud_0,65.73599,0.011905,cloud_0,access_0-edge_2
89,1,access_1|edge_4|cloud_0,access_1-edge_4|edge_4-cloud_0,60.42488,0.007793,cloud_0,access_1-edge_4
89,2,access_0|edge_1|cloud_0,access_0-edge_1|edge_1-cloud_0,64.58181,0.005685,cloud_0,access_0-edge_1
90,0,access_0|edge_2|cloud_0,access_0-edge_2|edge_2-cloud_0,63.49198,0.009283,cloud_0,edge_2-cloud_0
90,1,access_1|edge_4|cloud_0,access_1-edge_4|edge_4-cloud_0,63.31502,0.010239,cloud_0,access_1-edge_4
90,2,access_0|edge_1|cloud_0,access_0-edge_1|edge_1-cloud_0,62.92676,0.00984,cloud_0,access_0-edge_1
91,0,access_0|edge_2|cloud_0,access_0-edge_2|edge_2-cloud_0,63.73653,0.005495,cloud_0,access_0-edge_2
91,1,access_1|edge_4|cloud_0,access_1-edge_4|edge_4-cloud_0,64.26501,0.002509,cloud_0,access_1-edge_4
91,2,access_0|edge_1|cloud_0,access_0-edge_1|edge_1-cloud_0,59.67969,0.003597,cloud_0,access_0-edge_1
92,0,access_0|edge_2|cloud_0,access_0-edge_2|edge_2-cloud_0,66.66723,0.0025,cloud_0,edge_2-cloud_0
92,1,access_1|edge_4|cloud_0,access_1-edge_4|edge_4-cloud_0,63.65415,0.005742,cloud_0,access_1-edge_4
92,2,access_0|edge_1|cloud_0,access_0-edge_1|edge_1-cloud_0,66.91989,0.008228,cloud_0,edge_1-cloud_0
93,0,access_0|edge_2|cloud_0,access_0-edge_2|edge_2-cloud_0,62.97319,0.013473,cloud_0,access_0-edge_2
93,1,access_1|edge_4|cloud_0,access_1-edge_4|edge_4-cloud_0,66.17604,0.004159,cloud_0,edge_4-cloud_0
93,2,access_0|edge_1|cloud_0,access_0-edge_1|edge_1-cloud_0,61.48844,0.008751,cloud_0,access_0-edge_1
94,0,access_0|edge_2|cloud_0,access_0-edge_2|edge_2-cloud_0,63.48091,0.00691,cloud_0,edge_2-cloud_0
94,1,access_1|edge_4|cloud_0,access_1-edge_4|edge_4-cloud_0,64.40474,0.010317,cloud_0,edge_4-cloud_0
94,2,access_0|edge_1|cloud_0,access_0-edge_1|edge_1-cloud_0,65.01804,0.009078,cloud_0,edge_1-cloud_0
95,0,access_0|edge_2|cloud_0,access_0-edge_2|edge_2-cloud_0,68.74737,0.01033,cloud_0,edge_2-cloud_0
95,1,access_1|edge_4|cloud_0,access_1-edge_4|edge_4-cloud_0,66.42619,0.003597,cloud_0,edge_4-cloud_0
95,2,access_0|edge_1|cloud_0,access_0-edge_1|edge_1-cloud_0,63.23313,0.006069,cloud_0,access_0-edge_1
96,0,access_0|edge_2|cloud_0,access_0-edge_2|edge_2-cloud_0,66.62683,0.008875,cloud_0,edge_2-cloud_0
96,1,access_1|edge_4|cloud_0,access_1-edge_4|edge_4-cloud_0,65.65893,0.005225,cloud_0,edge_4-cloud_0
96,2,access_0|edge_1|cloud_0,access_0-edge_1|edge_1-cloud_0,62.59483,0.008772,cloud_0,edge_1-cloud_0
97,0,access_0|edge_2|cloud_0,access_0-edge_2|edge_2-cloud_0,65.03171,0.010928,cloud_0,edge_2-cloud_0
97,1,access_1|edge_4|cloud_0,access_1-edge_4|edge_4-cloud_0,63.53607,0.012515,cloud_0,edge_4-cloud_0
97,2,access_0|edge_1|cloud_0,access_0-edge_1|edge_1-cloud_0,62.16534,0.007037,edge_1,edge_1-cloud_0
98,0,access_0|edge_2|cloud_0,access_0-edge_2|edge_2-cloud_0,69.3689,0.004185,edge_2,edge_2-cloud_0
98,1,access_1|edge_4|cloud_0,access_1-edge_4|edge_4-cloud_0,60.40671,0.006476,edge_4,access_1-edge_4
98,2,access_0|edge_1|cloud_0,access_0-edge_1|edge_1-cloud_0,68.9358,0.010044,cloud_0,edge_1-cloud_0
99,0,access_0|edge_2|cloud_0,access_0-edge_2|edge_2-cloud_0,63.80905,0.006078,cloud_0,access_0-edge_2
99,1,access_1|edge_4|cloud_0,access_1-edge_4|edge_4-cloud_0,62.86565,0.011705,cloud_0,edge_4-cloud_0
99,2,access_0|edge_1|cloud_0,access_0-edge_1|edge_1-cloud_0,68.03809,0.006207,cloud_0,access_0-edge_1
100,0,access_0|edge_2|cloud_0,access_0-edge_2|edge_2-cloud_0,63.48868,0.011787,cloud_0,edge_2-cloud_0
100,1,access_1|edge_4|cloud_0,access_1-edge_4|edge_4-cloud_0,65.66795,0.00876,cloud_0,edge_4-cloud_0
100,2,access_0|edge_1|cloud_0,access_0-edge_1|edge_1-cloud_0,68.4882,0.009493,cloud_0,edge_1-cloud_0
101,0,access_0|edge_2|cloud_0,access_0-edge_2|edge_2-cloud_0,66.9847,0.012437,cloud_0,edge_2-cloud_0
101,1,access_1|edge_4|cloud_0,access_1-edge_4|edge_4-cloud_0,62.75153,0.006468,cloud_0,edge_4-cloud_0
101,2,access_0|edge_1|cloud_0,access_0-edge_1|edge_1-cloud_0,64.17037,0.007704,cloud_0,access_0-edge_1
102,0,access_0|edge_2|cloud_0,access_0-edge_2|edge_2-cloud_0,65.0987,0.008456,cloud_0,edge_2-cloud_0
102,1,access_1|edge_4|cloud_0,access_1-edge_4|edge_4-cloud_0,61.36855,0.006073,cloud_0,access_1-edge_4
102,2,access_0|edge_1|cloud_0,access_0-edge_1|edge_1-cloud_0,67.14871,0.010588,cloud_0,edge_1-cloud_0
103,0,access_0|edge_2|cloud_0,access_0-edge_2|edge_2-cloud_0,66.01366,0.009624,edge_2,access_0-edge_2
103,1,access_1|edge_4|cloud_0,access_1-edge_4|edge_4-cloud_0,64.58118,0.006019,cloud_0,access_1-edge_4
103,2,access_0|edge_1|cloud_0,access_0-edge_1|edge_1-cloud_0,70.32086,0.006869,cloud_0,edge_1-cloud_0
104,0,access_0|edge_2|cloud_0,access_0-edge_2|edge_2-cloud_0,64.13845,0.012715,cloud_0,access_0-edge_2
104,1,access_1|edge_4|cloud_0,access_1-edge_4|edge_4-cloud_0,68.43679,0.012804,edge_4,edge_4-cloud_0
104,2,access_0|edge_1|cloud_0,access_0-edge_1|edge_1-cloud_0,64.0534,0.007218,edge_1,edge_1-cloud_0
105,0,access_0|edge_3|cloud_0,access_0-edge_3|edge_3-cloud_0,66.22745,0.007531,edge_3,edge_3-cloud_0
105,1,access_1|edge_0|cloud_0,access_1-edge_0|edge_0-cloud_0,66.09269,0.006559,cloud_0,edge_0-cloud_0
105,2,access_0|edge_2|cloud_0,access_0-edge_2|edge_2-cloud_0,63.33339,0.009224,edge_2,access_0-edge_2
106,0,access_0|edge_3|cloud_0,access_0-edge_3|edge_3-cloud_0,64.09609,0.006494,edge_3,access_0-edge_3
106,1,access_1|edge_0|cloud_0,access_1-edge_0|edge_0-cloud_0,66.97236,0.011274,edge_0,access_1-edge_0
106,2,access_0|edge_2|cloud_0,access_0-edge_2|edge_2-cloud_0,62.82136,0.006882,edge_2,access_0-edge_2
107,0,access_0|edge_3|cloud_0,access_0-edge_3|edge_3-cloud_0,63.76429,0.000794,edge_3,access_0-edge_3
107,1,access_1|edge_0|cloud_0,access_1-edge_0|edge_0-cloud_0,66.80079,0.004104,edge_0,edge_0-cloud_0
107,2,access_0|edge_2|cloud_0,access_0-edge_2|edge_2-cloud_0,65.66523,0.008331,edge_2,access_0-edge_2
108,0,access_0|edge_3|cloud_0,access_0-edge_3|edge_3-cloud_0,62.60329,0.006523,edge_3,access_0-edge_3
108,1,access_1|edge_0|cloud_0,access_1-edge_0|edge_0-cloud_0,64.18406,0.00389,edge_0,access_1-edge_0
108,2,access_0|edge_2|cloud_0,access_0-edge_2|edge_2-cloud_0,67.96945,0.003503,edge_2,edge_2-cloud_0
109,0,access_0|edge_3|cloud_0,access_0-edge_3|edge_3-cloud_0,65.43259,0.005625,edge_3,access_0-edge_3
109,1,access_1|edge_0|cloud_0,access_1-edge_0|edge_0-cloud_0,64.45386,0.00532,edge_0,edge_0-cloud_0
109,2,access_0|edge_2|cloud_0,access_0-edge_2|edge_2-cloud_0,64.16275,0.006444,edge_2,edge_2-cloud_0
110,0,access_0|edge_3|cloud_0,access_0-edge_3|edge_3-cloud_0,62.53209,0.010983,edge_3,access_0-edge_3
110,1,access_1|edge_0|cloud_0,access_1-edge_0|edge_0-cloud_0,66.14861,0.008587,edge_0,edge_0-cloud_0
110,2,access_0|edge_2|cloud_0,access_0-edge_2|edge_2-cloud_0,65.75177,0.003811,edge_2,access_0-edge_2
111,0,access_0|edge_3|cloud_0,access_0-edge_3|edge_3-cloud_0,61.89293,0.006208,edge_3,edge_3-cloud_0
111,1,access_1|edge_0|cloud_0,access_1-edge_0|edge_0-cloud_0,68.16313,0.00773,edge_0,access_1-edge_0
111,2,access_0|edge_2|cloud_0,access_0-edge_2|edge_2-cloud_0,65.26269,0.007077,edge_2,edge_2-cloud_0
112,0,access_0|edge_3|cloud_0,access_0-edge_3|edge_3-cloud_0,65.52481,0.006724,edge_3,edge_3-cloud_0
112,1,access_1|edge_0|cloud_0,access_1-edge_0|edge_0-cloud_0,64.80346,0.009978,edge_0,access_1-edge_0
112,2,access_0|edge_2|cloud_0,access_0-edge_2|edge_2-cloud_0,63.69077,0.007519,edge_2,access_0-edge_2
113,0,access_0|edge_3|cloud_0,access_0-edge_3|edge_3-cloud_0,59.57725,0.00734,edge_3,access_0-edge_3
113,1,access_1|edge_0|cloud_0,access_1-edge_0|edge_0-cloud_0,66.37348,0.009475,edge_0,access_1-edge_0
113,2,access_0|edge_2|cloud_0,access_0-edge_2|edge_2-cloud_0,63.75205,0.006954,edge_2,edge_2-cloud_0
114,0,access_0|edge_3|cloud_0,access_0-edge_3|edge_3-cloud_0,65.43069,0.00421,edge_3,access_0-edge_3
114,1,access_1|edge_0|cloud_0,access_1-edge_0|edge_0-cloud_0,62.89473,0.012602,edge_0,access_1-edge_0
114,2,access_0|edge_2|cloud_0,access_0-edge_2|edge_2-cloud_0,68.09557,0.012861,edge_2,edge_2-cloud_0
115,0,access_0|edge_3|cloud_0,access_0-edge_3|edge_3-cloud_0,83.07838,0.090539,edge_3,access_0-edge_3
115,1,access_1|edge_0|cloud_0,access_1-edge_0|edge_0-cloud_0,85.41277,0.091365,edge_0,edge_0-cloud_0
115,2,access_0|edge_2|cloud_0,access_0-edge_2|edge_2-cloud_0,86.69755,0.094653,edge_2,access_0-edge_2
116,0,access_0|edge_3|cloud_0,access_0-edge_3|edge_3-cloud_0,87.10016,0.09319,edge_3,access_0-edge_3
116,1,access_1|edge_0|cloud_0,access_1-edge_0|edge_0-cloud_0,87.02237,0.08705,edge_0,access_1-edge_0
116,2,access_0|edge_2|cloud_0,access_0-edge_2|edge_2-cloud_0,80.59922,0.089657,edge_2,access_0-edge_2
117,0,access_0|edge_3|cloud_0,access_0-edge_3|edge_3-cloud_0,85.92452,0.093232,edge_3,access_0-edge_3
117,1,access_1|edge_0|cloud_0,access_1-edge_0|edge_0-cloud_0,86.39772,0.094985,edge_0,edge_0-cloud_0
117,2,access_0|edge_2|cloud_0,access_0-edge_2|edge_2-cloud_0,85.15173,0.091116,edge_2,edge_2-cloud_0
118,0,access_0|edge_3|cloud_0,access_0-edge_3|edge_3-cloud_0,84.45606,0.086864,edge_3,edge_3-cloud_0
118,1,access_1|edge_0|cloud_0,access_1-edge_0|edge_0-cloud_0,81.66357,0.090525,edge_0,access_1-edge_0
118,2,access_0|edge_2|cloud_0,access_0-edge_2|edge_2-cloud_0,83.19818,0.089371,edge_2,edge_2-cloud_0
119,0,access_0|edge_3|cloud_0,access_0-edge_3|edge_3-cloud_0,83.55445,0.089448,edge_3,edge_3-cloud_0
119,1,access_1|edge_0|cloud_0,access_1-edge_0|edge_0-cloud_0,84.51695,0.095235,edge_0,edge_0-cloud_0
119,2,access_0|edge_2|cloud_0,access_0-edge_2|edge_2-cloud_0,86.96311,0.093158,edge_2,access_0-edge_2
120,0,access_0|edge_3|cloud_0,access_0-edge_3|edge_3-cloud_0,84.82088,0.091702,edge_3,access_0-edge_3
120,1,access_1|edge_0|cloud_0,access_1-edge_0|edge_0-cloud_0,84.14517,0.094418,edge_0,edge_0-cloud_0
120,2,access_0|edge_2|cloud_0,access_0-edge_2|edge_2-cloud_0,83.4773,0.091285,edge_2,edge_2-cloud_0
121,0,access_0|edge_3|cloud_0,access_0-edge_3|edge_3-cloud_0,84.3991,0.092748,edge_3,access_0-edge_3
121,1,access_1|edge_0|cloud_0,access_1-edge_0|edge_0-cloud_0,82.83194,0.089381,edge_0,access_1-edge_0
121,2,access_0|edge_2|cloud_0,access_0-edge_2|edge_2-cloud_0,85.54699,0.091316,edge_2,access_0-edge_2
122,0,access_0|edge_3|cloud_0,access_0-edge_3|edge_3-cloud_0,83.12304,0.0885,edge_3,edge_3-cloud_0
122,1,access_1|edge_0|cloud_0,access_1-edge_0|edge_0-cloud_0,81.90945,0.091086,edge_0,access_1-edge_0
122,2,access_0|edge_2|cloud_0,access_0-edge_2|edge_2-cloud_0,83.69455,0.092304,edge_2,edge_2-cloud_0
123,0,access_0|edge_3|cloud_0,access_0-edge_3|edge_3-cloud_0,87.61079,0.089743,edge_3,edge_3-cloud_0
123,1,access_1|edge_0|cloud_0,access_1-edge_0|edge_0-cloud_0,84.2496,0.087303,edge_0,edge_0-cloud_0
123,2,access_0|edge_2|cloud_0,access_0-edge_2|edge_2-cloud_0,85.66315,0.091293,edge_2,edge_2-cloud_0
124,0,access_0|edge_3|cloud_0,access_0-edge_3|edge_3-cloud_0,82.20362,0.091603,edge_3,access_0-edge_3
124,1,access_1|edge_0|cloud_0,access_1-edge_0|edge_0-cloud_0,82.5966,0.089306,edge_0,edge_0-cloud_0
124,2,access_0|edge_2|cloud_0,access_0-edge_2|edge_2-cloud_0,85.10936,0.094639,edge_2,edge_2-cloud_0
125,0,access_0|edge_3|cloud_0,access_0-edge_3|edge_3-cloud_0,85.64257,0.088875,edge_3,access_0-edge_3
125,1,access_1|edge_0|cloud_0,access_1-edge_0|edge_0-cloud_0,84.90873,0.086077,edge_0,access_1-edge_0
125,2,access_0|edge_2|cloud_0,access_0-edge_2|edge_2-cloud_0,85.65796,0.086775,edge_2,access_0-edge_2
126,0,access_0|edge_3|cloud_0,access_0-edge_3|edge_3-cloud_0,86.15106,0.09392,edge_3,access_0-edge_3
126,1,access_1|edge_0|cloud_0,access_1-edge_0|edge_0-cloud_0,85.3345,0.091043,edge_0,access_1-edge_0
126,2,access_0|edge_2|cloud_0,access_0-edge_2|edge_2-cloud_0,85.62576,0.093448,edge_2,edge_2-cloud_0
127,0,access_0|edge_3|cloud_0,access_0-edge_3|edge_3-cloud_0,85.98009,0.086609,edge_3,access_0-edge_3
127,1,access_1|edge_0|cloud_0,access_1-edge_0|edge_0-cloud_0,83.38696,0.092964,edge_0,access_1-edge_0
127,2,access_0|edge_2|cloud_0,access_0-edge_2|edge_2-cloud_0,81.82462,0.09084,edge_2,edge_2-cloud_0
128,0,access_0|edge_3|cloud_0,access_0-edge_3|edge_3-cloud_0,82.47031,0.091546,edge_3,access_0-edge_3
128,1,access_1|edge_0|cloud_0,access_1-edge_0|edge_0-cloud_0,85.10824,0.088423,edge_0,access_1-edge_0
128,2,access_0|edge_2|cloud_0,access_0-edge_2|edge_2-cloud_0,84.46584,0.091962,edge_2,edge_2-cloud_0
129,0,access_0|edge_3|cloud_0,access_0-edge_3|edge_3-cloud_0,82.92098,0.088182,edge_3,edge_3-cloud_0
129,1,access_1|edge_0|cloud_0,access_1-edge_0|edge_0-cloud_0,87.83152,0.088563,edge_0,edge_0-cloud_0
129,2,access_0|edge_2|cloud_0,access_0-edge_2|edge_2-cloud_0,84.66182,0.088308,edge_2,access_0-edge_2
130,0,access_0|edge_3|cloud_0,access_0-edge_3|edge_3-cloud_0,83.22642,0.094101,edge_3,access_0-edge_3
130,1,access_1|edge_0|cloud_0,access_1-edge_0|edge_0-cloud_0,83.82227,0.085573,edge_0,edge_0-cloud_0
130,2,access_0|edge_2|cloud_0,access_0-edge_2|edge_2-cloud_0,85.49949,0.087799,edge_2,access_0-edge_2
131,0,access_0|edge_3|cloud_0,access_0-edge_3|edge_3-cloud_0,85.39569,0.088395,edge_3,edge_3-cloud_0
131,1,access_1|edge_0|cloud_0,access_1-edge_0|edge_0-cloud_0,84.26298,0.087359,edge_0,access_1-edge_0
131,2,access_0|edge_2|cloud_0,access_0-edge_2|edge_2-cloud_0,83.28152,0.094244,edge_2,edge_2-cloud_0
132,0,access_0|edge_3|cloud_0,access_0-edge_3|edge_3-cloud_0,86.91495,0.09388,edge_3,edge_3-cloud_0
132,1,access_1|edge_0|cloud_0,access_1-edge_0|edge_0-cloud_0,84.16106,0.091782,edge_0,access_1-edge_0
132,2,access_0|edge_2|cloud_0,access_0-edge_2|edge_2-cloud_0,87.33757,0.091718,edge_2,edge_2-cloud_0
133,0,access_0|edge_3|cloud_0,access_0-edge_3|edge_3-cloud_0,84.67043,0.089511,edge_3,edge_3-cloud_0
133,1,access_1|edge_0|cloud_0,access_1-edge_0|edge_0-cloud_0,86.69915,0.088222,edge_0,edge_0-cloud_0
133,2,access_0|edge_2|cloud_0,access_0-edge_2|edge_2-cloud_0,84.314,0.088824,edge_2,edge_2-cloud_0
134,0,access_0|edge_3|cloud_0,access_0-edge_3|edge_3-cloud_0,86.33887,0.092069,edge_3,edge_3-cloud_0
134,1,access_1|edge_0|cloud_0,access_1-edge_0|edge_0-cloud_0,83.96539,0.093424,edge_0,edge_0-cloud_0
134,2,access_0|edge_2|cloud_0,access_0-edge_2|edge_2-cloud_0,86.73524,0.091955,edge_2,edge_2-cloud_0
135,0,access_0|edge_3|cloud_0,access_0-edge_3|edge_3-cloud_0,85.3025,0.08878,edge_3,access_0-edge_3
135,1,access_1|edge_0|cloud_0,access_1-edge_0|edge_0-cloud_0,84.05425,0.094865,edge_0,access_1-edge_0
135,2,access_0|edge_2|cloud_0,access_0-edge_2|edge_2-cloud_0,86.0583,0.092216,edge_2,access_0-edge_2
136,0,access_0|edge_3|cloud_0,access_0-edge_3|edge_3-cloud_0,83.38616,0.086162,edge_3,edge_3-cloud_0
136,1,access_1|edge_0|cloud_0,access_1-edge_0|edge_0-cloud_0,84.56918,0.089105,edge_0,access_1-edge_0
136,2,access_0|edge_2|cloud_0,access_0-edge_2|edge_2-cloud_0,85.7627,0.09452,edge_2,access_0-edge_2
137,0,access_0|edge_3|cloud_0,access_0-edge_3|edge_3-cloud_0,84.24676,0.088217,edge_3,edge_3-cloud_0
137,1,access_1|edge_0|cloud_0,access_1-edge_0|edge_0-cloud_0,86.67771,0.086647,edge_0,access_1-edge_0
137,2,access_0|edge_2|cloud_0,access_0-edge_2|edge_2-cloud_0,84.83171,0.088474,edge_2,access_0-edge_2
138,0,access_0|edge_3|cloud_0,access_0-edge_3|edge_3-cloud_0,80.85641,0.089903,edge_3,edge_3-cloud_0
138,1,access_1|edge_0|cloud_0,access_1-edge_0|edge_0-cloud_0,82.46072,0.088193,edge_0,access_1-edge_0
138,2,access_0|edge_2|cloud_0,access_0-edge_2|edge_2-cloud_0,86.34985,0.09437,edge_2,edge_2-cloud_0
139,0,access_0|edge_3|cloud_0,access_0-edge_3|edge_3-cloud_0,83.00267,0.088625,edge_3,edge_3-cloud_0
139,1,access_1|edge_0|cloud_0,access_1-edge_0|edge_0-cloud_0,83.93132,0.084157,edge_0,access_1-edge_0
139,2,access_0|edge_2|cloud_0,access_0-edge_2|edge_2-cloud_0,85.66634,0.084971,edge_2,edge_2-cloud_0
140,0,access_0|edge_4|cloud_0,access_0-edge_4|edge_4-cloud_0,85.41675,0.091807,edge_4,access_0-edge_4
140,1,access_1|edge_1|cloud_0,access_1-edge_1|edge_1-cloud_0,82.22205,0.0928,edge_1,access_1-edge_1
140,2,access_0|edge_3|cloud_0,access_0-edge_3|edge_3-cloud_0,84.07301,0.093093,edge_3,access_0-edge_3
141,0,access_0|edge_4|cloud_0,access_0-edge_4|edge_4-cloud_0,85.86981,0.087805,edge_4,access_0-edge_4
141,1,access_1|edge_1|cloud_0,access_1-edge_1|edge_1-cloud_0,84.68362,0.090511,edge_1,edge_1-cloud_0
141,2,access_0|edge_3|cloud_0,access_0-edge_3|edge_3-cloud_0,83.62324,0.08933,edge_3,edge_3-cloud_0
142,0,access_0|edge_4|cloud_0,access_0-edge_4|edge_4-cloud_0,86.44345,0.093597,edge_4,edge_4-cloud_0
142,1,access_1|edge_1|cloud_0,access_1-edge_1|edge_1-cloud_0,86.19075,0.089093,edge_1,edge_1-cloud_0
142,2,access_0|edge_3|cloud_0,access_0-edge_3|edge_3-cloud_0,85.19734,0.084518,edge_3,access_0-edge_3
143,0,access_0|edge_4|cloud_0,access_0-edge_4|edge_4-cloud_0,83.89145,0.08991,edge_4,access_0-edge_4
143,1,access_1|edge_1|cloud_0,access_1-edge_1|edge_1-cloud_0,84.18804,0.089812,edge_1,access_1-edge_1
143,2,access_0|edge_3|cloud_0,access_0-edge_3|edge_3-cloud_0,86.94141,0.092229,edge_3,access_0-edge_3
144,0,access_0|edge_4|cloud_0,access_0-edge_4|edge_4-cloud_0,85.79506,0.089726,edge_4,access_0-edge_4
144,1,access_1|edge_1|cloud_0,access_1-edge_1|edge_1-cloud_0,78.32739,0.090701,edge_1,edge_1-cloud_0
144,2,access_0|edge_3|cloud_0,access_0-edge_3|edge_3-cloud_0,86.32693,0.090375,edge_3,access_0-edge_3
145,0,access_0|edge_4|cloud_0,access_0-edge_4|edge_4-cloud_0,65.21009,0.007171,cloud_0,access_0-edge_4
145,1,access_1|edge_1|cloud_0,access_1-edge_1|edge_1-cloud_0,67.3731,0.006514,cloud_0,access_1-edge_1
145,2,access_0|edge_3|cloud_0,access_0-edge_3|edge_3-cloud_0,62.35765,0.006675,cloud_0,access_0-edge_3
146,0,access_0|edge_4|cloud_0,access_0-edge_4|edge_4-cloud_0,65.27869,0.008904,cloud_0,edge_4-cloud_0
146,1,access_1|edge_1|cloud_0,access_1-edge_1|edge_1-cloud_0,66.63635,0.013326,cloud_0,access_1-edge_1
146,2,access_0|edge_3|cloud_0,access_0-edge_3|edge_3-cloud_0,64.66059,0.007228,cloud_0,edge_3-cloud_0
147,0,access_0|edge_4|cloud_0,access_0-edge_4|edge_4-cloud_0,63.61328,0.00723,cloud_0,access_0-edge_4
147,1,access_1|edge_1|cloud_0,access_1-edge_1|edge_1-cloud_0,67.17715,0.00847,cloud_0,access_1-edge_1
147,2,access_0|edge_3|cloud_0,access_0-edge_3|edge_3-cloud_0,66.228,0.005908,cloud_0,access_0-edge_3
148,0,access_0|edge_4|cloud_0,access_0-edge_4|edge_4-cloud_0,68.88734,0.013182,cloud_0,edge_4-cloud_0
148,1,access_1|edge_1|cloud_0,access_1-edge_1|edge_1-cloud_0,63.64267,0.010471,cloud_0,edge_1-cloud_0
148,2,access_0|edge_3|cloud_0,access_0-edge_3|edge_3-cloud_0,62.39161,0.005883,cloud_0,access_0-edge_3
149,0,access_0|edge_4|cloud_0,access_0-edge_4|edge_4-cloud_0,63.09471,0.009306,cloud_0,access_0-edge_4
149,1,access_1|edge_1|cloud_0,access_1-edge_1|edge_1-cloud_0,66.30764,0.008325,cloud_0,access_1-edge_1
149,2,access_0|edge_3|cloud_0,access_0-edge_3|edge_3-cloud_0,68.97577,0.003639,cloud_0,access_0-edge_3
150,0,access_0|edge_4|cloud_0,access_0-edge_4|edge_4-cloud_0,65.28166,0.00546,cloud_0,access_0-edge_4
150,1,access_1|edge_1|cloud_0,access_1-edge_1|edge_1-cloud_0,65.5812,0.005654,cloud_0,edge_1-cloud_0
150,2,access_0|edge_3|cloud_0,access_0-edge_3|edge_3-cloud_0,63.39637,0.002218,cloud_0,access_0-edge_3
151,0,access_0|edge_4|cloud_0,access_0-edge_4|edge_4-cloud_0,63.1223,0.009161,cloud_0,access_0-edge_4
151,1,access_1|edge_1|cloud_0,access_1-edge_1|edge_1-cloud_0,63.64179,0.01111,cloud_0,access_1-edge_1
151,2,access_0|edge_3|cloud_0,access_0-edge_3|edge_3-cloud_0,63.04571,0.010577,cloud_0,access_0-edge_3
152,0,access_0|edge_4|cloud_0,access_0-edge_4|edge_4-cloud_0,62.37447,0.006054,cloud_0,edge_4-cloud_0
152,1,access_1|edge_1|cloud_0,access_1-edge_1|edge_1-cloud_0,67.80883,0.01091,cloud_0,access_1-edge_1
152,2,access_0|edge_3|cloud_0,access_0-edge_3|edge_3-cloud_0,66.26205,0.011018,cloud_0,edge_3-cloud_0
153,0,access_0|edge_4|cloud_0,access_0-edge_4|edge_4-cloud_0,66.42572,0.011946,cloud_0,edge_4-cloud_0
153,1,access_1|edge_1|cloud_0,access_1-edge_1|edge_1-cloud_0,65.55192,0.006636,cloud_0,access_1-edge_1
153,2,access_0|edge_3|cloud_0,access_0-edge_3|edge_3-cloud_0,63.49045,0.010931,cloud_0,access_0-edge_3
154,0,access_0|edge_4|cloud_0,access_0-edge_4|edge_4-cloud_0,63.781,0.002429,cloud_0,access_0-edge_4
154,1,access_1|edge_1|cloud_0,access_1-edge_1|edge_1-cloud_0,64.59804,0.005139,cloud_0,access_1-edge_1
154,2,access_0|edge_3|cloud_0,access_0-edge_3|edge_3-cloud_0,63.07128,0.004467,cloud_0,access_0-edge_3
155,0,access_0|edge_4|cloud_0,access_0-edge_4|edge_4-cloud_0,61.97128,0.006524,cloud_0,edge_4-cloud_0
155,1,access_1|edge_1|cloud_0,access_1-edge_1|edge_1-cloud_0,60.44954,0.001935,cloud_0,access_1-edge_1
155,2,access_0|edge_3|cloud_0,access_0-edge_3|edge_3-cloud_0,61.47223,0.008152,cloud_0,edge_3-cloud_0
156,0,access_0|edge_4|cloud_0,access_0-edge_4|edge_4-cloud_0,61.91412,0.008058,edge_4,access_0-edge_4
156,1,access_1|edge_1|cloud_0,access_1-edge_1|edge_1-cloud_0,62.87338,0.009429,cloud_0,access_1-edge_1
156,2,access_0|edge_3|cloud_0,access_0-edge_3|edge_3-cloud_0,67.24896,0.009312,cloud_0,access_0-edge_3
157,0,access_0|edge_4|cloud_0,access_0-edge_4|edge_4-cloud_0,65.7152,0.009541,cloud_0,access_0-edge_4
157,1,access_1|edge_1|cloud_0,access_1-edge_1|edge_1-cloud_0,65.087,0.007776,edge_1,edge_1-cloud_0
157,2,access_0|edge_3|cloud_0,access_0-edge_3|edge_3-cloud_0,64.28917,0.006892,cloud_0,edge_3-cloud_0
158,0,access_0|edge_4|cloud_0,access_0-edge_4|edge_4-cloud_0,68.17919,0.004042,cloud_0,edge_4-cloud_0
158,1,access_1|edge_1|cloud_0,access_1-edge_1|edge_1-cloud_0,68.83184,0.008034,cloud_0,edge_1-cloud_0
158,2,access_0|edge_3|cloud_0,access_0-edge_3|edge_3-cloud_0,62.7655,0.006896,cloud_0,access_0-edge_3
159,0,access_0|edge_4|cloud_0,access_0-edge_4|edge_4-cloud_0,62.71618,0.011202,edge_4,access_0-edge_4
159,1,access_1|edge_1|cloud_0,access_1-edge_1|edge_1-cloud_0,64.58759,0.012706,edge_1,access_1-edge_1
159,2,access_0|edge_3|cloud_0,access_0-edge_3|edge_3-cloud_0,69.18597,0.008732,edge_3,edge_3-cloud_0
160,0,access_0|edge_4|cloud_0,access_0-edge_4|edge_4-cloud_0,63.89465,0.009084,edge_4,access_0-edge_4
160,1,access_1|edge_1|cloud_0,access_1-edge_1|edge_1-cloud_0,63.23141,0.005401,edge_1,edge_1-cloud_0
160,2,access_0|edge_3|cloud_0,access_0-edge_3|edge_3-cloud_0,65.46426,0.006237,edge_3,edge_3-cloud_0
161,0,access_0|edge_4|cloud_0,access_0-edge_4|edge_4-cloud_0,66.50739,0.010676,edge_4,edge_4-cloud_0
161,1,access_1|edge_1|cloud_0,access_1-edge_1|edge_1-cloud_0,64.15161,0.008301,edge_1,edge_1-cloud_0
161,2,access_0|edge_3|cloud_0,access_0-edge_3|edge_3-cloud_0,62.35138,0.004668,edge_3,access_0-edge_3
162,0,access_0|edge_4|cloud_0,access_0-edge_4|edge_4-cloud_0,64.51561,0.005845,edge_4,access_0-edge_4
162,1,access_1|edge_1|cloud_0,access_1-edge_1|edge_1-cloud_0,64.72412,0.001267,edge_1,edge_1-cloud_0
162,2,access_0|edge_3|cloud_0,access_0-edge_3|edge_3-cloud_0,65.05793,0.008081,edge_3,edge_3-cloud_0
163,0,access_0|edge_4|cloud_0,access_0-edge_4|edge_4-cloud_0,64.03173,0.00539,edge_4,edge_4-cloud_0
163,1,access_1|edge_1|cloud_0,access_1-edge_1|edge_1-cloud_0,63.35965,0.009043,edge_1,edge_1-cloud_0
163,2,access_0|edge_3|cloud_0,access_0-edge_3|edge_3-cloud_0,63.71016,0.011943,edge_3,access_0-edge_3
164,0,access_0|edge_4|cloud_0,access_0-edge_4|edge_4-cloud_0,62.48978,0.004153,edge_4,access_0-edge_4
164,1,access_1|edge_1|cloud_0,access_1-edge_1|edge_1-cloud_0,64.03029,0.007293,edge_1,access_1-edge_1
164,2,access_0|edge_3|cloud_0,access_0-edge_3|edge_3-cloud_0,65.17076,0.00921,edge_3,access_0-edge_3
165,0,access_0|edge_4|cloud_0,access_0-edge_4|edge_4-cloud_0,83.27778,0.068158,edge_4,edge_4-cloud_0
165,1,access_1|edge_1|cloud_0,access_1-edge_1|edge_1-cloud_0,88.30136,0.075115,edge_1,edge_1-cloud_0
165,2,access_0|edge_3|cloud_0,access_0-edge_3|edge_3-cloud_0,84.50331,0.072821,edge_3,edge_3-cloud_0
166,0,access_0|edge_4|cloud_0,access_0-edge_4|edge_4-cloud_0,86.77027,0.071848,edge_4,edge_4-cloud_0
166,1,access_1|edge_1|cloud_0,access_1-edge_1|edge_1-cloud_0,85.18215,0.070203,edge_1,edge_1-cloud_0
166,2,access_0|edge_3|cloud_0,access_0-edge_3|edge_3-cloud_0,84.84908,0.072824,edge_3,access_0-edge_3
167,0,access_0|edge_4|cloud_0,access_0-edge_4|edge_4-cloud_0,85.5069,0.072994,edge_4,access_0-edge_4
167,1,access_1|edge_1|cloud_0,access_1-edge_1|edge_1-cloud_0,85.71321,0.072671,edge_1,access_1-edge_1
167,2,access_0|edge_3|cloud_0,access_0-edge_3|edge_3-cloud_0,86.19731,0.074301,edge_3,edge_3-cloud_0
168,0,access_0|edge_4|cloud_0,access_0-edge_4|edge_4-cloud_0,83.66649,0.070698,edge_4,access_0-edge_4
168,1,access_1|edge_1|cloud_0,access_1-edge_1|edge_1-cloud_0,85.15447,0.068069,edge_1,edge_1-cloud_0
168,2,access_0|edge_3|cloud_0,access_0-edge_3|edge_3-cloud_0,84.37705,0.070912,edge_3,access_0-edge_3
169,0,access_0|edge_4|cloud_0,access_0-edge_4|edge_4-cloud_0,84.13692,0.071756,edge_4,edge_4-cloud_0
169,1,access_1|edge_1|cloud_0,access_1-edge_1|edge_1-cloud_0,82.35478,0.073121,edge_1,edge_1-cloud_0
169,2,access_0|edge_3|cloud_0,access_0-edge_3|edge_3-cloud_0,84.30385,0.069487,edge_3,edge_3-cloud_0
170,0,access_0|edge_4|cloud_0,access_0-edge_4|edge_4-cloud_0,84.60474,0.071758,edge_4,edge_4-cloud_0
170,1,access_1|edge_1|cloud_0,access_1-edge_1|edge_1-cloud_0,86.00335,0.076131,edge_1,edge_1-cloud_0
170,2,access_0|edge_3|cloud_0,access_0-edge_3|edge_3-cloud_0,85.37778,0.076079,edge_3,access_0-edge_3
171,0,access_0|edge_4|cloud_0,access_0-edge_4|edge_4-cloud_0,82.45046,0.075949,edge_4,access_0-edge_4
171,1,access_1|edge_1|cloud_0,access_1-edge_1|edge_1-cloud_0,82.66533,0.074404,edge_1,access_1-edge_1
171,2,access_0|edge_3|cloud_0,access_0-edge_3|edge_3-cloud_0,83.45141,0.072323,edge_3,access_0-edge_3
172,0,access_0|edge_4|cloud_0,access_0-edge_4|edge_4-cloud_0,82.93454,0.067222,edge_4,edge_4-cloud_0
172,1,access_1|edge_1|cloud_0,access_1-edge_1|edge_1-cloud_0,85.84907,0.066408,edge_1,access_1-edge_1
172,2,access_0|edge_3|cloud_0,access_0-edge_3|edge_3-cloud_0,85.6477,0.074215,edge_3,access_0-edge_3
173,0,access_0|edge_4|cloud_0,access_0-edge_4|edge_4-cloud_0,82.41009,0.068488,edge_4,access_0-edge_4
173,1,access_1|edge_1|cloud_0,access_1-edge_1|edge_1-cloud_0,85.02678,0.069318,edge_1,edge_1-cloud_0
173,2,access_0|edge_3|cloud_0,access_0-edge_3|edge_3-cloud_0,84.90015,0.071337,edge_3,access_0-edge_3
174,0,access_0|edge_4|cloud_0,access_0-edge_4|edge_4-cloud_0,83.77991,0.065873,edge_4,edge_4-cloud_0
174,1,access_1|edge_1|cloud_0,access_1-edge_1|edge_1-cloud_0,87.20755,0.073381,edge_1,access_1-edge_1
174,2,access_0|edge_3|cloud_0,access_0-edge_3|edge_3-cloud_0,87.34666,0.073468,edge_3,edge_3-cloud_0
175,0,access_0|edge_0|cloud_0,access_0-edge_0|edge_0-cloud_0,85.62968,0.068504,edge_0,edge_0-cloud_0
175,1,access_1|edge_2|cloud_0,access_1-edge_2|edge_2-cloud_0,83.32772,0.073126,edge_2,access_1-edge_2
175,2,access_0|edge_4|cloud_0,access_0-edge_4|edge_4-cloud_0,83.20566,0.071284,edge_4,access_0-edge_4
176,0,access_0|edge_0|cloud_0,access_0-edge_0|edge_0-cloud_0,85.44413,0.068014,edge_0,access_0-edge_0
176,1,access_1|edge_2|cloud_0,access_1-edge_2|edge_2-cloud_0,82.53786,0.069179,edge_2,access_1-edge_2
176,2,access_0|edge_4|cloud_0,access_0-edge_4|edge_4-cloud_0,82.10837,0.070288,edge_4,edge_4-cloud_0
177,0,access_0|edge_0|cloud_0,access_0-edge_0|edge_0-cloud_0,82.2671,0.068399,edge_0,edge_0-cloud_0
177,1,access_1|edge_2|cloud_0,access_1-edge_2|edge_2-cloud_0,80.37981,0.068237,edge_2,access_1-edge_2
177,2,access_0|edge_4|cloud_0,access_0-edge_4|edge_4-cloud_0,80.83066,0.071285,edge_4,access_0-edge_4
178,0,access_0|edge_0|cloud_0,access_0-edge_0|edge_0-cloud_0,65.06049,0.004541,edge_0,access_0-edge_0
178,1,access_1|edge_2|cloud_0,access_1-edge_2|edge_2-cloud_0,64.39543,0.009705,edge_2,edge_2-cloud_0
178,2,access_0|edge_4|cloud_0,access_0-edge_4|edge_4-cloud_0,66.01957,0.011818,edge_4,access_0-edge_4
179,0,access_0|edge_0|cloud_0,access_0-edge_0|edge_0-cloud_0,63.51881,0.006185,edge_0,edge_0-cloud_0
179,1,access_1|edge_2|cloud_0,access_1-edge_2|edge_2-cloud_0,64.39199,0.00302,edge_2,access_1-edge_2
179,2,access_0|edge_4|cloud_0,access_0-edge_4|edge_4-cloud_0,63.27448,0.008401,edge_4,access_0-edge_4
180,0,access_0|edge_0|cloud_0,access_0-edge_0|edge_0-cloud_0,62.40414,0.009114,edge_0,edge_0-cloud_0
180,1,access_1|edge_2|cloud_0,access_1-edge_2|edge_2-cloud_0,67.09811,0.011366,edge_2,edge_2-cloud_0
180,2,access_0|edge_4|cloud_0,access_0-edge_4|edge_4-cloud_0,63.75991,0.008829,edge_4,access_0-edge_4
181,0,access_0|edge_0|cloud_0,access_0-edge_0|edge_0-cloud_0,69.04905,0.002145,edge_0,access_0-edge_0
181,1,access_1|edge_2|cloud_0,access_1-edge_2|edge_2-cloud_0,64.19393,0.009509,edge_2,edge_2-cloud_0
181,2,access_0|edge_4|cloud_0,access_0-edge_4|edge_4-cloud_0,65.34583,0.010675,edge_4,edge_4-cloud_0
182,0,access_0|edge_0|cloud_0,access_0-edge_0|edge_0-cloud_0,65.19261,0.010487,edge_0,access_0-edge_0
182,1,access_1|edge_2|cloud_0,access_1-edge_2|edge_2-cloud_0,68.01273,0.005679,edge_2,edge_2-cloud_0
182,2,access_0|edge_4|cloud_0,access_0-edge_4|edge_4-cloud_0,63.193,0.010078,edge_4,access_0-edge_4
183,0,access_0|edge_0|cloud_0,access_0-edge_0|edge_0-cloud_0,62.87171,0.005455,edge_0,edge_0-cloud_0
183,1,access_1|edge_2|cloud_0,access_1-edge_2|edge_2-cloud_0,64.0745,0.008225,edge_2,edge_2-cloud_0
183,2,access_0|edge_4|cloud_0,access_0-edge_4|edge_4-cloud_0,64.3817,0.004751,edge_4,edge_4-cloud_0
184,0,access_0|edge_0|cloud_0,access_0-edge_0|edge_0-cloud_0,66.92444,0.013328,edge_0,access_0-edge_0
184,1,access_1|edge_2|cloud_0,access_1-edge_2|edge_2-cloud_0,69.07062,0.003017,edge_2,edge_2-cloud_0
184,2,access_0|edge_4|cloud_0,access_0-edge_4|edge_4-cloud_0,65.00856,0.001787,edge_4,access_0-edge_4
185,0,access_0|edge_0|cloud_0,access_0-edge_0|edge_0-cloud_0,64.6379,0.007289,edge_0,edge_0-cloud_0
185,1,access_1|edge_2|cloud_0,access_1-edge_2|edge_2-cloud_0,64.05293,0.00658,edge_2,access_1-edge_2
185,2,access_0|edge_4|cloud_0,access_0-edge_4|edge_4-cloud_0,64.06306,0.008885,edge_4,edge_4-cloud_0
186,0,access_0|edge_0|cloud_0,access_0-edge_0|edge_0-cloud_0,67.41873,0.012009,edge_0,edge_0-cloud_0
186,1,access_1|edge_2|cloud_0,access_1-edge_2|edge_2-cloud_0,64.25797,0.011591,edge_2,access_1-edge_2
186,2,access_0|edge_4|cloud_0,access_0-edge_4|edge_4-cloud_0,62.72776,0.003304,edge_4,edge_4-cloud_0
187,0,access_0|edge_0|cloud_0,access_0-edge_0|edge_0-cloud_0,64.47281,0.006332,edge_0,edge_0-cloud_0
187,1,access_1|edge_2|cloud_0,access_1-edge_2|edge_2-cloud_0,63.57892,0.004618,edge_2,edge_2-cloud_0
187,2,access_0|edge_4|cloud_0,access_0-edge_4|edge_4-cloud_0,66.61964,0.012323,cloud_0,access_0-edge_4
188,0,access_0|edge_0|cloud_0,access_0-edge_0|edge_0-cloud_0,64.34776,0.010686,edge_0,access_0-edge_0
188,1,access_1|edge_2|cloud_0,access_1-edge_2|edge_2-cloud_0,64.48447,0.00905,edge_2,access_1-edge_2
188,2,access_0|edge_4|cloud_0,access_0-edge_4|edge_4-cloud_0,67.1651,0.01047,cloud_0,access_0-edge_4
189,0,access_0|edge_0|cloud_0,access_0-edge_0|edge_0-cloud_0,67.39336,0.006523,edge_0,access_0-edge_0
189,1,access_1|edge_2|cloud_0,access_1-edge_2|edge_2-cloud_0,65.8201,0.011413,edge_2,access_1-edge_2
189,2,access_0|edge_4|cloud_0,access_0-edge_4|edge_4-cloud_0,67.78548,0.01136,edge_4,edge_4-cloud_0
190,0,access_0|edge_0|cloud_0,access_0-edge_0|edge_0-cloud_0,64.19098,0.010121,edge_0,edge_0-cloud_0
190,1,access_1|edge_2|cloud_0,access_1-edge_2|edge_2-cloud_0,62.91947,0.00989,cloud_0,access_1-edge_2
190,2,access_0|edge_4|cloud_0,access_0-edge_4|edge_4-cloud_0,64.17327,0.008854,edge_4,access_0-edge_4
191,0,access_0|edge_0|cloud_0,access_0-edge_0|edge_0-cloud_0,66.98495,0.007734,edge_0,access_0-edge_0
191,1,access_1|edge_2|cloud_0,access_1-edge_2|edge_2-cloud_0,66.56442,0.00383,cloud_0,access_1-edge_2
191,2,access_0|edge_4|cloud_0,access_0-edge_4|edge_4-cloud_0,66.14521,0.008094,cloud_0,edge_4-cloud_0
192,0,access_0|edge_0|cloud_0,access_0-edge_0|edge_0-cloud_0,61.4961,0.007091,cloud_0,access_0-edge_0
192,1,access_1|edge_2|cloud_0,access_1-edge_2|edge_2-cloud_0,64.54536,0.007293,cloud_0,edge_2-cloud_0
192,2,access_0|edge_4|cloud_0,access_0-edge_4|edge_4-cloud_0,64.67745,0.007861,cloud_0,access_0-edge_4
193,0,access_0|edge_0|cloud_0,access_0-edge_0|edge_0-cloud_0,63.13469,0.008056,cloud_0,edge_0-cloud_0
193,1,access_1|edge_2|cloud_0,access_1-edge_2|edge_2-cloud_0,65.51036,0.002153,cloud_0,edge_2-cloud_0
193,2,access_0|edge_4|cloud_0,access_0-edge_4|edge_4-cloud_0,65.00347,0.008344,cloud_0,access_0-edge_4
194,0,access_0|edge_0|cloud_0,access_0-edge_0|edge_0-cloud_0,65.18801,0.010358,cloud_0,access_0-edge_0
194,1,access_1|edge_2|cloud_0,access_1-edge_2|edge_2-cloud_0,61.94638,0.006471,edge_2,access_1-edge_2
194,2,access_0|edge_4|cloud_0,access_0-edge_4|edge_4-cloud_0,61.35072,0.010229,cloud_0,access_0-edge_4
195,0,access_0|edge_0|cloud_0,access_0-edge_0|edge_0-cloud_0,66.75926,0.004309,cloud_0,access_0-edge_0
195,1,access_1|edge_2|cloud_0,access_1-edge_2|edge_2-cloud_0,62.43081,0.008606,cloud_0,access_1-edge_2
195,2,access_0|edge_4|cloud_0,access_0-edge_4|edge_4-cloud_0,66.51147,0.007663,cloud_0,access_0-edge_4
196,0,access_0|edge_0|cloud_0,access_0-edge_0|edge_0-cloud_0,64.82428,0.00988,cloud_0,access_0-edge_0
196,1,access_1|edge_2|cloud_0,access_1-edge_2|edge_2-cloud_0,67.79792,0.004726,cloud_0,edge_2-cloud_0
196,2,access_0|edge_4|cloud_0,access_0-edge_4|edge_4-cloud_0,68.02876,0.016405,cloud_0,edge_4-cloud_0
197,0,access_0|edge_0|cloud_0,access_0-edge_0|edge_0-cloud_0,65.92705,0.011201,cloud_0,edge_0-cloud_0
197,1,access_1|edge_2|cloud_0,access_1-edge_2|edge_2-cloud_0,67.53733,0.013565,cloud_0,access_1-edge_2
197,2,access_0|edge_4|cloud_0,access_0-edge_4|edge_4-cloud_0,64.56774,0.010527,cloud_0,edge_4-cloud_0
198,0,access_0|edge_0|cloud_0,access_0-edge_0|edge_0-cloud_0,61.12601,0.006363,cloud_0,edge_0-cloud_0
198,1,access_1|edge_2|cloud_0,access_1-edge_2|edge_2-cloud_0,67.00095,0.008988,cloud_0,edge_2-cloud_0
198,2,access_0|edge_4|cloud_0,access_0-edge_4|edge_4-cloud_0,67.02242,0.006833,cloud_0,access_0-edge_4
199,0,access_0|edge_0|cloud_0,access_0-edge_0|edge_0-cloud_0,60.29947,0.009487,edge_0,edge_0-cloud_0
199,1,access_1|edge_2|cloud_0,access_1-edge_2|edge_2-cloud_0,68.36315,0.012335,cloud_0,access_1-edge_2
199,2,access_0|edge_4|cloud_0,access_0-edge_4|edge_4-cloud_0,64.92545,0.008451,cloud_0,access_0-edge_4
