time,service_id,user_id,service_type,request_rate,response_time,base_response_time,dependency_count,current_edge,cloud_node,last_violation
0,0,0,latency,14.2438,90.66319,35.92,1,edge_0,cloud_0,0
0,1,1,reliability,19.1004,111.01517,59.8811,2,edge_2,cloud_0,0
0,2,2,cost,21.4392,127.83005,71.3956,3,edge_4,cloud_0,0
1,0,0,latency,14.5043,91.66577,37.3675,1,edge_0,cloud_0,0
1,1,1,reliability,19.0178,107.81254,56.2939,2,edge_2,cloud_0,0
1,2,2,cost,24.364,127.94002,75.5556,3,edge_4,cloud_0,0
2,0,0,latency,14.85,91.2468,40.2545,1,edge_0,cloud_0,0
2,1,1,reliability,19.9274,112.47459,56.2814,2,edge_2,cloud_0,0
2,2,2,cost,24.6046,138.04172,72.0822,3,edge_4,cloud_0,0
3,0,0,latency,15.8814,96.33156,37.9001,1,edge_0,cloud_0,0
3,1,1,reliability,19.9096,106.01242,56.6381,2,edge_2,cloud_0,0
3,2,2,cost,25.9144,138.01885,73.6909,3,edge_4,cloud_0,0
4,0,0,latency,15.1973,84.60858,37.2957,1,edge_0,cloud_0,0
4,1,1,reliability,20.9608,123.16348,58.7309,2,edge_2,cloud_0,0
4,2,2,cost,25.8602,137.11101,74.8616,3,edge_4,cloud_0,0
5,0,0,latency,17.5883,95.36976,37.1872,1,edge_0,cloud_0,0
5,1,1,reliability,20.5679,115.15873,56.3725,2,edge_2,cloud_0,0
5,2,2,cost,26.5731,137.1438,76.2579,3,edge_4,cloud_0,0
6,0,0,latency,16.0867,94.11717,36.3197,1,edge_0,cloud_0,0
6,1,1,reliability,20.7183,124.49434,59.3012,2,edge_2,cloud_0,0
6,2,2,cost,27.1726,139.27358,75.0863,3,edge_4,cloud_0,0
7,0,0,latency,15.9111,98.56276,38.4643,1,edge_0,cloud_0,0
7,1,1,reliability,21.8223,129.41869,58.4374,2,edge_2,cloud_0,0
7,2,2,cost,27.7115,139.09348,74.4472,3,edge_4,cloud_0,0
8,0,0,latency,17.2105,98.47963,38.1352,1,edge_0,cloud_0,0
8,1,1,reliability,22.256,115.59782,59.2626,2,edge_2,cloud_0,0
8,2,2,cost,26.2164,137.24128,73.3607,3,edge_4,cloud_0,0
9,0,0,latency,16.4693,94.91598,36.7222,1,edge_0,cloud_0,0
9,1,1,reliability,22.0401,126.65856,60.9899,2,edge_2,cloud_0,0
9,2,2,cost,26.9822,131.30366,75.9366,3,edge_4,cloud_0,0
10,0,0,latency,15.6288,94.29489,37.3302,1,edge_0,cloud_0,0
10,1,1,reliability,22.5615,123.20782,59.1724,2,edge_2,cloud_0,0
10,2,2,cost,28.4566,140.59141,75.5867,3,edge_4,cloud_0,0
11,0,0,latency,16.7747,93.54629,37.0753,1,edge_0,cloud_0,0
11,1,1,reliability,23.2216,117.35638,57.6174,2,edge_2,cloud_0,0
11,2,2,cost,26.9962,137.20521,71.7334,3,edge_4,cloud_0,0
12,0,0,latency,16.3444,94.96959,38.9943,1,edge_0,cloud_0,0
12,1,1,reliability,22.6839,116.78399,59.381,2,edge_2,cloud_0,0
12,2,2,cost,27.7182,144.35388,74.3171,3,edge_4,cloud_0,0
13,0,0,latency,17.5541,96.99523,37.3813,1,edge_0,cloud_0,0
13,1,1,reliability,22.9006,113.11286,56.6761,2,edge_2,cloud_0,0
13,2,2,cost,27.7263,137.97045,73.2365,3,edge_4,cloud_0,0
14,0,0,latency,16.0184,91.20821,38.9739,1,edge_0,cloud_0,0
14,1,1,reliability,22.0558,112.61948,58.025,2,edge_2,cloud_0,0
14,2,2,cost,28.2722,139.75529,74.8931,3,edge_4,cloud_0,0
15,0,0,latency,17.3779,91.85523,37.803,1,edge_0,cloud_0,0
15,1,1,reliability,21.9216,112.1951,57.8406,2,edge_2,cloud_0,0
15,2,2,cost,26.325,126.28932,71.1058,3,edge_4,cloud_0,0
16,0,0,latency,15.6092,82.21444,36.0055,1,edge_0,cloud_0,0
16,1,1,reliability,22.3445,115.68664,56.189,2,edge_2,cloud_0,0
16,2,2,cost,27.0796,144.32928,76.5985,3,edge_4,cloud_0,0
17,0,0,latency,16.1585,90.02901,39.475,1,edge_0,cloud_0,0
17,1,1,reliability,20.9821,115.08518,57.5891,2,edge_2,cloud_0,0
17,2,2,cost,26.2544,127.52907,73.3219,3,edge_4,cloud_0,0
18,0,0,latency,16.8501,80.8929,34.5454,1,edge_0,cloud_0,0
18,1,1,reliability,21.7255,112.8434,58.4755,2,edge_2,cloud_0,0
18,2,2,cost,26.1026,128.055,71.1079,3,edge_4,cloud_0,0
19,0,0,latency,15.9327,82.80137,36.941,1,edge_0,cloud_0,0
19,1,1,reliability,21.1638,109.54114,58.0437,2,edge_2,cloud_0,0
19,2,2,cost,27.3618,131.78943,73.5213,3,edge_4,cloud_0,0
20,0,0,latency,14.7212,85.74264,38.3586,1,edge_0,cloud_0,0
20,1,1,reliability,20.711,111.39518,60.7184,2,edge_2,cloud_0,0
20,2,2,cost,26.1981,121.83735,74.7137,3,edge_4,cloud_0,0
21,0,0,latency,16.3493,78.3036,35.6225,1,edge_0,cloud_0,0
21,1,1,reliability,19.5457,106.72563,56.1468,2,edge_2,cloud_0,0
21,2,2,cost,24.6245,124.14401,71.2466,3,edge_4,cloud_0,0
22,0,0,latency,15.3053,84.32059,37.5556,1,edge_0,cloud_0,0
22,1,1,reliability,18.3767,103.84079,55.9688,2,edge_2,cloud_0,0
22,2,2,cost,24.5604,131.31471,75.6763,3,edge_4,cloud_0,0
23,0,0,latency,15.9994,89.05375,43.8277,1,edge_0,cloud_0,0
23,1,1,reliability,19.3628,105.05233,56.0209,2,edge_2,cloud_0,0
23,2,2,cost,21.9548,128.26609,74.5354,3,edge_4,cloud_0,0
24,0,0,latency,13.3496,85.00772,37.1693,1,edge_0,cloud_0,0
24,1,1,reliability,18.0103,104.33842,57.7184,2,edge_2,cloud_0,0
24,2,2,cost,23.8528,127.47279,74.3141,3,edge_4,cloud_0,0
25,0,0,latency,13.4711,81.72306,35.9287,1,edge_0,cloud_0,0
25,1,1,reliability,16.629,105.30125,57.0274,2,edge_2,cloud_0,0
25,2,2,cost,22.2965,129.14759,77.5359,3,edge_4,cloud_0,0
26,0,0,latency,13.3071,83.46,39.9655,1,edge_0,cloud_0,0
26,1,1,reliability,17.0472,102.62646,55.6301,2,edge_2,cloud_0,0
26,2,2,cost,20.9183,124.07305,72.5495,3,edge_4,cloud_0,0
27,0,0,latency,14.5241,82.88805,36.3572,1,edge_0,cloud_0,0
27,1,1,reliability,17.6133,102.61333,56.1941,2,edge_2,cloud_0,0
27,2,2,cost,21.8089,126.36537,74.7699,3,edge_4,cloud_0,0
28,0,0,latency,12.3347,80.24652,37.9185,1,edge_0,cloud_0,0
28,1,1,reliability,15.9412,103.32554,58.8921,2,edge_2,cloud_0,0
28,2,2,cost,20.106,120.40322,71.5488,3,edge_4,cloud_0,0
29,0,0,latency,11.1027,82.328,38.3452,1,edge_0,cloud_0,0
29,1,1,reliability,17.2856,106.37289,58.32,2,edge_2,cloud_0,0
29,2,2,cost,19.8248,124.92856,74.5717,3,edge_4,cloud_0,0
30,0,0,latency,12.8669,80.94744,38.4388,1,edge_0,cloud_0,0
30,1,1,reliability,15.2933,109.80038,60.2126,2,edge_2,cloud_0,0
30,2,2,cost,19.765,123.42894,77.0715,3,edge_4,cloud_0,0
31,0,0,latency,11.7031,76.56906,35.5511,1,edge_0,cloud_0,0
31,1,1,reliability,14.1765,108.33019,61.3019,2,edge_2,cloud_0,0
31,2,2,cost,20.3646,122.27137,73.641,3,edge_4,cloud_0,0
32,0,0,latency,11.0261,84.17781,40.9229,1,edge_0,cloud_0,0
32,1,1,reliability,14.0896,103.80006,56.2105,2,edge_2,cloud_0,0
32,2,2,cost,19.1326,124.5216,73.2108,3,edge_4,cloud_0,0
33,0,0,latency,11.1504,76.61071,37.6731,1,edge_0,cloud_0,0
33,1,1,reliability,15.0099,108.20455,60.815,2,edge_2,cloud_0,0
33,2,2,cost,18.3976,127.80146,75.2879,3,edge_4,cloud_0,0
34,0,0,latency,9.3848,78.65675,37.9026,1,edge_0,cloud_0,0
34,1,1,reliability,13.8941,101.65216,55.5624,2,edge_2,cloud_0,0
34,2,2,cost,17.4099,122.06531,73.3318,3,edge_4,cloud_0,0
35,0,0,latency,11.6791,78.07297,35.3472,1,edge_1,cloud_0,0
35,1,1,reliability,14.4893,100.34238,57.0317,2,edge_3,cloud_0,0
35,2,2,cost,17.7212,126.35142,76.0055,3,edge_0,cloud_0,0
36,0,0,latency,11.3505,85.41262,40.6748,1,edge_1,cloud_0,0
36,1,1,reliability,14.3064,103.09162,56.6081,2,edge_3,cloud_0,0
36,2,2,cost,17.7609,121.52813,74.485,3,edge_0,cloud_0,0
37,0,0,latency,11.0876,78.90904,35.8312,1,edge_1,cloud_0,0
37,1,1,reliability,14.5372,102.89526,58.4565,2,edge_3,cloud_0,0
37,2,2,cost,19.9973,129.20069,77.7537,3,edge_0,cloud_0,0
38,0,0,latency,10.3424,85.57223,37.4252,1,edge_1,cloud_0,0
38,1,1,reliability,13.3979,104.45685,56.8186,2,edge_3,cloud_0,0
38,2,2,cost,18.3649,122.67864,76.4117,3,edge_0,cloud_0,0
39,0,0,latency,10.5712,82.75342,36.6917,1,edge_1,cloud_0,0
39,1,1,reliability,13.022,97.19382,57.6747,2,edge_3,cloud_0,0
39,2,2,cost,17.4752,120.66526,72.9411,3,edge_0,cloud_0,0
40,0,0,latency,10.6312,83.022,37.8115,1,edge_1,cloud_0,0
40,1,1,reliability,13.5691,103.99919,55.0659,2,edge_3,cloud_0,0
40,2,2,cost,20.3213,123.84443,71.4252,3,edge_0,cloud_0,0
41,0,0,latency,10.679,86.24935,41.6738,1,edge_1,cloud_0,0
41,1,1,reliability,17.5951,104.78327,55.6569,2,edge_3,cloud_0,0
41,2,2,cost,18.691,121.20665,74.6831,3,edge_0,cloud_0,0
42,0,0,latency,13.2051,78.88466,36.0263,1,edge_1,cloud_0,0
42,1,1,reliability,15.4259,103.69696,59.5547,2,edge_3,cloud_0,0
42,2,2,cost,19.7699,122.8375,73.2477,3,edge_0,cloud_0,0
43,0,0,latency,12.018,78.73671,35.2502,1,edge_1,cloud_0,0
43,1,1,reliability,15.8318,106.43892,57.4672,2,edge_3,cloud_0,0
43,2,2,cost,20.1054,120.91108,72.8893,3,edge_0,cloud_0,0
44,0,0,latency,12.8372,80.75599,40.0254,1,edge_1,cloud_0,0
44,1,1,reliability,16.5893,105.21734,58.7035,2,edge_3,cloud_0,0
44,2,2,cost,20.5125,120.80336,74.0002,3,edge_0,cloud_0,0
45,0,0,latency,19.2958,118.23038,38.633,1,edge_1,cloud_0,0
45,1,1,reliability,26.183,151.01462,62.1863,2,edge_3,cloud_0,0
45,2,2,cost,33.9073,151.56375,74.7717,3,edge_0,cloud_0,0
46,0,0,latency,19.854,123.59959,35.7752,1,edge_1,cloud_0,1
46,1,1,reliability,27.9952,156.52354,58.5255,2,edge_3,cloud_0,1
46,2,2,cost,34.0042,153.30075,70.5108,3,edge_0,cloud_0,0
47,0,0,latency,21.8188,132.48062,38.9088,1,edge_1,cloud_0,1
47,1,1,reliability,26.9632,145.79785,57.057,2,edge_3,cloud_0,1
47,2,2,cost,34.8373,163.08559,74.1049,3,edge_0,cloud_0,0
48,0,0,latency,21.4663,128.35697,37.793,1,edge_1,cloud_0,1
48,1,1,reliability,28.4734,148.16142,58.3051,2,edge_3,cloud_0,1
48,2,2,cost,36.8272,154.93696,68.8667,3,edge_0,cloud_0,0
49,0,0,latency,22.1337,142.39224,38.353,1,edge_1,cloud_0,1
49,1,1,reliability,29.7352,155.74033,57.2562,2,edge_3,cloud_0,1
49,2,2,cost,35.2683,165.78337,74.656,3,edge_0,cloud_0,0
50,0,0,latency,24.3175,128.82604,34.9323,1,edge_1,cloud_0,1
50,1,1,reliability,30.9988,152.99079,57.3429,2,edge_3,cloud_0,1
50,2,2,cost,37.6309,164.23781,71.8942,3,edge_0,cloud_0,0
51,0,0,latency,23.2594,142.57952,40.6001,1,edge_1,cloud_0,1
51,1,1,reliability,31.5553,163.57949,61.4646,2,edge_3,cloud_0,1
51,2,2,cost,39.5933,167.36992,74.8782,3,edge_0,cloud_0,0
52,0,0,latency,25.4821,138.21018,38.878,1,edge_1,cloud_0,1
52,1,1,reliability,32.4916,168.87223,57.4069,2,edge_3,cloud_0,1
52,2,2,cost,39.6247,176.6124,72.6052,3,edge_0,cloud_0,0
53,0,0,latency,25.3979,137.81647,35.6434,1,edge_1,cloud_0,1
53,1,1,reliability,33.1413,167.87846,57.6187,2,edge_3,cloud_0,1
53,2,2,cost,41.3615,174.94197,75.5017,3,edge_0,cloud_0,0
54,0,0,latency,26.5322,145.36782,39.4615,1,edge_1,cloud_0,1
54,1,1,reliability,31.8782,171.71581,57.8661,2,edge_3,cloud_0,1
54,2,2,cost,40.2582,179.01905,72.9634,3,edge_0,cloud_0,0
55,0,0,latency,26.6965,145.81167,39.2751,1,edge_1,cloud_0,1
55,1,1,reliability,33.1207,164.60194,55.9726,2,edge_3,cloud_0,1
55,2,2,cost,41.8985,168.13934,71.5669,3,edge_0,cloud_0,0
56,0,0,latency,25.2975,134.00054,38.624,1,edge_1,cloud_0,1
56,1,1,reliability,35.0626,166.58587,59.2175,2,edge_3,cloud_0,1
56,2,2,cost,40.6092,177.65831,74.6087,3,edge_0,cloud_0,0
57,0,0,latency,26.1682,151.74735,38.8278,1,edge_1,cloud_0,1
57,1,1,reliability,35.7963,171.28551,53.8735,2,edge_3,cloud_0,1
57,2,2,cost,42.4231,175.42916,75.1818,3,edge_0,cloud_0,0
58,0,0,latency,25.0461,149.83045,40.9519,1,edge_1,cloud_0,1
58,1,1,reliability,35.0632,170.8181,59.6932,2,edge_3,cloud_0,1
58,2,2,cost,42.769,181.54664,75.6275,3,edge_0,cloud_0,0
59,0,0,latency,27.2879,150.4497,38.4658,1,edge_1,cloud_0,1
59,1,1,reliability,35.1171,169.59261,58.5407,2,edge_3,cloud_0,1
59,2,2,cost,42.7352,172.61632,73.7049,3,edge_0,cloud_0,0
60,0,0,latency,26.352,149.91323,38.7668,1,edge_1,cloud_0,1
60,1,1,reliability,35.7834,173.7374,55.8829,2,edge_3,cloud_0,1
60,2,2,cost,43.393,180.95258,76.9629,3,edge_0,cloud_0,0
61,0,0,latency,25.8383,137.927,36.3555,1,edge_1,cloud_0,1
61,1,1,reliability,35.0914,174.55749,59.6888,2,edge_3,cloud_0,1
61,2,2,cost,43.435,180.37894,76.6579,3,edge_0,cloud_0,0
62,0,0,latency,26.9968,142.87212,39.6836,1,edge_1,cloud_0,1
62,1,1,reliability,35.2118,175.52554,62.6553,2,edge_3,cloud_0,1
62,2,2,cost,43.0616,175.42361,69.993,3,edge_0,cloud_0,0
63,0,0,latency,27.394,157.11868,37.0846,1,edge_1,cloud_0,1
63,1,1,reliability,34.5896,180.41688,60.6191,2,edge_3,cloud_0,1
63,2,2,cost,41.6142,179.38703,71.4967,3,edge_0,cloud_0,0
64,0,0,latency,24.5534,149.24506,36.4117,1,edge_1,cloud_0,1
64,1,1,reliability,34.49,178.78862,59.0484,2,edge_3,cloud_0,1
64,2,2,cost,42.6633,179.67235,71.1745,3,edge_0,cloud_0,0
65,0,0,latency,23.6394,148.49253,38.1087,1,edge_1,cloud_0,1
65,1,1,reliability,33.3024,180.75493,58.9188,2,edge_3,cloud_0,1
65,2,2,cost,42.4338,185.53435,74.2765,3,edge_0,cloud_0,0
66,0,0,latency,25.6838,143.60633,38.4584,1,edge_1,cloud_0,1
66,1,1,reliability,33.5598,170.93502,56.5907,2,edge_3,cloud_0,1
66,2,2,cost,41.0521,180.56411,74.3936,3,edge_0,cloud_0,0
67,0,0,latency,25.2626,146.57811,37.2125,1,edge_1,cloud_0,1
67,1,1,reliability,32.9323,174.18851,57.4683,2,edge_3,cloud_0,1
67,2,2,cost,40.3305,170.73162,75.659,3,edge_0,cloud_0,0
68,0,0,latency,22.4926,150.54014,35.4071,1,edge_1,cloud_0,1
68,1,1,reliability,30.6435,169.55011,53.3328,2,edge_3,cloud_0,1
68,2,2,cost,39.0289,177.73064,75.4989,3,edge_0,cloud_0,0
69,0,0,latency,23.299,152.67459,38.3956,1,edge_1,cloud_0,1
69,1,1,reliability,31.9605,173.7715,60.6554,2,edge_3,cloud_0,1
69,2,2,cost,38.5961,179.23429,76.7072,3,edge_0,cloud_0,0
70,0,0,latency,14.8709,92.6925,36.3252,1,edge_2,cloud_0,1
70,1,1,reliability,19.0779,116.50889,55.0389,2,edge_4,cloud_0,1
70,2,2,cost,23.5991,134.54316,73.284,3,edge_1,cloud_0,0
71,0,0,latency,15.0449,99.1917,41.4415,1,edge_2,cloud_0,0
71,1,1,reliability,17.9255,116.83042,58.7857,2,edge_4,cloud_0,0
71,2,2,cost,22.828,134.60931,74.9494,3,edge_1,cloud_0,0
72,0,0,latency,13.8951,84.04837,34.3382,1,edge_2,cloud_0,0
72,1,1,reliability,19.2426,114.14369,56.79,2,edge_4,cloud_0,0
72,2,2,cost,22.5729,124.97909,71.8605,3,edge_1,cloud_0,0
73,0,0,latency,13.0746,89.65749,38.8558,1,edge_2,cloud_0,0
73,1,1,reliability,17.8174,110.97033,58.6573,2,edge_4,cloud_0,0
73,2,2,cost,22.6291,128.90329,76.6413,3,edge_1,cloud_0,0
74,0,0,latency,12.9286,82.00301,35.0463,1,edge_2,cloud_0,0
74,1,1,reliability,18.3004,107.29933,57.337,2,edge_4,cloud_0,0
74,2,2,cost,22.582,128.07528,74.7668,3,edge_1,cloud_0,0
75,0,0,latency,12.7164,80.16626,38.6976,1,edge_2,cloud_0,0
75,1,1,reliability,18.5033,109.64275,62.154,2,edge_4,cloud_0,0
75,2,2,cost,21.1191,125.62008,74.3204,3,edge_1,cloud_0,0
76,0,0,latency,13.321,82.87847,36.3087,1,edge_2,cloud_0,0
76,1,1,reliability,16.7315,108.05805,57.9483,2,edge_4,cloud_0,0
76,2,2,cost,20.7211,121.70352,72.3333,3,edge_1,cloud_0,0
77,0,0,latency,10.8534,78.59811,33.854,1,edge_2,cloud_0,0
77,1,1,reliability,15.1284,105.91515,57.0826,2,edge_4,cloud_0,0
77,2,2,cost,19.6851,125.93201,77.8745,3,edge_1,cloud_0,0
78,0,0,latency,12.7069,81.28011,36.0758,1,edge_2,cloud_0,0
78,1,1,reliability,15.9002,103.31907,57.1858,2,edge_4,cloud_0,0
78,2,2,cost,19.1945,128.63524,74.3707,3,edge_1,cloud_0,0
79,0,0,latency,12.0518,85.89983,37.3215,1,edge_2,cloud_0,0
79,1,1,reliability,16.1221,103.00133,55.7161,2,edge_4,cloud_0,0
79,2,2,cost,18.9907,128.65384,79.1953,3,edge_1,cloud_0,0
80,0,0,latency,11.5111,83.45739,40.8664,1,edge_2,cloud_0,0
80,1,1,reliability,15.0485,103.97651,59.1616,2,edge_4,cloud_0,0
80,2,2,cost,18.5725,121.46945,73.6592,3,edge_1,cloud_0,0
81,0,0,latency,10.5309,80.72625,38.8606,1,edge_2,cloud_0,0
81,1,1,reliability,14.0586,101.32225,59.3312,2,edge_4,cloud_0,0
81,2,2,cost,19.1934,124.66659,74.7331,3,edge_1,cloud_0,0
82,0,0,latency,10.7959,83.52132,38.9079,1,edge_2,cloud_0,0
82,1,1,reliability,14.3217,106.21332,59.8711,2,edge_4,cloud_0,0
82,2,2,cost,16.6473,119.39314,73.3288,3,edge_1,cloud_0,0
83,0,0,latency,9.3537,81.07488,35.0099,1,edge_2,cloud_0,0
83,1,1,reliability,15.5559,106.51933,59.7904,2,edge_4,cloud_0,0
83,2,2,cost,17.4077,119.50664,70.995,3,edge_1,cloud_0,0
84,0,0,latency,8.5484,82.15268,36.913,1,edge_2,cloud_0,0
84,1,1,reliability,16.3663,107.1774,58.8698,2,edge_4,cloud_0,0
84,2,2,cost,17.4923,120.22713,74.9302,3,edge_1,cloud_0,0
85,0,0,latency,9.6976,81.18476,37.4054,1,edge_2,cloud_0,0
85,1,1,reliability,14.5444,103.03536,57.8278,2,edge_4,cloud_0,0
85,2,2,cost,18.6159,126.06725,74.6893,3,edge_1,cloud_0,0
86,0,0,latency,11.5596,76.4867,36.6233,1,edge_2,cloud_0,0
86,1,1,reliability,15.2869,105.85538,61.2579,2,edge_4,cloud_0,0
86,2,2,cost,17.3363,117.93355,72.2246,3,edge_1,cloud_0,0
87,0,0,latency,12.2231,79.99714,37.6173,1,edge_2,cloud_0,0
87,1,1,reliability,15.8629,104.55803,57.1149,2,edge_4,cloud_0,0
87,2,2,cost,19.4892,123.10638,74.263,3,edge_1,cloud_0,0
88,0,0,latency,11.5392,83.71583,41.1294,1,edge_2,cloud_0,0
88,1,1,reliability,14.6859,100.98626,56.1178,2,edge_4,cloud_0,0
88,2,2,cost,18.2591,123.07555,74.9047,3,edge_1,cloud_0,0
89,0,0,latency,10.3039,81.81017,39.2749,1,edge_2,cloud_0,0
89,1,1,reliability,14.84,103.42875,60.2956,2,edge_4,cloud_0,0
89,2,2,cost,17.0702,118.68331,72.4269,3,edge_1,cloud_0,0
90,0,0,latency,10.4729,76.08942,36.3475,1,edge_2,cloud_0,0
90,1,1,reliability,15.8202,101.97384,57.6415,2,edge_4,cloud_0,0
90,2,2,cost,19.2193,122.83851,73.6816,3,edge_1,cloud_0,0
91,0,0,latency,12.2877,77.85325,35.9829,1,edge_2,cloud_0,0
91,1,1,reliability,16.5878,102.99392,59.3253,2,edge_4,cloud_0,0
91,2,2,cost,20.2277,118.10579,75.1131,3,edge_1,cloud_0,0
92,0,0,latency,12.6971,85.39123,42.0701,1,edge_2,cloud_0,0
92,1,1,reliability,16.3953,105.17434,57.3858,2,edge_4,cloud_0,0
92,2,2,cost,19.8672,119.08992,71.9355,3,edge_1,cloud_0,0
93,0,0,latency,11.8258,79.0594,36.2224,1,edge_2,cloud_0,0
93,1,1,reliability,16.8859,108.01339,58.6686,2,edge_4,cloud_0,0
93,2,2,cost,21.1045,122.72461,72.4689,3,edge_1,cloud_0,0
94,0,0,latency,13.923,84.74079,39.4788,1,edge_2,cloud_0,0
94,1,1,reliability,17.3189,104.98414,56.6942,2,edge_4,cloud_0,0
94,2,2,cost,22.1291,125.31036,74.3759,3,edge_1,cloud_0,0
95,0,0,latency,12.4395,84.67562,37.864,1,edge_2,cloud_0,0
95,1,1,reliability,18.1784,106.50552,56.2006,2,edge_4,cloud_0,0
95,2,2,cost,22.4914,118.52087,71.0904,3,edge_1,cloud_0,0
96,0,0,latency,15.0689,90.11378,40.4959,1,edge_2,cloud_0,0
96,1,1,reliability,18.298,107.23804,58.7269,2,edge_4,cloud_0,0
96,2,2,cost,21.0721,118.90072,71.6873,3,edge_1,cloud_0,0
97,0,0,latency,14.167,82.7088,35.8557,1,edge_2,cloud_0,0
97,1,1,reliability,19.6028,107.22774,61.9946,2,edge_4,cloud_0,0
97,2,2,cost,22.7192,119.69857,72.3251,3,edge_1,cloud_0,0
98,0,0,latency,14.9855,90.99363,41.2222,1,edge_2,cloud_0,0
98,1,1,reliability,18.5755,104.6967,58.4981,2,edge_4,cloud_0,0
98,2,2,cost,25.7667,127.45384,70.6965,3,edge_1,cloud_0,0
99,0,0,latency,14.1538,84.14977,37.1528,1,edge_2,cloud_0,0
99,1,1,reliability,19.6411,104.61872,59.6252,2,edge_4,cloud_0,0
99,2,2,cost,25.1297,125.48018,70.4501,3,edge_1,cloud_0,0
100,0,0,latency,15.9523,85.94427,36.8449,1,edge_2,cloud_0,0
100,1,1,reliability,21.5546,105.485,56.7448,2,edge_4,cloud_0,0
100,2,2,cost,25.0207,133.3609,75.0823,3,edge_1,cloud_0,0
101,0,0,latency,16.4853,86.55712,38.8962,1,edge_2,cloud_0,0
101,1,1,reliability,19.6292,109.37274,59.0761,2,edge_4,cloud_0,0
101,2,2,cost,25.2529,128.51129,74.4706,3,edge_1,cloud_0,0
102,0,0,latency,15.0389,87.5292,38.8926,1,edge_2,cloud_0,0
102,1,1,reliability,20.7326,100.2102,55.4347,2,edge_4,cloud_0,0
102,2,2,cost,27.149,135.06049,74.4833,3,edge_1,cloud_0,0
103,0,0,latency,15.9523,87.22655,40.9024,1,edge_2,cloud_0,0
103,1,1,reliability,21.3764,110.72997,58.0642,2,edge_4,cloud_0,0
103,2,2,cost,27.2295,128.00038,72.7607,3,edge_1,cloud_0,0
104,0,0,latency,17.0443,85.0055,36.9331,1,edge_2,cloud_0,0
104,1,1,reliability,21.6954,113.38509,60.7253,2,edge_4,cloud_0,0
104,2,2,cost,26.5496,121.83642,69.1744,3,edge_1,cloud_0,0
105,0,0,latency,18.1343,92.20589,43.0987,1,edge_3,cloud_0,0
105,1,1,reliability,21.936,104.80792,54.1263,2,edge_0,cloud_0,0
105,2,2,cost,27.4264,126.57789,73.4276,3,edge_2,cloud_0,0
106,0,0,latency,16.8231,82.86275,35.7732,1,edge_3,cloud_0,0
106,1,1,reliability,22.895,111.94838,59.049,2,edge_0,cloud_0,0
106,2,2,cost,26.6921,133.90628,75.3984,3,edge_2,cloud_0,0
107,0,0,latency,18.6958,89.09573,38.3439,1,edge_3,cloud_0,0
107,1,1,reliability,22.2653,113.17939,57.716,2,edge_0,cloud_0,0
107,2,2,cost,28.5089,128.3122,70.5387,3,edge_2,cloud_0,0
108,0,0,latency,17.2115,86.58403,37.2191,1,edge_3,cloud_0,0
108,1,1,reliability,24.0483,114.47769,57.6517,2,edge_0,cloud_0,0
108,2,2,cost,29.3943,132.69967,71.7925,3,edge_2,cloud_0,0
109,0,0,latency,17.5235,92.39467,38.6388,1,edge_3,cloud_0,0
109,1,1,reliability,21.8399,112.54521,58.3548,2,edge_0,cloud_0,0
109,2,2,cost,28.9867,135.52319,73.3524,3,edge_2,cloud_0,0
110,0,0,latency,15.6215,96.5394,37.9649,1,edge_3,cloud_0,0
110,1,1,reliability,21.7094,121.09974,57.3153,2,edge_0,cloud_0,0
110,2,2,cost,27.8223,129.31887,70.5887,3,edge_2,cloud_0,0
111,0,0,latency,15.553,87.83421,38.9641,1,edge_3,cloud_0,0
111,1,1,reliability,21.842,118.422,52.8705,2,edge_0,cloud_0,0
111,2,2,cost,28.3027,140.61619,74.5447,3,edge_2,cloud_0,0
112,0,0,latency,16.0963,94.74856,35.3663,1,edge_3,cloud_0,0
112,1,1,reliability,22.6934,126.30889,58.6987,2,edge_0,cloud_0,0
112,2,2,cost,29.2882,137.06107,74.8404,3,edge_2,cloud_0,0
113,0,0,latency,16.7537,86.17702,37.6661,1,edge_3,cloud_0,0
113,1,1,reliability,22.3824,116.08241,59.2502,2,edge_0,cloud_0,0
113,2,2,cost,28.0157,134.90446,72.9574,3,edge_2,cloud_0,0
114,0,0,latency,15.8296,91.97766,37.0418,1,edge_3,cloud_0,0
114,1,1,reliability,22.0106,118.285,60.9967,2,edge_0,cloud_0,0
114,2,2,cost,26.2109,138.86818,73.1505,3,edge_2,cloud_0,0
115,0,0,latency,39.145,172.44785,37.5085,1,edge_3,cloud_0,0
115,1,1,reliability,52.1569,202.2318,53.4964,2,edge_0,cloud_0,0
115,2,2,cost,63.2355,227.13059,72.4352,3,edge_2,cloud_0,0
116,0,0,latency,36.2167,176.47045,36.0727,1,edge_3,cloud_0,1
116,1,1,reliability,49.5786,198.62011,57.5978,2,edge_0,cloud_0,1
116,2,2,cost,63.4389,222.38895,73.5099,3,edge_2,cloud_0,1
117,0,0,latency,36.3631,171.67362,37.8861,1,edge_3,cloud_0,1
117,1,1,reliability,49.9803,198.68069,56.0481,2,edge_0,cloud_0,1
117,2,2,cost,60.3657,229.23882,75.1171,3,edge_2,cloud_0,1
118,0,0,latency,36.0758,174.92071,39.295,1,edge_3,cloud_0,1
118,1,1,reliability,47.8949,201.02013,59.4033,2,edge_0,cloud_0,1
118,2,2,cost,58.7305,226.27452,73.9758,3,edge_2,cloud_0,1
119,0,0,latency,35.1164,164.81127,35.5682,1,edge_3,cloud_0,1
119,1,1,reliability,45.3758,201.38664,59.3715,2,edge_0,cloud_0,1
119,2,2,cost,57.6874,225.75202,71.9554,3,edge_2,cloud_0,1
120,0,0,latency,34.2231,175.65473,40.256,1,edge_3,cloud_0,1
120,1,1,reliability,43.5004,192.21243,55.0067,2,edge_0,cloud_0,1
120,2,2,cost,55.6117,224.4631,76.9224,3,edge_2,cloud_0,1
121,0,0,latency,33.5411,173.16312,39.5346,1,edge_3,cloud_0,1
121,1,1,reliability,43.1113,189.66137,55.7609,2,edge_0,cloud_0,1
121,2,2,cost,55.0901,218.72889,74.1165,3,edge_2,cloud_0,1
122,0,0,latency,32.7859,167.66566,37.6247,1,edge_3,cloud_0,1
122,1,1,reliability,42.9667,196.24737,58.3162,2,edge_0,cloud_0,1
122,2,2,cost,53.7636,221.13929,75.614,3,edge_2,cloud_0,1
123,0,0,latency,30.1164,163.88009,33.5055,1,edge_3,cloud_0,1
123,1,1,reliability,42.3105,188.8199,60.3755,2,edge_0,cloud_0,1
123,2,2,cost,50.7894,218.39479,70.2803,3,edge_2,cloud_0,1
124,0,0,latency,30.6062,168.22771,39.8617,1,edge_3,cloud_0,1
124,1,1,reliability,41.7773,189.24218,59.0326,2,edge_0,cloud_0,1
124,2,2,cost,49.8541,210.75824,72.2137,3,edge_2,cloud_0,1
125,0,0,latency,29.7154,167.83959,37.4015,1,edge_3,cloud_0,1
125,1,1,reliability,38.4427,186.13875,62.0975,2,edge_0,cloud_0,1
125,2,2,cost,50.2313,219.55987,76.2721,3,edge_2,cloud_0,1
126,0,0,latency,28.2275,172.42998,39.71,1,edge_3,cloud_0,1
126,1,1,reliability,38.7858,187.86593,58.8851,2,edge_0,cloud_0,1
126,2,2,cost,48.5837,215.40167,75.2707,3,edge_2,cloud_0,1
127,0,0,latency,28.9054,167.22932,39.2738,1,edge_3,cloud_0,1
127,1,1,reliability,37.6867,184.69304,54.4328,2,edge_0,cloud_0,1
127,2,2,cost,46.5817,215.78859,72.8876,3,edge_2,cloud_0,1
128,0,0,latency,26.7411,165.00059,41.3636,1,edge_3,cloud_0,1
128,1,1,reliability,38.0726,188.28298,60.7184,2,edge_0,cloud_0,1
128,2,2,cost,45.8181,208.5807,76.7013,3,edge_2,cloud_0,1
129,0,0,latency,27.338,168.79818,38.4056,1,edge_3,cloud_0,1
129,1,1,reliability,35.2378,178.19033,58.794,2,edge_0,cloud_0,1
129,2,2,cost,44.945,198.04653,71.3947,3,edge_2,cloud_0,1
130,0,0,latency,26.9702,168.00808,37.8405,1,edge_3,cloud_0,1
130,1,1,reliability,37.1313,190.36525,59.7884,2,edge_0,cloud_0,1
130,2,2,cost,44.3846,208.03937,74.4976,3,edge_2,cloud_0,1
131,0,0,latency,26.8539,160.9916,37.5942,1,edge_3,cloud_0,1
131,1,1,reliability,34.5729,168.21707,57.6979,2,edge_0,cloud_0,1
131,2,2,cost,43.4622,198.54361,71.4994,3,edge_2,cloud_0,1
132,0,0,latency,27.163,165.46587,38.7825,1,edge_3,cloud_0,1
132,1,1,reliability,33.9241,177.17657,57.7546,2,edge_0,cloud_0,1
132,2,2,cost,44.7496,207.16576,76.1184,3,edge_2,cloud_0,1
133,0,0,latency,27.6392,171.32577,38.0778,1,edge_3,cloud_0,1
133,1,1,reliability,34.7628,181.8862,55.8326,2,edge_0,cloud_0,1
133,2,2,cost,44.3347,196.90099,74.7586,3,edge_2,cloud_0,1
134,0,0,latency,28.041,166.21258,40.2,1,edge_3,cloud_0,1
134,1,1,reliability,35.5875,167.07199,55.5116,2,edge_0,cloud_0,1
134,2,2,cost,44.1201,187.93213,74.4345,3,edge_2,cloud_0,1
135,0,0,latency,27.1667,164.03336,36.8442,1,edge_3,cloud_0,1
135,1,1,reliability,36.3148,174.59646,56.9921,2,edge_0,cloud_0,1
135,2,2,cost,44.3942,202.47373,74.6229,3,edge_2,cloud_0,1
136,0,0,latency,27.4434,167.32185,38.4882,1,edge_3,cloud_0,1
136,1,1,reliability,36.908,170.05582,55.7211,2,edge_0,cloud_0,1
136,2,2,cost,45.2289,198.59629,76.8756,3,edge_2,cloud_0,1
137,0,0,latency,27.3837,150.61078,33.7667,1,edge_3,cloud_0,1
137,1,1,reliability,35.9246,164.18825,58.0582,2,edge_0,cloud_0,1
137,2,2,cost,46.5395,189.47195,73.7648,3,edge_2,cloud_0,1
138,0,0,latency,29.9355,153.06078,32.6543,1,edge_3,cloud_0,1
138,1,1,reliability,38.5908,165.71192,61.1229,2,edge_0,cloud_0,1
138,2,2,cost,46.6818,195.93551,73.2404,3,edge_2,cloud_0,1
139,0,0,latency,29.104,146.71909,36.2113,1,edge_3,cloud_0,1
139,1,1,reliability,38.9937,164.52122,60.855,2,edge_0,cloud_0,1
139,2,2,cost,50.2731,185.576,73.3281,3,edge_2,cloud_0,1
140,0,0,latency,32.051,138.51327,38.0712,1,edge_4,cloud_0,1
140,1,1,reliability,41.7422,183.20273,57.8134,2,edge_1,cloud_0,1
140,2,2,cost,50.2563,201.55069,74.7309,3,edge_3,cloud_0,1
141,0,0,latency,33.9554,137.88463,39.7026,1,edge_4,cloud_0,1
141,1,1,reliability,40.9433,180.88035,59.938,2,edge_1,cloud_0,1
141,2,2,cost,51.3164,194.94301,73.0205,3,edge_3,cloud_0,1
142,0,0,latency,33.0738,140.5657,38.0622,1,edge_4,cloud_0,1
142,1,1,reliability,42.967,188.66498,58.028,2,edge_1,cloud_0,1
142,2,2,cost,53.4107,214.79806,74.8499,3,edge_3,cloud_0,1
143,0,0,latency,31.7655,141.73757,39.3331,1,edge_4,cloud_0,1
143,1,1,reliability,43.2378,167.49905,55.1154,2,edge_1,cloud_0,1
143,2,2,cost,54.6851,211.19584,74.168,3,edge_3,cloud_0,1
144,0,0,latency,33.7452,137.73706,39.6621,1,edge_4,cloud_0,1
144,1,1,reliability,44.2513,176.13786,57.1861,2,edge_1,cloud_0,1
144,2,2,cost,55.8821,210.17911,73.9068,3,edge_3,cloud_0,1
145,0,0,latency,14.6251,82.49616,35.9842,1,edge_4,cloud_0,1
145,1,1,reliability,19.6107,110.69089,58.126,2,edge_1,cloud_0,1
145,2,2,cost,22.1469,119.47397,70.0828,3,edge_3,cloud_0,1
146,0,0,latency,14.7873,84.94793,37.5581,1,edge_4,cloud_0,0
146,1,1,reliability,19.4707,107.8683,57.944,2,edge_1,cloud_0,0
146,2,2,cost,24.4901,130.94961,75.8953,3,edge_3,cloud_0,0
147,0,0,latency,14.2898,84.4887,35.6561,1,edge_4,cloud_0,0
147,1,1,reliability,19.1829,108.54861,58.5778,2,edge_1,cloud_0,0
147,2,2,cost,25.9323,126.07744,73.1373,3,edge_3,cloud_0,0
148,0,0,latency,13.5386,83.83991,34.592,1,edge_4,cloud_0,0
148,1,1,reliability,19.8686,108.29477,56.8845,2,edge_1,cloud_0,0
148,2,2,cost,25.2033,122.08312,74.0772,3,edge_3,cloud_0,0
149,0,0,latency,15.6256,84.49354,40.0987,1,edge_4,cloud_0,0
149,1,1,reliability,20.4368,105.49513,56.2754,2,edge_1,cloud_0,0
149,2,2,cost,26.4634,126.54634,70.9287,3,edge_3,cloud_0,0
150,0,0,latency,16.4896,89.73799,38.2051,1,edge_4,cloud_0,0
150,1,1,reliability,21.26,111.1919,61.1766,2,edge_1,cloud_0,0
150,2,2,cost,26.0802,131.60131,78.1206,3,edge_3,cloud_0,0
151,0,0,latency,16.2632,85.13096,35.446,1,edge_4,cloud_0,0
151,1,1,reliability,21.7849,104.14254,55.8475,2,edge_1,cloud_0,0
151,2,2,cost,26.413,127.56953,74.7941,3,edge_3,cloud_0,0
152,0,0,latency,17.1118,82.64216,36.7557,1,edge_4,cloud_0,0
152,1,1,reliability,22.8146,115.18154,60.315,2,edge_1,cloud_0,0
152,2,2,cost,28.5311,132.60063,75.0588,3,edge_3,cloud_0,0
153,0,0,latency,17.9363,86.94073,34.2384,1,edge_4,cloud_0,0
153,1,1,reliability,22.0059,107.21549,56.266,2,edge_1,cloud_0,0
153,2,2,cost,27.7702,126.98476,72.8571,3,edge_3,cloud_0,0
154,0,0,latency,16.8421,87.15268,41.7643,1,edge_4,cloud_0,0
154,1,1,reliability,22.2955,111.78337,58.8276,2,edge_1,cloud_0,0
154,2,2,cost,27.7018,130.69186,74.1514,3,edge_3,cloud_0,0
155,0,0,latency,17.0585,80.59642,38.8966,1,edge_4,cloud_0,0
155,1,1,reliability,23.4674,112.28342,61.2948,2,edge_1,cloud_0,0
155,2,2,cost,28.2644,129.90269,75.1791,3,edge_3,cloud_0,0
156,0,0,latency,16.1593,79.7884,37.8242,1,edge_4,cloud_0,0
156,1,1,reliability,23.3222,109.09521,59.7319,2,edge_1,cloud_0,0
156,2,2,cost,28.2293,132.07251,75.7728,3,edge_3,cloud_0,0
157,0,0,latency,17.4463,89.79185,40.4006,1,edge_4,cloud_0,0
157,1,1,reliability,22.7667,108.17177,57.2886,2,edge_1,cloud_0,0
157,2,2,cost,28.2854,125.26068,68.1388,3,edge_3,cloud_0,0
158,0,0,latency,17.2814,81.0232,30.7032,1,edge_4,cloud_0,0
158,1,1,reliability,21.0525,108.76716,58.9035,2,edge_1,cloud_0,0
158,2,2,cost,28.2696,127.13819,71.6751,3,edge_3,cloud_0,0
159,0,0,latency,16.2759,83.86576,40.7411,1,edge_4,cloud_0,0
159,1,1,reliability,21.873,116.78148,62.4858,2,edge_1,cloud_0,0
159,2,2,cost,27.6733,131.24993,74.8161,3,edge_3,cloud_0,0
160,0,0,latency,17.9609,85.81311,38.2621,1,edge_4,cloud_0,0
160,1,1,reliability,21.2228,106.32346,57.7805,2,edge_1,cloud_0,0
160,2,2,cost,27.3536,129.25067,71.2705,3,edge_3,cloud_0,0
161,0,0,latency,16.2389,84.87021,36.5156,1,edge_4,cloud_0,0
161,1,1,reliability,22.4684,108.87916,58.0692,2,edge_1,cloud_0,0
161,2,2,cost,26.7881,126.78773,73.7876,3,edge_3,cloud_0,0
162,0,0,latency,16.3564,80.64243,39.2336,1,edge_4,cloud_0,0
162,1,1,reliability,20.5782,108.04948,55.9168,2,edge_1,cloud_0,0
162,2,2,cost,27.4617,130.5203,73.1753,3,edge_3,cloud_0,0
163,0,0,latency,14.7415,86.92373,38.8876,1,edge_4,cloud_0,0
163,1,1,reliability,21.3484,103.89497,54.9386,2,edge_1,cloud_0,0
163,2,2,cost,26.2639,129.48483,75.4712,3,edge_3,cloud_0,0
164,0,0,latency,15.8395,85.77982,39.264,1,edge_4,cloud_0,0
164,1,1,reliability,19.4116,111.65355,58.6621,2,edge_1,cloud_0,0
164,2,2,cost,25.2879,125.68482,73.0344,3,edge_3,cloud_0,0
165,0,0,latency,28.777,138.10626,40.9585,1,edge_4,cloud_0,0
165,1,1,reliability,38.5419,176.53682,60.6296,2,edge_1,cloud_0,0
165,2,2,cost,46.0445,194.63946,74.7054,3,edge_3,cloud_0,0
166,0,0,latency,27.9882,144.45238,38.2424,1,edge_4,cloud_0,1
166,1,1,reliability,36.2784,188.27911,59.6475,2,edge_1,cloud_0,1
166,2,2,cost,44.9254,200.08587,72.5414,3,edge_3,cloud_0,0
167,0,0,latency,26.3122,138.12377,39.2678,1,edge_4,cloud_0,1
167,1,1,reliability,35.2102,185.06995,58.6804,2,edge_1,cloud_0,1
167,2,2,cost,44.3079,207.60038,73.2503,3,edge_3,cloud_0,1
168,0,0,latency,26.505,141.29174,38.7577,1,edge_4,cloud_0,1
168,1,1,reliability,33.2371,188.66206,60.8846,2,edge_1,cloud_0,1
168,2,2,cost,42.1494,207.22941,70.6898,3,edge_3,cloud_0,1
169,0,0,latency,24.3202,142.89994,35.9579,1,edge_4,cloud_0,1
169,1,1,reliability,33.2839,172.49956,57.4523,2,edge_1,cloud_0,1
169,2,2,cost,41.0587,202.31997,75.2394,3,edge_3,cloud_0,1
170,0,0,latency,24.6971,140.4916,38.6321,1,edge_4,cloud_0,1
170,1,1,reliability,32.6041,183.03607,59.2323,2,edge_1,cloud_0,1
170,2,2,cost,38.4408,198.49655,73.2711,3,edge_3,cloud_0,1
171,0,0,latency,21.9753,142.31276,38.0721,1,edge_4,cloud_0,1
171,1,1,reliability,31.3399,176.44811,60.0911,2,edge_1,cloud_0,1
171,2,2,cost,39.9178,192.70544,74.4056,3,edge_3,cloud_0,0
172,0,0,latency,22.6507,144.20785,38.9703,1,edge_4,cloud_0,1
172,1,1,reliability,30.0379,183.71872,57.9972,2,edge_1,cloud_0,1
172,2,2,cost,38.6584,205.57326,72.8845,3,edge_3,cloud_0,0
173,0,0,latency,23.0758,139.83734,39.3548,1,edge_4,cloud_0,1
173,1,1,reliability,28.8775,181.52624,59.9478,2,edge_1,cloud_0,1
173,2,2,cost,37.4102,202.87234,74.2039,3,edge_3,cloud_0,1
174,0,0,latency,21.261,135.81628,36.2816,1,edge_4,cloud_0,1
174,1,1,reliability,28.4707,188.75711,59.0852,2,edge_1,cloud_0,1
174,2,2,cost,35.1663,201.35471,74.875,3,edge_3,cloud_0,1
175,0,0,latency,20.3861,139.00364,37.5919,1,edge_0,cloud_0,1
175,1,1,reliability,28.3392,163.11547,62.8903,2,edge_2,cloud_0,1
175,2,2,cost,34.0216,190.82682,76.944,3,edge_4,cloud_0,1
176,0,0,latency,21.0853,141.30609,38.8223,1,edge_0,cloud_0,1
176,1,1,reliability,27.7989,162.7588,58.8895,2,edge_2,cloud_0,1
176,2,2,cost,34.3202,195.94064,76.9081,3,edge_4,cloud_0,0
177,0,0,latency,20.2706,133.40726,40.2645,1,edge_0,cloud_0,1
177,1,1,reliability,26.7532,161.03293,57.8795,2,edge_2,cloud_0,1
177,2,2,cost,33.044,170.65951,74.91,3,edge_4,cloud_0,0
178,0,0,latency,12.181,92.90592,37.8453,1,edge_0,cloud_0,1
178,1,1,reliability,14.4112,113.35586,55.7708,2,edge_2,cloud_0,1
178,2,2,cost,17.929,131.77251,70.8144,3,edge_4,cloud_0,0
179,0,0,latency,10.216,90.2251,38.4536,1,edge_0,cloud_0,0
179,1,1,reliability,15.52,117.26115,63.6184,2,edge_2,cloud_0,0
179,2,2,cost,17.514,130.10895,76.8706,3,edge_4,cloud_0,0
180,0,0,latency,11.115,79.99724,37.6975,1,edge_0,cloud_0,0
180,1,1,reliability,14.7761,106.26216,58.1238,2,edge_2,cloud_0,0
180,2,2,cost,18.0283,120.17123,73.1833,3,edge_4,cloud_0,0
181,0,0,latency,9.8279,91.63553,34.9127,1,edge_0,cloud_0,0
181,1,1,reliability,14.9874,109.79089,57.4466,2,edge_2,cloud_0,0
181,2,2,cost,17.5064,128.67809,74.017,3,edge_4,cloud_0,0
182,0,0,latency,11.6609,81.75066,38.3607,1,edge_0,cloud_0,0
182,1,1,reliability,14.0438,112.66208,60.4526,2,edge_2,cloud_0,0
182,2,2,cost,19.3758,121.049,74.9891,3,edge_4,cloud_0,0
183,0,0,latency,11.9334,84.19377,40.4839,1,edge_0,cloud_0,0
183,1,1,reliability,15.6439,103.77613,59.2282,2,edge_2,cloud_0,0
183,2,2,cost,18.8038,123.86582,75.0393,3,edge_4,cloud_0,0
184,0,0,latency,10.4548,92.00363,39.4014,1,edge_0,cloud_0,0
184,1,1,reliability,13.8906,109.4896,56.4108,2,edge_2,cloud_0,0
184,2,2,cost,19.6608,129.69067,75.6804,3,edge_4,cloud_0,0
185,0,0,latency,12.7464,79.10037,37.4567,1,edge_0,cloud_0,0
185,1,1,reliability,14.3493,103.33433,57.5191,2,edge_2,cloud_0,0
185,2,2,cost,19.0673,122.56991,74.158,3,edge_4,cloud_0,0
186,0,0,latency,12.7291,83.05178,37.2775,1,edge_0,cloud_0,0
186,1,1,reliability,15.9037,103.37869,56.0227,2,edge_2,cloud_0,0
186,2,2,cost,19.7823,128.10198,74.0062,3,edge_4,cloud_0,0
187,0,0,latency,11.5252,83.6134,37.5283,1,edge_0,cloud_0,0
187,1,1,reliability,15.875,104.62388,57.4597,2,edge_2,cloud_0,0
187,2,2,cost,21.3367,122.737,73.8031,3,edge_4,cloud_0,0
188,0,0,latency,12.2649,79.33152,33.8051,1,edge_0,cloud_0,0
188,1,1,reliability,15.7496,106.8192,57.4739,2,edge_2,cloud_0,0
188,2,2,cost,19.9213,125.32851,76.7634,3,edge_4,cloud_0,0
189,0,0,latency,12.6894,85.81392,40.5769,1,edge_0,cloud_0,0
189,1,1,reliability,16.9918,107.82044,58.0745,2,edge_2,cloud_0,0
189,2,2,cost,20.9926,128.49308,74.0076,3,edge_4,cloud_0,0
190,0,0,latency,14.5779,77.20173,33.3608,1,edge_0,cloud_0,0
190,1,1,reliability,15.8454,103.62494,56.9137,2,edge_2,cloud_0,0
190,2,2,cost,21.702,128.40037,75.3802,3,edge_4,cloud_0,0
191,0,0,latency,13.9764,80.16095,37.2315,1,edge_0,cloud_0,0
191,1,1,reliability,18.784,109.28393,60.0604,2,edge_2,cloud_0,0
191,2,2,cost,22.4868,126.39472,75.9253,3,edge_4,cloud_0,0
192,0,0,latency,14.2181,77.70971,36.877,1,edge_0,cloud_0,0
192,1,1,reliability,19.0583,103.59147,58.2212,2,edge_2,cloud_0,0
192,2,2,cost,23.0011,124.91239,76.9459,3,edge_4,cloud_0,0
193,0,0,latency,12.4413,82.66112,35.1646,1,edge_0,cloud_0,0
193,1,1,reliability,18.0816,106.61654,57.2735,2,edge_2,cloud_0,0
193,2,2,cost,23.4568,125.05514,70.9853,3,edge_4,cloud_0,0
194,0,0,latency,14.009,83.85626,36.2783,1,edge_0,cloud_0,0
194,1,1,reliability,21.5193,112.09601,61.6035,2,edge_2,cloud_0,0
194,2,2,cost,23.9802,120.36679,73.2728,3,edge_4,cloud_0,0
195,0,0,latency,14.2593,79.49744,34.1837,1,edge_0,cloud_0,0
195,1,1,reliability,19.964,103.73027,56.0043,2,edge_2,cloud_0,0
195,2,2,cost,24.8685,122.56159,70.7996,3,edge_4,cloud_0,0
196,0,0,latency,14.9304,84.86272,38.2973,1,edge_0,cloud_0,0
196,1,1,reliability,20.828,110.58557,58.8349,2,edge_2,cloud_0,0
196,2,2,cost,24.4736,134.54888,75.7094,3,edge_4,cloud_0,0
197,0,0,latency,15.2348,87.61513,39.2657,1,edge_0,cloud_0,0
197,1,1,reliability,20.9691,108.08408,55.2472,2,edge_2,cloud_0,0
197,2,2,cost,25.8274,128.59054,74.7307,3,edge_4,cloud_0,0
198,0,0,latency,16.6683,80.94328,37.718,1,edge_0,cloud_0,0
198,1,1,reliability,22.6033,114.69571,60.015,2,edge_2,cloud_0,0
198,2,2,cost,26.3726,132.48214,75.5002,3,edge_4,cloud_0,0
199,0,0,latency,17.9906,85.64104,41.921,1,edge_0,cloud_0,0
199,1,1,reliability,20.7465,107.11233,56.1469,2,edge_2,cloud_0,0
199,2,2,cost,28.2023,127.42579,71.8834,3,edge_4,cloud_0,0
