time,scenario,event_id,severity,affected_node,affected_link,affected_node_position,affected_link_position,node_id,node_type,cpu_util,mem_util,queue_len,available_cpu,available_mem,request_load_on_node,node_degree
0,normal,-1,0.0,,,-1,-1,access_0,access,0.23101,0.24961,0.0,0.76899,0.75039,0.3024,2
0,normal,-1,0.0,,,-1,-1,access_1,access,0.22385,0.24463,0.0,0.77615,0.75537,0.3024,2
0,normal,-1,0.0,,,-1,-1,edge_0,edge,0.35864,0.46452,0.0,0.64136,0.53548,0.6805,4
0,normal,-1,0.0,,,-1,-1,edge_1,edge,0.39312,0.47445,0.0,0.60688,0.52555,0.6805,3
0,normal,-1,0.0,,,-1,-1,edge_2,edge,0.40158,0.48081,0.0,0.59842,0.51919,0.6805,4
0,normal,-1,0.0,,,-1,-1,edge_3,edge,0.35198,0.44109,0.0,0.64802,0.55891,0.6805,3
0,normal,-1,0.0,,,-1,-1,edge_4,edge,0.38176,0.4358,0.0,0.61824,0.5642,0.6805,3
0,normal,-1,0.0,,,-1,-1,cloud_0,cloud,0.39145,0.45967,0.0,0.60855,0.54033,0.538,3
1,normal,-1,0.0,,,-1,-1,access_0,access,0.22208,0.26031,0.0,0.77792,0.73969,0.30629,2
1,normal,-1,0.0,,,-1,-1,access_1,access,0.21462,0.26708,0.0,0.78538,0.73292,0.30629,2
1,normal,-1,0.0,,,-1,-1,edge_0,edge,0.36202,0.45551,0.0,0.63798,0.54449,0.69143,4
1,normal,-1,0.0,,,-1,-1,edge_1,edge,0.3972,0.47812,0.0,0.6028,0.52188,0.69143,3
1,normal,-1,0.0,,,-1,-1,edge_2,edge,0.40595,0.45308,0.0,0.59405,0.54692,0.69143,4
1,normal,-1,0.0,,,-1,-1,edge_3,edge,0.34913,0.42586,0.0,0.65087,0.57414,0.69143,3
1,normal,-1,0.0,,,-1,-1,edge_4,edge,0.38093,0.47231,0.0,0.61907,0.52769,0.69143,3
1,normal,-1,0.0,,,-1,-1,cloud_0,cloud,0.3961,0.46513,0.0,0.6039,0.53487,0.54286,3
2,normal,-1,0.0,,,-1,-1,access_0,access,0.20952,0.25952,0.0,0.79048,0.74048,0.30988,2
2,normal,-1,0.0,,,-1,-1,access_1,access,0.22713,0.25679,0.0,0.77287,0.74321,0.30988,2
2,normal,-1,0.0,,,-1,-1,edge_0,edge,0.35785,0.4717,0.0,0.64215,0.5283,0.70154,4
2,normal,-1,0.0,,,-1,-1,edge_1,edge,0.40816,0.47889,0.0,0.59184,0.52111,0.70154,3
2,normal,-1,0.0,,,-1,-1,edge_2,edge,0.41385,0.48286,0.0,0.58615,0.51714,0.70154,4
2,normal,-1,0.0,,,-1,-1,edge_3,edge,0.34352,0.45826,0.0,0.65648,0.54174,0.70154,3
2,normal,-1,0.0,,,-1,-1,edge_4,edge,0.40113,0.48229,0.0,0.59887,0.51771,0.70154,3
2,normal,-1,0.0,,,-1,-1,cloud_0,cloud,0.38151,0.46456,0.0,0.61849,0.53544,0.54735,3
3,normal,-1,0.0,,,-1,-1,access_0,access,0.22164,0.24969,0.0,0.77836,0.75031,0.31292,2
3,normal,-1,0.0,,,-1,-1,access_1,access,0.23401,0.25824,0.0,0.76599,0.74176,0.31292,2
3,normal,-1,0.0,,,-1,-1,edge_0,edge,0.35016,0.43746,0.0,0.64984,0.56254,0.7101,4
3,normal,-1,0.0,,,-1,-1,edge_1,edge,0.36802,0.45775,0.0,0.63198,0.54225,0.7101,3
3,normal,-1,0.0,,,-1,-1,edge_2,edge,0.40255,0.46616,0.0,0.59745,0.53384,0.7101,4
3,normal,-1,0.0,,,-1,-1,edge_3,edge,0.34973,0.43722,0.0,0.65027,0.56278,0.7101,3
3,normal,-1,0.0,,,-1,-1,edge_4,edge,0.36227,0.44793,0.0,0.63773,0.55207,0.7101,3
3,normal,-1,0.0,,,-1,-1,cloud_0,cloud,0.37739,0.47586,0.0,0.62261,0.52414,0.55116,3
4,normal,-1,0.0,,,-1,-1,access_0,access,0.22456,0.27511,0.0,0.77544,0.72489,0.31519,2
4,normal,-1,0.0,,,-1,-1,access_1,access,0.23033,0.25496,0.0,0.76967,0.74504,0.31519,2
4,normal,-1,0.0,,,-1,-1,edge_0,edge,0.35708,0.44927,0.0,0.64292,0.55073,0.71646,4
4,normal,-1,0.0,,,-1,-1,edge_1,edge,0.39765,0.47956,0.0,0.60235,0.52044,0.71646,3
4,normal,-1,0.0,,,-1,-1,edge_2,edge,0.40168,0.47531,0.0,0.59832,0.52469,0.71646,4
4,normal,-1,0.0,,,-1,-1,edge_3,edge,0.36567,0.47083,0.0,0.63433,0.52917,0.71646,3
4,normal,-1,0.0,,,-1,-1,edge_4,edge,0.37471,0.46679,0.0,0.62529,0.53321,0.71646,3
4,normal,-1,0.0,,,-1,-1,cloud_0,cloud,0.38555,0.46743,0.0,0.61445,0.53257,0.55398,3
5,normal,-1,0.0,,,-1,-1,access_0,access,0.20658,0.26214,0.0,0.79342,0.73786,0.3165,2
5,normal,-1,0.0,,,-1,-1,access_1,access,0.23631,0.25715,0.0,0.76369,0.74285,0.3165,2
5,normal,-1,0.0,,,-1,-1,edge_0,edge,0.34552,0.46511,0.0,0.65448,0.53489,0.72015,4
5,normal,-1,0.0,,,-1,-1,edge_1,edge,0.39254,0.44869,0.0,0.60746,0.55131,0.72015,3
5,normal,-1,0.0,,,-1,-1,edge_2,edge,0.41245,0.48902,0.0,0.58755,0.51098,0.72015,4
5,normal,-1,0.0,,,-1,-1,edge_3,edge,0.34771,0.46684,0.0,0.65229,0.53316,0.72015,3
5,normal,-1,0.0,,,-1,-1,edge_4,edge,0.39676,0.46022,0.0,0.60324,0.53978,0.72015,3
5,normal,-1,0.0,,,-1,-1,cloud_0,cloud,0.40999,0.47158,0.0,0.59001,0.52842,0.55562,3
6,normal,-1,0.0,,,-1,-1,access_0,access,0.22477,0.26619,0.0,0.77523,0.73381,0.31677,2
6,normal,-1,0.0,,,-1,-1,access_1,access,0.22664,0.25865,0.0,0.77336,0.74135,0.31677,2
6,normal,-1,0.0,,,-1,-1,edge_0,edge,0.3387,0.45615,0.0,0.6613,0.54385,0.72091,4
6,normal,-1,0.0,,,-1,-1,edge_1,edge,0.38056,0.43917,0.0,0.61944,0.56083,0.72091,3
6,normal,-1,0.0,,,-1,-1,edge_2,edge,0.40562,0.46759,0.0,0.59438,0.53241,0.72091,4
6,normal,-1,0.0,,,-1,-1,edge_3,edge,0.33074,0.42896,0.0,0.66926,0.57104,0.72091,3
6,normal,-1,0.0,,,-1,-1,edge_4,edge,0.39882,0.46384,0.0,0.60118,0.53616,0.72091,3
6,normal,-1,0.0,,,-1,-1,cloud_0,cloud,0.3973,0.46946,0.0,0.6027,0.53054,0.55596,3
7,normal,-1,0.0,,,-1,-1,access_0,access,0.22552,0.27701,0.0,0.77448,0.72299,0.31597,2
7,normal,-1,0.0,,,-1,-1,access_1,access,0.22184,0.26517,0.0,0.77816,0.73483,0.31597,2
7,normal,-1,0.0,,,-1,-1,edge_0,edge,0.36518,0.47979,0.0,0.63482,0.52021,0.71866,4
7,normal,-1,0.0,,,-1,-1,edge_1,edge,0.40391,0.48689,0.0,0.59609,0.51311,0.71866,3
7,normal,-1,0.0,,,-1,-1,edge_2,edge,0.4129,0.48528,0.0,0.5871,0.51472,0.71866,4
7,normal,-1,0.0,,,-1,-1,edge_3,edge,0.34583,0.43469,0.0,0.65417,0.56531,0.71866,3
7,normal,-1,0.0,,,-1,-1,edge_4,edge,0.40582,0.46154,0.0,0.59418,0.53846,0.71866,3
7,normal,-1,0.0,,,-1,-1,cloud_0,cloud,0.40935,0.47866,0.0,0.59065,0.52134,0.55496,3
8,normal,-1,0.0,,,-1,-1,access_0,access,0.22267,0.2566,0.0,0.77733,0.7434,0.31416,2
8,normal,-1,0.0,,,-1,-1,access_1,access,0.23957,0.25466,0.0,0.76043,0.74534,0.31416,2
8,normal,-1,0.0,,,-1,-1,edge_0,edge,0.33394,0.45292,0.0,0.66606,0.54708,0.71359,4
8,normal,-1,0.0,,,-1,-1,edge_1,edge,0.37832,0.4512,0.0,0.62168,0.5488,0.71359,3
8,normal,-1,0.0,,,-1,-1,edge_2,edge,0.43255,0.49337,0.0,0.56745,0.50663,0.71359,4
8,normal,-1,0.0,,,-1,-1,edge_3,edge,0.34592,0.43755,0.0,0.65408,0.56245,0.71359,3
8,normal,-1,0.0,,,-1,-1,edge_4,edge,0.40428,0.47651,0.0,0.59572,0.52349,0.71359,3
8,normal,-1,0.0,,,-1,-1,cloud_0,cloud,0.39237,0.46368,0.0,0.60763,0.53632,0.55271,3
9,normal,-1,0.0,,,-1,-1,access_0,access,0.22514,0.25367,0.0,0.77486,0.74633,0.31149,2
9,normal,-1,0.0,,,-1,-1,access_1,access,0.22333,0.25042,0.0,0.77667,0.74958,0.31149,2
9,normal,-1,0.0,,,-1,-1,edge_0,edge,0.36241,0.45169,0.0,0.63759,0.54831,0.70606,4
9,normal,-1,0.0,,,-1,-1,edge_1,edge,0.40079,0.47757,0.0,0.59921,0.52243,0.70606,3
9,normal,-1,0.0,,,-1,-1,edge_2,edge,0.40744,0.47661,0.0,0.59256,0.52339,0.70606,4
9,normal,-1,0.0,,,-1,-1,edge_3,edge,0.35094,0.46377,0.0,0.64906,0.53623,0.70606,3
9,normal,-1,0.0,,,-1,-1,edge_4,edge,0.38569,0.46366,0.0,0.61431,0.53634,0.70606,3
9,normal,-1,0.0,,,-1,-1,cloud_0,cloud,0.39388,0.46999,0.0,0.60612,0.53001,0.54936,3
10,normal,-1,0.0,,,-1,-1,access_0,access,0.22366,0.25551,0.0,0.77634,0.74449,0.30814,2
10,normal,-1,0.0,,,-1,-1,access_1,access,0.2198,0.25405,0.0,0.7802,0.74595,0.30814,2
10,normal,-1,0.0,,,-1,-1,edge_0,edge,0.3654,0.4349,0.0,0.6346,0.5651,0.69664,4
10,normal,-1,0.0,,,-1,-1,edge_1,edge,0.37462,0.46994,0.0,0.62538,0.53006,0.69664,3
10,normal,-1,0.0,,,-1,-1,edge_2,edge,0.4343,0.49722,0.0,0.5657,0.50278,0.69664,4
10,normal,-1,0.0,,,-1,-1,edge_3,edge,0.34319,0.44128,0.0,0.65681,0.55872,0.69664,3
10,normal,-1,0.0,,,-1,-1,edge_4,edge,0.37685,0.46484,0.0,0.62315,0.53516,0.69664,3
10,normal,-1,0.0,,,-1,-1,cloud_0,cloud,0.38262,0.46364,0.0,0.61738,0.53636,0.54517,3
11,normal,-1,0.0,,,-1,-1,access_0,access,0.21396,0.26715,0.0,0.78604,0.73285,0.30436,2
11,normal,-1,0.0,,,-1,-1,access_1,access,0.22171,0.25138,0.0,0.77829,0.74862,0.30436,2
11,normal,-1,0.0,,,-1,-1,edge_0,edge,0.35377,0.43781,0.0,0.64623,0.56219,0.68601,4
11,normal,-1,0.0,,,-1,-1,edge_1,edge,0.38431,0.4554,0.0,0.61569,0.5446,0.68601,3
11,normal,-1,0.0,,,-1,-1,edge_2,edge,0.4124,0.49245,0.0,0.5876,0.50755,0.68601,4
11,normal,-1,0.0,,,-1,-1,edge_3,edge,0.33765,0.456,0.0,0.66235,0.544,0.68601,3
11,normal,-1,0.0,,,-1,-1,edge_4,edge,0.38778,0.49185,0.0,0.61222,0.50815,0.68601,3
11,normal,-1,0.0,,,-1,-1,cloud_0,cloud,0.40263,0.47115,0.0,0.59737,0.52885,0.54045,3
12,normal,-1,0.0,,,-1,-1,access_0,access,0.22832,0.26804,0.0,0.77168,0.73196,0.30044,2
12,normal,-1,0.0,,,-1,-1,access_1,access,0.2248,0.23541,0.0,0.7752,0.76459,0.30044,2
12,normal,-1,0.0,,,-1,-1,edge_0,edge,0.30904,0.44008,0.0,0.69096,0.55992,0.67499,4
12,normal,-1,0.0,,,-1,-1,edge_1,edge,0.39439,0.48284,0.0,0.60561,0.51716,0.67499,3
12,link_congestion,14,0.2708,edge_2,edge_1-edge_2,2,1,edge_2,edge,0.42528,0.48896,0.0,0.57472,0.51104,0.82599,4
12,normal,-1,0.0,,,-1,-1,edge_3,edge,0.34313,0.43516,0.0,0.65687,0.56484,0.67499,3
12,normal,-1,0.0,,,-1,-1,edge_4,edge,0.36546,0.44338,0.0,0.63454,0.55662,0.67499,3
12,normal,-1,0.0,,,-1,-1,cloud_0,cloud,0.3985,0.47197,0.0,0.6015,0.52803,0.53555,3
13,normal,-1,0.0,,,-1,-1,access_0,access,0.22244,0.26074,0.0,0.77756,0.73926,0.29666,2
13,normal,-1,0.0,,,-1,-1,access_1,access,0.20578,0.24855,0.0,0.79422,0.75145,0.29666,2
13,normal,-1,0.0,,,-1,-1,edge_0,edge,0.33583,0.43575,0.0,0.66417,0.56425,0.66436,4
13,normal,-1,0.0,,,-1,-1,edge_1,edge,0.36232,0.4654,0.0,0.63768,0.5346,0.66436,3
13,link_congestion,14,0.2708,edge_2,edge_1-edge_2,2,1,edge_2,edge,0.51798,0.55318,4.62455,0.48202,0.44682,0.85906,4
13,normal,-1,0.0,,,-1,-1,edge_3,edge,0.35346,0.44256,0.0,0.64654,0.55744,0.66436,3
13,normal,-1,0.0,,,-1,-1,edge_4,edge,0.37671,0.46236,0.0,0.62329,0.53764,0.66436,3
13,normal,-1,0.0,,,-1,-1,cloud_0,cloud,0.36899,0.47184,0.0,0.63101,0.52816,0.53083,3
14,normal,-1,0.0,,,-1,-1,access_0,access,0.2068,0.25531,0.0,0.7932,0.74469,0.29331,2
14,normal,-1,0.0,,,-1,-1,access_1,access,0.22224,0.25296,0.0,0.77776,0.74704,0.29331,2
14,normal,-1,0.0,,,-1,-1,edge_0,edge,0.34005,0.44193,0.0,0.65995,0.55807,0.65494,4
14,normal,-1,0.0,,,-1,-1,edge_1,edge,0.38655,0.45099,0.0,0.61345,0.54901,0.65494,3
14,link_congestion,14,0.2708,edge_2,edge_1-edge_2,2,1,edge_2,edge,0.46792,0.49674,2.75736,0.53208,0.50326,0.87949,4
14,normal,-1,0.0,,,-1,-1,edge_3,edge,0.34759,0.43589,0.0,0.65241,0.56411,0.65494,3
14,mixed,20,0.25824,edge_4,edge_4-edge_0,2,1,edge_4,edge,0.4646,0.51741,3.94036,0.5354,0.48259,0.97294,3
14,normal,-1,0.0,,,-1,-1,cloud_0,cloud,0.37077,0.45092,0.0,0.62923,0.54908,0.52664,3
15,normal,-1,0.0,,,-1,-1,access_0,access,0.23259,0.25666,0.0,0.76741,0.74334,0.29064,2
15,normal,-1,0.0,,,-1,-1,access_1,access,0.19322,0.25388,0.0,0.80678,0.74612,0.29064,2
15,normal,-1,0.0,,,-1,-1,edge_0,edge,0.32744,0.43133,0.0,0.67256,0.56867,0.64741,4
15,normal,-1,0.0,,,-1,-1,edge_1,edge,0.37659,0.47039,0.0,0.62341,0.52961,0.64741,3
15,link_congestion,14,0.2708,edge_2,edge_1-edge_2,2,1,edge_2,edge,0.50255,0.53921,4.77264,0.49745,0.46079,0.87949,4
15,normal,-1,0.0,,,-1,-1,edge_3,edge,0.35321,0.45689,0.0,0.64679,0.54311,0.64741,3
15,mixed,20,0.25824,edge_4,edge_4-edge_0,2,1,edge_4,edge,0.52504,0.51554,9.06174,0.47496,0.48446,1.14615,3
15,normal,-1,0.0,,,-1,-1,cloud_0,cloud,0.38524,0.46863,0.0,0.61476,0.53137,0.52329,3
16,normal,-1,0.0,,,-1,-1,access_0,access,0.19934,0.24959,0.0,0.80066,0.75041,0.28883,2
16,normal,-1,0.0,,,-1,-1,access_1,access,0.21093,0.24056,0.0,0.78907,0.75944,0.28883,2
16,normal,-1,0.0,,,-1,-1,edge_0,edge,0.35727,0.45279,0.0,0.64273,0.54721,0.64234,4
16,mixed,19,0.36038,edge_1,access_0-edge_1,1,0,edge_1,edge,0.53224,0.53133,11.84666,0.46776,0.46867,0.99133,3
16,link_congestion,14,0.2708,edge_2,edge_1-edge_2,2,1,edge_2,edge,0.51882,0.50224,5.23392,0.48118,0.49776,0.85906,4
16,normal,-1,0.0,,,-1,-1,edge_3,edge,0.35086,0.45636,0.0,0.64914,0.54364,0.64234,3
16,mixed,26,0.39268,edge_4,edge_3-edge_4,4,3,edge_4,edge,0.51981,0.511,11.26796,0.48019,0.489,0.99714,3
16,normal,-1,0.0,,,-1,-1,cloud_0,cloud,0.37747,0.45215,0.0,0.62253,0.54785,0.52104,3
17,normal,-1,0.0,,,-1,-1,access_0,access,0.22061,0.24993,0.0,0.77939,0.75007,0.28803,2
17,normal,-1,0.0,,,-1,-1,access_1,access,0.22159,0.25154,0.0,0.77841,0.74846,0.28803,2
17,burst,2,0.27767,edge_0,edge_0-edge_1,3,2,edge_0,edge,0.42941,0.52013,0.0,0.57059,0.47987,0.8325,4
17,mixed,19,0.36038,edge_1,access_0-edge_1,1,0,edge_1,edge,0.55007,0.53556,12.98789,0.44993,0.46444,1.13015,3
17,link_congestion,14,0.2708,edge_2,edge_1-edge_2,2,1,edge_2,edge,0.45214,0.48403,1.42708,0.54786,0.51597,0.82599,4
17,normal,-1,0.0,,,-1,-1,edge_3,edge,0.33999,0.45516,0.0,0.66001,0.54484,0.64009,3
17,mixed,26,0.39268,edge_4,edge_3-edge_4,4,3,edge_4,edge,0.57683,0.53261,14.48253,0.42317,0.46739,1.13596,3
17,normal,-1,0.0,,,-1,-1,cloud_0,cloud,0.38371,0.4658,0.0,0.61629,0.5342,0.52004,3
18,normal,-1,0.0,,,-1,-1,access_0,access,0.22946,0.23767,0.0,0.77054,0.76233,0.2883,2
18,normal,-1,0.0,,,-1,-1,access_1,access,0.20847,0.24436,0.0,0.79153,0.75564,0.2883,2
18,burst,2,0.27767,edge_0,edge_0-edge_1,3,2,edge_0,edge,0.41486,0.45191,1.12826,0.58514,0.54809,0.87513,4
18,mixed,19,0.36038,edge_1,access_0-edge_1,1,0,edge_1,edge,0.61501,0.59984,17.54945,0.38499,0.40016,1.28085,3
18,link_congestion,14,0.2708,edge_2,edge_1-edge_2,2,1,edge_2,edge,0.46557,0.48717,2.05281,0.53443,0.51283,0.79293,4
18,normal,-1,0.0,,,-1,-1,edge_3,edge,0.35522,0.46828,0.0,0.64478,0.53172,0.64085,3
18,mixed,26,0.39268,edge_4,edge_3-edge_4,4,3,edge_4,edge,0.58418,0.54943,15.86934,0.41582,0.45057,1.28667,3
18,normal,-1,0.0,,,-1,-1,cloud_0,cloud,0.36233,0.45771,0.0,0.63767,0.54229,0.52038,3
19,normal,-1,0.0,,,-1,-1,access_0,access,0.21381,0.2449,0.0,0.78619,0.7551,0.28961,2
19,normal,-1,0.0,,,-1,-1,access_1,access,0.22145,0.24334,0.0,0.77855,0.75666,0.28961,2
19,burst,2,0.27767,edge_0,edge_0-edge_1,3,2,edge_0,edge,0.39967,0.47577,0.0,0.60033,0.52423,0.94284,4
19,mixed,19,0.36038,edge_1,access_0-edge_1,1,0,edge_1,edge,0.60418,0.59761,18.10875,0.39582,0.40239,1.37866,3
19,link_congestion,14,0.2708,edge_2,edge_1-edge_2,2,1,edge_2,edge,0.44163,0.45824,0.0,0.55837,0.54176,0.7725,4
19,normal,-1,0.0,,,-1,-1,edge_3,edge,0.33212,0.42635,0.0,0.66788,0.57365,0.64454,3
19,mixed,26,0.39268,edge_4,edge_3-edge_4,4,3,edge_4,edge,0.66194,0.597,21.45192,0.33806,0.403,1.38447,3
19,normal,-1,0.0,,,-1,-1,cloud_0,cloud,0.37949,0.46145,0.0,0.62051,0.53855,0.52202,3
20,normal,-1,0.0,,,-1,-1,access_0,access,0.20039,0.25131,0.0,0.79961,0.74869,0.29188,2
20,normal,-1,0.0,,,-1,-1,access_1,access,0.21512,0.26345,0.0,0.78488,0.73655,0.29188,2
20,burst,2,0.27767,edge_0,edge_0-edge_1,3,2,edge_0,edge,0.46215,0.50981,2.95286,0.53785,0.49019,1.04511,4
20,mixed,19,0.36038,edge_1,access_0-edge_1,1,0,edge_1,edge,0.67187,0.61751,21.80512,0.32813,0.38249,1.36755,3
20,link_congestion,14,0.2708,edge_2,edge_1-edge_2,2,1,edge_2,edge,0.49935,0.49805,3.65965,0.50065,0.50195,0.7725,4
20,normal,-1,0.0,,,-1,-1,edge_3,edge,0.34527,0.4303,0.0,0.65473,0.5697,0.6509,3
20,mixed,26,0.39268,edge_4,edge_3-edge_4,4,3,edge_4,edge,0.64571,0.59831,20.24649,0.35429,0.40169,1.37337,3
20,normal,-1,0.0,,,-1,-1,cloud_0,cloud,0.37569,0.45976,0.0,0.62431,0.54024,0.52484,3
21,normal,-1,0.0,,,-1,-1,access_0,access,0.22381,0.2579,0.0,0.77619,0.7421,0.29492,2
21,normal,-1,0.0,,,-1,-1,access_1,access,0.21398,0.26288,0.0,0.78602,0.73712,0.29492,2
21,link_congestion,11,0.28541,edge_0,edge_0-edge_1,3,2,edge_0,edge,0.398,0.4797,0.0,0.602,0.5203,0.82862,4
21,mixed,19,0.36038,edge_1,access_0-edge_1,1,0,edge_1,edge,0.60214,0.5563,16.29661,0.39786,0.4437,1.2726,3
21,link_congestion,14,0.2708,edge_2,edge_1-edge_2,2,1,edge_2,edge,0.42044,0.4424,0.0,0.57956,0.5576,0.79293,4
21,normal,-1,0.0,,,-1,-1,edge_3,edge,0.36789,0.46322,0.0,0.63211,0.53678,0.65946,3
21,mixed,26,0.39268,edge_4,edge_3-edge_4,4,3,edge_4,edge,0.61465,0.53894,17.6211,0.38535,0.46106,1.27841,3
21,normal,-1,0.0,,,-1,-1,cloud_0,cloud,0.37632,0.4779,0.0,0.62368,0.5221,0.52865,3
22,normal,-1,0.0,,,-1,-1,access_0,access,0.21545,0.25741,0.0,0.78455,0.74259,0.29851,2
22,normal,-1,0.0,,,-1,-1,access_1,access,0.21744,0.24905,0.0,0.78256,0.75095,0.29851,2
22,link_congestion,11,0.28541,edge_0,edge_0-edge_1,3,2,edge_0,edge,0.4181,0.4931,0.98133,0.5819,0.5069,0.85303,4
22,mixed,19,0.36038,edge_1,access_0-edge_1,1,0,edge_1,edge,0.60277,0.5293,17.05094,0.39723,0.4707,1.31461,3
22,link_congestion,14,0.2708,edge_2,edge_1-edge_2,2,1,edge_2,edge,0.48552,0.51535,1.99399,0.51448,0.48465,0.82599,4
22,normal,-1,0.0,,,-1,-1,edge_3,edge,0.35858,0.43335,0.0,0.64142,0.56665,0.66957,3
22,mixed,26,0.39268,edge_4,edge_3-edge_4,4,3,edge_4,edge,0.60519,0.54912,18.56037,0.39481,0.45088,1.32042,3
22,normal,-1,0.0,,,-1,-1,cloud_0,cloud,0.40399,0.4452,0.0,0.59601,0.5548,0.53314,3
23,normal,-1,0.0,,,-1,-1,access_0,access,0.22151,0.23627,0.0,0.77849,0.76373,0.3024,2
23,normal,-1,0.0,,,-1,-1,access_1,access,0.21967,0.25134,0.0,0.78033,0.74866,0.3024,2
23,link_congestion,11,0.28541,edge_0,edge_0-edge_1,3,2,edge_0,edge,0.40805,0.44674,0.0,0.59195,0.55326,0.8726,4
23,mixed,19,0.36038,edge_1,access_0-edge_1,1,0,edge_1,edge,0.62762,0.58079,17.79685,0.37238,0.41921,1.27709,3
23,normal,-1,0.0,,,-1,-1,edge_2,edge,0.40715,0.48937,0.0,0.59285,0.51063,0.6805,4
23,normal,-1,0.0,,,-1,-1,edge_3,edge,0.36583,0.4565,0.0,0.63417,0.5435,0.6805,3
23,mixed,26,0.39268,edge_4,edge_3-edge_4,4,3,edge_4,edge,0.62825,0.5751,18.88262,0.37175,0.4249,1.2829,3
23,normal,-1,0.0,,,-1,-1,cloud_0,cloud,0.36169,0.45001,0.0,0.63831,0.54999,0.538,3
24,normal,-1,0.0,,,-1,-1,access_0,access,0.21543,0.25062,0.0,0.78457,0.74938,0.3024,2
24,normal,-1,0.0,,,-1,-1,access_1,access,0.21878,0.25226,0.0,0.78122,0.74774,0.3024,2
24,link_congestion,11,0.28541,edge_0,edge_0-edge_1,3,2,edge_0,edge,0.42175,0.4718,0.0,0.57825,0.5282,0.88346,4
24,mixed,19,0.36038,edge_1,access_0-edge_1,1,0,edge_1,edge,0.58693,0.56997,14.59473,0.41307,0.43003,1.18045,3
24,normal,-1,0.0,,,-1,-1,edge_2,edge,0.41445,0.50522,0.0,0.58555,0.49478,0.6805,4
24,normal,-1,0.0,,,-1,-1,edge_3,edge,0.36594,0.46932,0.0,0.63406,0.53068,0.6805,3
24,mixed,26,0.39268,edge_4,edge_3-edge_4,4,3,edge_4,edge,0.59307,0.55909,16.00696,0.40693,0.44091,1.18626,3
24,normal,-1,0.0,,,-1,-1,cloud_0,cloud,0.40013,0.47117,0.0,0.59987,0.52883,0.538,3
25,normal,-1,0.0,,,-1,-1,access_0,access,0.20996,0.25621,0.0,0.79004,0.74379,0.30629,2
25,normal,-1,0.0,,,-1,-1,access_1,access,0.23829,0.24418,0.0,0.76171,0.75582,0.30629,2
25,link_congestion,11,0.28541,edge_0,edge_0-edge_1,3,2,edge_0,edge,0.42848,0.47221,0.0,0.57152,0.52779,0.88346,4
25,mixed,19,0.36038,edge_1,access_0-edge_1,1,0,edge_1,edge,0.61544,0.5789,17.93699,0.38456,0.4211,1.28169,3
25,normal,-1,0.0,,,-1,-1,edge_2,edge,0.41923,0.47947,0.0,0.58077,0.52053,0.69143,4
25,normal,-1,0.0,,,-1,-1,edge_3,edge,0.36805,0.44448,0.0,0.63195,0.55552,0.69143,3
25,mixed,26,0.39268,edge_4,edge_3-edge_4,4,3,edge_4,edge,0.63264,0.58854,18.67132,0.36736,0.41146,1.2875,3
25,normal,-1,0.0,,,-1,-1,cloud_0,cloud,0.38035,0.46486,0.0,0.61965,0.53514,0.54286,3
26,normal,-1,0.0,,,-1,-1,access_0,access,0.20932,0.24694,0.0,0.79068,0.75306,0.30988,2
26,normal,-1,0.0,,,-1,-1,access_1,access,0.22364,0.2542,0.0,0.77636,0.7458,0.30988,2
26,link_congestion,11,0.28541,edge_0,edge_0-edge_1,3,2,edge_0,edge,0.41513,0.50217,0.60146,0.58487,0.49783,0.8726,4
26,mixed,19,0.36038,edge_1,access_0-edge_1,1,0,edge_1,edge,0.56876,0.54372,14.00002,0.43124,0.45628,1.26573,3
26,normal,-1,0.0,,,-1,-1,edge_2,edge,0.42098,0.49345,0.0,0.57902,0.50655,0.70154,4
26,normal,-1,0.0,,,-1,-1,edge_3,edge,0.37451,0.47384,0.0,0.62549,0.52616,0.70154,3
26,mixed,26,0.39268,edge_4,edge_3-edge_4,4,3,edge_4,edge,0.59358,0.58045,17.67101,0.40642,0.41955,1.27155,3
26,normal,-1,0.0,,,-1,-1,cloud_0,cloud,0.40401,0.46538,0.0,0.59599,0.53462,0.54735,3
27,normal,-1,0.0,,,-1,-1,access_0,access,0.23016,0.24867,0.0,0.76984,0.75133,0.31292,2
27,normal,-1,0.0,,,-1,-1,access_1,access,0.23679,0.25069,0.0,0.76321,0.74931,0.31292,2
27,link_congestion,11,0.28541,edge_0,edge_0-edge_1,3,2,edge_0,edge,0.4278,0.47376,0.0,0.5722,0.52624,0.85303,4
27,mixed,19,0.36038,edge_1,access_0-edge_1,1,0,edge_1,edge,0.57361,0.57236,13.017,0.42639,0.42764,1.1568,3
27,normal,-1,0.0,,,-1,-1,edge_2,edge,0.39736,0.4752,0.0,0.60264,0.5248,0.7101,4
27,normal,-1,0.0,,,-1,-1,edge_3,edge,0.35582,0.47987,0.0,0.64418,0.52013,0.7101,3
27,mixed,26,0.39268,edge_4,edge_3-edge_4,4,3,edge_4,edge,0.59716,0.58566,15.42724,0.40284,0.41434,1.16262,3
27,normal,-1,0.0,,,-1,-1,cloud_0,cloud,0.40693,0.484,0.0,0.59307,0.516,0.55116,3
28,normal,-1,0.0,,,-1,-1,access_0,access,0.22869,0.26111,0.0,0.77131,0.73889,0.31519,2
28,normal,-1,0.0,,,-1,-1,access_1,access,0.22921,0.25529,0.0,0.77079,0.74471,0.31519,2
28,link_congestion,11,0.28541,edge_0,edge_0-edge_1,3,2,edge_0,edge,0.47102,0.46138,2.93817,0.52898,0.53862,0.82862,4
28,normal,-1,0.0,,,-1,-1,edge_1,edge,0.38114,0.4602,0.0,0.61886,0.5398,0.71646,3
28,normal,-1,0.0,,,-1,-1,edge_2,edge,0.41214,0.46881,0.0,0.58786,0.53119,0.71646,4
28,link_congestion,17,0.39554,edge_3,access_1-edge_3,1,0,edge_3,edge,0.4383,0.50118,1.97766,0.5617,0.49882,0.84845,3
28,node_overload,6,0.30405,edge_4,edge_4-edge_0,4,3,edge_4,edge,0.49938,0.50478,16.05722,0.50062,0.49522,0.77067,3
28,normal,-1,0.0,,,-1,-1,cloud_0,cloud,0.39885,0.45051,0.0,0.60115,0.54949,0.55398,3
29,normal,-1,0.0,,,-1,-1,access_0,access,0.21339,0.26121,0.0,0.78661,0.73879,0.3165,2
29,normal,-1,0.0,,,-1,-1,access_1,access,0.22145,0.26472,0.0,0.77855,0.73528,0.3165,2
29,link_congestion,11,0.28541,edge_0,edge_0-edge_1,3,2,edge_0,edge,0.39938,0.47212,0.0,0.60062,0.52788,0.80422,4
29,normal,-1,0.0,,,-1,-1,edge_1,edge,0.38731,0.47636,0.0,0.61269,0.52364,0.72015,3
29,normal,-1,0.0,,,-1,-1,edge_2,edge,0.42757,0.49013,0.0,0.57243,0.50987,0.72015,4
29,link_congestion,17,0.39554,edge_3,access_1-edge_3,1,0,edge_3,edge,0.43339,0.49624,1.54961,0.56661,0.50376,0.87285,3
29,node_overload,6,0.30405,edge_4,edge_4-edge_0,4,3,edge_4,edge,0.52096,0.53337,17.48383,0.47904,0.46663,0.76223,3
29,normal,-1,0.0,,,-1,-1,cloud_0,cloud,0.40537,0.47456,0.0,0.59463,0.52544,0.55562,3
30,normal,-1,0.0,,,-1,-1,access_0,access,0.22363,0.25328,0.0,0.77637,0.74672,0.31677,2
30,normal,-1,0.0,,,-1,-1,access_1,access,0.23571,0.2431,0.0,0.76429,0.7569,0.31677,2
30,link_congestion,11,0.28541,edge_0,edge_0-edge_1,3,2,edge_0,edge,0.40886,0.43379,0.0,0.59114,0.56621,0.78465,4
30,normal,-1,0.0,,,-1,-1,edge_1,edge,0.39395,0.46928,0.0,0.60605,0.53072,0.72091,3
30,normal,-1,0.0,,,-1,-1,edge_2,edge,0.4136,0.48595,0.0,0.5864,0.51405,0.72091,4
30,mixed,27,0.43958,edge_3,access_1-edge_3,1,0,edge_3,edge,0.50817,0.52365,12.30318,0.49183,0.47635,1.00558,3
30,node_overload,6,0.30405,edge_4,edge_4-edge_0,4,3,edge_4,edge,0.51681,0.52575,17.3448,0.48319,0.47425,0.77067,3
30,normal,-1,0.0,,,-1,-1,cloud_0,cloud,0.40802,0.48356,0.0,0.59198,0.51644,0.55596,3
31,normal,-1,0.0,,,-1,-1,access_0,access,0.23622,0.25916,0.0,0.76378,0.74084,0.31597,2
31,normal,-1,0.0,,,-1,-1,access_1,access,0.22005,0.26222,0.0,0.77995,0.73778,0.31597,2
31,link_congestion,11,0.28541,edge_0,edge_0-edge_1,3,2,edge_0,edge,0.43237,0.48516,0.55314,0.56763,0.51484,0.77378,4
31,normal,-1,0.0,,,-1,-1,edge_1,edge,0.39298,0.46821,0.0,0.60702,0.53179,0.71866,3
31,normal,-1,0.0,,,-1,-1,edge_2,edge,0.41743,0.49206,0.0,0.58257,0.50794,0.71866,4
31,mixed,27,0.43958,edge_3,access_1-edge_3,1,0,edge_3,edge,0.54327,0.53792,12.97297,0.45673,0.46208,1.12099,3
31,node_overload,6,0.30405,edge_4,edge_4-edge_0,4,3,edge_4,edge,0.53382,0.53748,16.54218,0.46618,0.46252,0.79373,3
31,normal,-1,0.0,,,-1,-1,cloud_0,cloud,0.40101,0.47527,0.0,0.59899,0.52473,0.55496,3
32,normal,-1,0.0,,,-1,-1,access_0,access,0.21725,0.25179,0.0,0.78275,0.74821,0.31416,2
32,normal,-1,0.0,,,-1,-1,access_1,access,0.22874,0.26352,0.0,0.77126,0.73648,0.31416,2
32,link_congestion,11,0.28541,edge_0,edge_0-edge_1,3,2,edge_0,edge,0.43336,0.48781,0.0,0.56664,0.51219,0.77378,4
32,normal,-1,0.0,,,-1,-1,edge_1,edge,0.39016,0.46097,0.0,0.60984,0.53903,0.71359,3
32,normal,-1,0.0,,,-1,-1,edge_2,edge,0.38752,0.47899,0.0,0.61248,0.52101,0.71359,4
32,mixed,27,0.43958,edge_3,access_1-edge_3,1,0,edge_3,edge,0.58004,0.58071,17.2988,0.41996,0.41929,1.25101,3
32,node_overload,6,0.30405,edge_4,edge_4-edge_0,4,3,edge_4,edge,0.46233,0.53556,14.39823,0.53767,0.46444,0.82523,3
32,normal,-1,0.0,,,-1,-1,cloud_0,cloud,0.38537,0.475,0.0,0.61463,0.525,0.55271,3
33,normal,-1,0.0,,,-1,-1,access_0,access,0.22633,0.2556,0.0,0.77367,0.7444,0.31149,2
33,normal,-1,0.0,,,-1,-1,access_1,access,0.23689,0.27235,0.0,0.76311,0.72765,0.31149,2
33,link_congestion,11,0.28541,edge_0,edge_0-edge_1,3,2,edge_0,edge,0.44114,0.47157,1.35318,0.55886,0.52843,0.78465,4
33,normal,-1,0.0,,,-1,-1,edge_1,edge,0.39264,0.43982,0.0,0.60736,0.56018,0.70606,3
33,normal,-1,0.0,,,-1,-1,edge_2,edge,0.41435,0.49479,0.0,0.58565,0.50521,0.70606,4
33,mixed,27,0.43958,edge_3,access_1-edge_3,1,0,edge_3,edge,0.60466,0.59895,17.39675,0.39534,0.40105,1.35883,3
33,burst,1,0.29598,edge_4,edge_4-edge_0,2,1,edge_4,edge,0.54131,0.55224,6.47997,0.45869,0.44776,1.25524,3
33,normal,-1,0.0,,,-1,-1,cloud_0,cloud,0.39581,0.48305,0.0,0.60419,0.51695,0.54936,3
34,normal,-1,0.0,,,-1,-1,access_0,access,0.21925,0.25152,0.0,0.78075,0.74848,0.30814,2
34,normal,-1,0.0,,,-1,-1,access_1,access,0.21432,0.26822,0.0,0.78568,0.73178,0.30814,2
34,link_congestion,11,0.28541,edge_0,edge_0-edge_1,3,2,edge_0,edge,0.39493,0.4871,0.0,0.60507,0.5129,0.80422,4
34,normal,-1,0.0,,,-1,-1,edge_1,edge,0.38117,0.48107,0.0,0.61883,0.51893,0.69664,3
34,normal,-1,0.0,,,-1,-1,edge_2,edge,0.38677,0.46536,0.0,0.61323,0.53464,0.69664,4
34,mixed,27,0.43958,edge_3,access_1-edge_3,1,0,edge_3,edge,0.64667,0.63118,21.98643,0.35333,0.36882,1.403,3
34,burst,1,0.29598,edge_4,edge_4-edge_0,2,1,edge_4,edge,0.52692,0.50339,4.72386,0.47308,0.49661,1.10435,3
34,normal,-1,0.0,,,-1,-1,cloud_0,cloud,0.38979,0.48852,0.0,0.61021,0.51148,0.54517,3
35,normal,-1,0.0,,,-1,-1,access_0,access,0.22752,0.25302,0.0,0.77248,0.74698,0.30436,2
35,normal,-1,0.0,,,-1,-1,access_1,access,0.23058,0.24063,0.0,0.76942,0.75937,0.30436,2
35,link_congestion,11,0.28541,edge_0,edge_0-edge_1,3,2,edge_0,edge,0.43744,0.50074,1.15254,0.56256,0.49926,0.82862,4
35,normal,-1,0.0,,,-1,-1,edge_1,edge,0.38066,0.48084,0.0,0.61934,0.51916,0.68601,3
35,normal,-1,0.0,,,-1,-1,edge_2,edge,0.44009,0.49048,0.0,0.55991,0.50952,0.68601,4
35,mixed,27,0.43958,edge_3,access_1-edge_3,1,0,edge_3,edge,0.63668,0.59324,20.39929,0.36332,0.40676,1.36262,3
35,burst,1,0.29598,edge_4,edge_4-edge_0,2,1,edge_4,edge,0.49629,0.53498,4.88656,0.50371,0.46502,0.96799,3
35,normal,-1,0.0,,,-1,-1,cloud_0,cloud,0.38054,0.48245,0.0,0.61946,0.51755,0.54045,3
36,normal,-1,0.0,,,-1,-1,access_0,access,0.22341,0.25778,0.0,0.77659,0.74222,0.30044,2
36,normal,-1,0.0,,,-1,-1,access_1,access,0.2216,0.2521,0.0,0.7784,0.7479,0.30044,2
36,link_congestion,15,0.28459,edge_0,edge_0-edge_1,3,2,edge_0,edge,0.43385,0.50469,1.29234,0.56615,0.49531,0.88332,4
36,normal,-1,0.0,,,-1,-1,edge_1,edge,0.36459,0.46149,0.0,0.63541,0.53851,0.67499,3
36,normal,-1,0.0,,,-1,-1,edge_2,edge,0.40363,0.47608,0.0,0.59637,0.52392,0.67499,4
36,mixed,27,0.43958,edge_3,access_1-edge_3,1,0,edge_3,edge,0.59911,0.56634,19.30469,0.40089,0.43366,1.29244,3
36,burst,1,0.29598,edge_4,edge_4-edge_0,2,1,edge_4,edge,0.46892,0.50645,3.18758,0.53108,0.49355,0.87947,3
36,normal,-1,0.0,,,-1,-1,cloud_0,cloud,0.41093,0.46528,0.0,0.58907,0.53472,0.53555,3
37,normal,-1,0.0,,,-1,-1,access_0,access,0.23404,0.25365,0.0,0.76596,0.74635,0.29666,2
37,normal,-1,0.0,,,-1,-1,access_1,access,0.21298,0.24981,0.0,0.78702,0.75019,0.29666,2
37,link_congestion,15,0.28459,edge_0,edge_0-edge_1,3,2,edge_0,edge,0.38518,0.45777,0.0,0.61482,0.54223,0.88332,4
37,normal,-1,0.0,,,-1,-1,edge_1,edge,0.35725,0.43501,0.0,0.64275,0.56499,0.66436,3
37,normal,-1,0.0,,,-1,-1,edge_2,edge,0.38251,0.44561,0.0,0.61749,0.55439,0.66436,4
37,mixed,27,0.43958,edge_3,access_1-edge_3,1,0,edge_3,edge,0.64336,0.57421,22.25224,0.35664,0.42579,1.32831,3
37,burst,1,0.29598,edge_4,edge_4-edge_0,2,1,edge_4,edge,0.45121,0.50224,1.49147,0.54879,0.49776,0.84078,3
37,normal,-1,0.0,,,-1,-1,cloud_0,cloud,0.39707,0.4776,0.0,0.60293,0.5224,0.53083,3
38,normal,-1,0.0,,,-1,-1,access_0,access,0.2077,0.24546,0.0,0.7923,0.75454,0.29331,2
38,normal,-1,0.0,,,-1,-1,access_1,access,0.19796,0.23894,0.0,0.80204,0.76106,0.29331,2
38,link_congestion,15,0.28459,edge_0,edge_0-edge_1,3,2,edge_0,edge,0.44021,0.4795,0.61387,0.55979,0.5205,0.87245,4
38,normal,-1,0.0,,,-1,-1,edge_1,edge,0.384,0.45994,0.0,0.616,0.54006,0.65494,3
38,normal,-1,0.0,,,-1,-1,edge_2,edge,0.41749,0.48303,0.0,0.58251,0.51697,0.65494,4
38,mixed,27,0.43958,edge_3,access_1-edge_3,1,0,edge_3,edge,0.65778,0.60497,20.44008,0.34222,0.39503,1.30709,3
38,burst,1,0.29598,edge_4,edge_4-edge_0,2,1,edge_4,edge,0.43792,0.49306,0.08467,0.56208,0.50694,0.83579,3
38,normal,-1,0.0,,,-1,-1,cloud_0,cloud,0.3851,0.46931,0.0,0.6149,0.53069,0.52664,3
39,normal,-1,0.0,,,-1,-1,access_0,access,0.20836,0.24921,0.0,0.79164,0.75079,0.29064,2
39,normal,-1,0.0,,,-1,-1,access_1,access,0.20771,0.23946,0.0,0.79229,0.76054,0.29064,2
39,link_congestion,15,0.28459,edge_0,edge_0-edge_1,3,2,edge_0,edge,0.40885,0.49689,0.576,0.59115,0.50311,0.85288,4
39,normal,-1,0.0,,,-1,-1,edge_1,edge,0.34641,0.47225,0.0,0.65359,0.52775,0.64741,3
39,normal,-1,0.0,,,-1,-1,edge_2,edge,0.42489,0.47916,0.0,0.57511,0.52084,0.64741,4
39,mixed,27,0.43958,edge_3,access_1-edge_3,1,0,edge_3,edge,0.53152,0.51241,16.04423,0.46848,0.48759,1.23314,3
39,node_overload,8,0.27734,edge_4,edge_4-edge_0,2,1,edge_4,edge,0.5284,0.53836,16.96016,0.4716,0.46164,0.759,3
39,normal,-1,0.0,,,-1,-1,cloud_0,cloud,0.38162,0.45978,0.0,0.61838,0.54022,0.52329,3
40,normal,-1,0.0,,,-1,-1,access_0,access,0.22568,0.2473,0.0,0.77432,0.7527,0.28883,2
40,normal,-1,0.0,,,-1,-1,access_1,access,0.21825,0.24872,0.0,0.78175,0.75128,0.28883,2
40,link_congestion,15,0.28459,edge_0,edge_0-edge_1,3,2,edge_0,edge,0.45285,0.47319,1.12836,0.54715,0.52681,0.82848,4
40,node_overload,3,0.31768,edge_1,access_0-edge_1,1,0,edge_1,edge,0.50034,0.52553,16.68536,0.49966,0.47447,0.82768,3
40,normal,-1,0.0,,,-1,-1,edge_2,edge,0.3761,0.47299,0.0,0.6239,0.52701,0.64234,4
40,mixed,27,0.43958,edge_3,access_1-edge_3,1,0,edge_3,edge,0.60214,0.60865,18.99988,0.39786,0.39135,1.25264,3
40,node_overload,8,0.27734,edge_4,edge_4-edge_0,2,1,edge_4,edge,0.48394,0.52446,14.00794,0.51606,0.47554,0.77117,3
40,normal,-1,0.0,,,-1,-1,cloud_0,cloud,0.35503,0.44913,0.0,0.64497,0.55087,0.52104,3
41,normal,-1,0.0,,,-1,-1,access_0,access,0.2059,0.25629,0.0,0.7941,0.74371,0.28803,2
41,normal,-1,0.0,,,-1,-1,access_1,access,0.21142,0.25304,0.0,0.78858,0.74696,0.28803,2
41,link_congestion,15,0.28459,edge_0,edge_0-edge_1,3,2,edge_0,edge,0.431,0.49213,0.40292,0.569,0.50787,0.80407,4
41,node_overload,3,0.31768,edge_1,access_0-edge_1,1,0,edge_1,edge,0.50472,0.5416,16.40048,0.49528,0.4584,0.85918,3
41,normal,-1,0.0,,,-1,-1,edge_2,edge,0.44139,0.47725,0.0,0.55861,0.52275,0.64009,4
41,mixed,27,0.43958,edge_3,access_1-edge_3,1,0,edge_3,edge,0.59312,0.55044,18.99304,0.40688,0.44956,1.30474,3
41,node_overload,8,0.27734,edge_4,edge_4-edge_0,2,1,edge_4,edge,0.49972,0.50785,15.18702,0.50028,0.49215,0.79309,3
41,normal,-1,0.0,,,-1,-1,cloud_0,cloud,0.36837,0.44877,0.0,0.63163,0.55123,0.52004,3
42,normal,-1,0.0,,,-1,-1,access_0,access,0.20306,0.24673,0.0,0.79694,0.75327,0.2883,2
42,normal,-1,0.0,,,-1,-1,access_1,access,0.20724,0.26409,0.0,0.79276,0.73591,0.2883,2
42,link_congestion,15,0.28459,edge_0,edge_0-edge_1,3,2,edge_0,edge,0.38085,0.46194,0.0,0.61915,0.53806,0.7845,4
42,node_overload,3,0.31768,edge_1,access_0-edge_1,1,0,edge_1,edge,0.51321,0.53223,16.93949,0.48679,0.46777,0.88224,3
42,link_congestion,18,0.23559,edge_2,edge_2-edge_3,2,1,edge_2,edge,0.46437,0.5002,0.54834,0.53563,0.4998,0.81966,4
42,mixed,27,0.43958,edge_3,access_1-edge_3,1,0,edge_3,edge,0.61385,0.56466,19.83905,0.38615,0.43534,1.26721,3
42,node_overload,8,0.27734,edge_4,edge_4-edge_0,2,1,edge_4,edge,0.48092,0.48716,15.21562,0.51908,0.51284,0.82042,3
42,normal,-1,0.0,,,-1,-1,cloud_0,cloud,0.38897,0.44389,0.0,0.61103,0.55611,0.52038,3
43,normal,-1,0.0,,,-1,-1,access_0,access,0.20268,0.24179,0.0,0.79732,0.75821,0.28961,2
43,normal,-1,0.0,,,-1,-1,access_1,access,0.22126,0.23984,0.0,0.77874,0.76016,0.28961,2
43,link_congestion,15,0.28459,edge_0,edge_0-edge_1,3,2,edge_0,edge,0.38378,0.47644,0.0,0.61622,0.52356,0.77364,4
43,node_overload,3,0.31768,edge_1,access_0-edge_1,1,0,edge_1,edge,0.53137,0.56031,20.32928,0.46863,0.43969,0.89068,3
43,link_congestion,18,0.23559,edge_2,edge_2-edge_3,2,1,edge_2,edge,0.43381,0.48065,0.0,0.56619,0.51935,0.86837,4
43,mixed,27,0.43958,edge_3,access_1-edge_3,1,0,edge_3,edge,0.55128,0.57529,15.12181,0.44872,0.42471,1.17106,3
43,normal,-1,0.0,,,-1,-1,edge_4,edge,0.38563,0.4638,0.0,0.61437,0.5362,0.64454,3
43,normal,-1,0.0,,,-1,-1,cloud_0,cloud,0.38113,0.4405,0.0,0.61887,0.5595,0.52202,3
44,normal,-1,0.0,,,-1,-1,access_0,access,0.2346,0.25748,0.0,0.7654,0.74252,0.29188,2
44,normal,-1,0.0,,,-1,-1,access_1,access,0.21364,0.22934,0.0,0.78636,0.77066,0.29188,2
44,link_congestion,15,0.28459,edge_0,edge_0-edge_1,3,2,edge_0,edge,0.42303,0.48798,0.0,0.57697,0.51202,0.77364,4
44,node_overload,3,0.31768,edge_1,access_0-edge_1,1,0,edge_1,edge,0.52083,0.545,20.34114,0.47917,0.455,0.88224,3
44,link_congestion,18,0.23559,edge_2,edge_2-edge_3,2,1,edge_2,edge,0.50491,0.54408,3.54377,0.49509,0.45592,0.86837,4
44,normal,-1,0.0,,,-1,-1,edge_3,edge,0.368,0.46507,0.0,0.632,0.53493,0.6509,3
44,normal,-1,0.0,,,-1,-1,edge_4,edge,0.37527,0.45666,0.0,0.62473,0.54334,0.6509,3
44,normal,-1,0.0,,,-1,-1,cloud_0,cloud,0.36981,0.47296,0.0,0.63019,0.52704,0.52484,3
45,normal,-1,0.0,,,-1,-1,access_0,access,0.20011,0.25655,0.0,0.79989,0.74345,0.29492,2
45,normal,-1,0.0,,,-1,-1,access_1,access,0.21938,0.25791,0.0,0.78062,0.74209,0.29492,2
45,link_congestion,15,0.28459,edge_0,edge_0-edge_1,3,2,edge_0,edge,0.44299,0.48549,1.21046,0.55701,0.51451,0.7845,4
45,node_overload,3,0.31768,edge_1,access_0-edge_1,1,0,edge_1,edge,0.55123,0.54954,20.17247,0.44877,0.45046,0.85918,3
45,link_congestion,18,0.23559,edge_2,edge_2-edge_3,2,1,edge_2,edge,0.48686,0.52569,3.71213,0.51314,0.47431,0.81966,4
45,normal,-1,0.0,,,-1,-1,edge_3,edge,0.33474,0.46436,0.0,0.66526,0.53564,0.65946,3
45,normal,-1,0.0,,,-1,-1,edge_4,edge,0.39541,0.46642,0.0,0.60459,0.53358,0.65946,3
45,normal,-1,0.0,,,-1,-1,cloud_0,cloud,0.3895,0.46088,0.0,0.6105,0.53912,0.52865,3
46,normal,-1,0.0,,,-1,-1,access_0,access,0.21891,0.24673,0.0,0.78109,0.75327,0.29851,2
46,normal,-1,0.0,,,-1,-1,access_1,access,0.20643,0.26178,0.0,0.79357,0.73822,0.29851,2
46,link_congestion,15,0.28459,edge_0,edge_0-edge_1,3,2,edge_0,edge,0.48471,0.50026,3.12152,0.51529,0.49974,0.80407,4
46,node_overload,3,0.31768,edge_1,access_0-edge_1,1,0,edge_1,edge,0.5288,0.54016,18.55491,0.4712,0.45984,0.82768,3
46,link_congestion,18,0.23559,edge_2,edge_2-edge_3,2,1,edge_2,edge,0.48194,0.50882,2.97328,0.51806,0.49118,0.77094,4
46,normal,-1,0.0,,,-1,-1,edge_3,edge,0.35156,0.43125,0.0,0.64844,0.56875,0.66957,3
46,mixed,22,0.39821,edge_4,edge_4-edge_0,4,3,edge_4,edge,0.5372,0.54102,11.5548,0.4628,0.45898,0.99814,3
46,normal,-1,0.0,,,-1,-1,cloud_0,cloud,0.37967,0.45749,0.0,0.62033,0.54251,0.53314,3
47,normal,-1,0.0,,,-1,-1,access_0,access,0.23942,0.26537,0.0,0.76058,0.73463,0.3024,2
47,normal,-1,0.0,,,-1,-1,access_1,access,0.22088,0.25086,0.0,0.77912,0.74914,0.3024,2
47,link_congestion,15,0.28459,edge_0,edge_0-edge_1,3,2,edge_0,edge,0.44631,0.46821,1.67456,0.55369,0.53179,0.82848,4
47,node_overload,3,0.31768,edge_1,access_0-edge_1,1,0,edge_1,edge,0.54346,0.54328,20.50418,0.45654,0.45672,0.79618,3
47,link_congestion,18,0.23559,edge_2,edge_2-edge_3,2,1,edge_2,edge,0.45395,0.50575,1.25093,0.54605,0.49425,0.77094,4
47,normal,-1,0.0,,,-1,-1,edge_3,edge,0.34421,0.4494,0.0,0.65579,0.5506,0.6805,3
47,mixed,22,0.39821,edge_4,edge_4-edge_0,4,3,edge_4,edge,0.54127,0.49405,12.29424,0.45873,0.50595,1.15238,3
47,normal,-1,0.0,,,-1,-1,cloud_0,cloud,0.40797,0.47104,0.0,0.59203,0.52896,0.538,3
48,normal,-1,0.0,,,-1,-1,access_0,access,0.22233,0.25956,0.0,0.77767,0.74044,0.3024,2
48,normal,-1,0.0,,,-1,-1,access_1,access,0.21818,0.24396,0.0,0.78182,0.75604,0.3024,2
48,mixed,25,0.28113,edge_0,edge_0-edge_1,3,2,edge_0,edge,0.49713,0.51384,8.56972,0.50287,0.48616,1.1993,4
48,node_overload,3,0.31768,edge_1,access_0-edge_1,1,0,edge_1,edge,0.55938,0.52311,21.7884,0.44062,0.47689,0.77312,3
48,link_congestion,18,0.23559,edge_2,edge_2-edge_3,2,1,edge_2,edge,0.4252,0.46434,0.40507,0.5748,0.53566,0.81966,4
48,normal,-1,0.0,,,-1,-1,edge_3,edge,0.35823,0.44282,0.0,0.64177,0.55718,0.6805,3
48,mixed,22,0.39821,edge_4,edge_4-edge_0,4,3,edge_4,edge,0.62033,0.54247,19.75459,0.37967,0.45753,1.31375,3
48,normal,-1,0.0,,,-1,-1,cloud_0,cloud,0.38723,0.47435,0.0,0.61277,0.52565,0.538,3
49,normal,-1,0.0,,,-1,-1,access_0,access,0.22258,0.24736,0.0,0.77742,0.75264,0.30629,2
49,normal,-1,0.0,,,-1,-1,access_1,access,0.22656,0.24006,0.0,0.77344,0.75994,0.30629,2
49,mixed,25,0.28113,edge_0,edge_0-edge_1,3,2,edge_0,edge,0.57914,0.59901,13.83488,0.42086,0.40099,1.27219,4
49,node_overload,3,0.31768,edge_1,access_0-edge_1,1,0,edge_1,edge,0.49864,0.49973,18.60927,0.50136,0.50027,0.76468,3
49,normal,-1,0.0,,,-1,-1,edge_2,edge,0.39662,0.47411,0.0,0.60338,0.52589,0.69143,4
49,normal,-1,0.0,,,-1,-1,edge_3,edge,0.377,0.47852,0.0,0.623,0.52148,0.69143,3
49,mixed,22,0.39821,edge_4,edge_4-edge_0,4,3,edge_4,edge,0.6189,0.57984,19.40903,0.3811,0.42016,1.39486,3
49,normal,-1,0.0,,,-1,-1,cloud_0,cloud,0.3808,0.46681,0.0,0.6192,0.53319,0.54286,3
50,normal,-1,0.0,,,-1,-1,access_0,access,0.21283,0.23626,0.0,0.78717,0.76374,0.30988,2
50,normal,-1,0.0,,,-1,-1,access_1,access,0.23355,0.26805,0.0,0.76645,0.73195,0.30988,2
50,mixed,25,0.28113,edge_0,edge_0-edge_1,3,2,edge_0,edge,0.56361,0.55621,11.43782,0.43639,0.44379,1.14254,4
50,link_congestion,10,0.37062,edge_1,edge_1-edge_2,2,1,edge_1,edge,0.44765,0.47172,2.34396,0.55235,0.52828,0.84396,3
50,normal,-1,0.0,,,-1,-1,edge_2,edge,0.41533,0.46512,0.0,0.58467,0.53488,0.70154,4
50,normal,-1,0.0,,,-1,-1,edge_3,edge,0.35635,0.45434,0.0,0.64365,0.54566,0.70154,3
50,mixed,22,0.39821,edge_4,edge_4-edge_0,4,3,edge_4,edge,0.65514,0.58101,19.28849,0.34486,0.41899,1.33767,3
50,normal,-1,0.0,,,-1,-1,cloud_0,cloud,0.38922,0.47514,0.0,0.61078,0.52486,0.54735,3
51,normal,-1,0.0,,,-1,-1,access_0,access,0.22755,0.26572,0.0,0.77245,0.73428,0.31292,2
51,normal,-1,0.0,,,-1,-1,access_1,access,0.23645,0.26527,0.0,0.76355,0.73473,0.31292,2
51,node_overload,7,0.27438,edge_0,access_0-edge_0,1,0,edge_0,edge,0.45303,0.47477,10.21393,0.54697,0.52523,0.81989,4
51,link_congestion,10,0.37062,edge_1,edge_1-edge_2,2,1,edge_1,edge,0.44156,0.47899,0.85858,0.55844,0.52101,0.87209,3
51,normal,-1,0.0,,,-1,-1,edge_2,edge,0.39808,0.4571,0.0,0.60192,0.5429,0.7101,4
51,normal,-1,0.0,,,-1,-1,edge_3,edge,0.38243,0.44629,0.0,0.61757,0.55371,0.7101,3
51,mixed,22,0.39821,edge_4,edge_4-edge_0,4,3,edge_4,edge,0.63957,0.60638,19.79601,0.36043,0.39362,1.30933,3
51,normal,-1,0.0,,,-1,-1,cloud_0,cloud,0.40375,0.48519,0.0,0.59625,0.51481,0.55116,3
52,normal,-1,0.0,,,-1,-1,access_0,access,0.23323,0.25851,0.0,0.76677,0.74149,0.31519,2
52,normal,-1,0.0,,,-1,-1,access_1,access,0.22989,0.26385,0.0,0.77011,0.73615,0.31519,2
52,normal,-1,0.0,,,-1,-1,edge_0,edge,0.34242,0.46049,0.0,0.65758,0.53951,0.71646,4
52,link_congestion,10,0.37062,edge_1,edge_1-edge_2,2,1,edge_1,edge,0.50288,0.5231,3.81221,0.49712,0.4769,0.89267,3
52,mixed,28,0.39243,edge_2,edge_2-edge_3,2,1,edge_2,edge,0.57456,0.53588,13.91953,0.42544,0.46412,0.9971,4
52,normal,-1,0.0,,,-1,-1,edge_3,edge,0.35808,0.44275,0.0,0.64192,0.55725,0.71646,3
52,mixed,22,0.39821,edge_4,edge_4-edge_0,4,3,edge_4,edge,0.65517,0.61627,20.69316,0.34483,0.38373,1.30862,3
52,normal,-1,0.0,,,-1,-1,cloud_0,cloud,0.40173,0.49276,0.0,0.59827,0.50724,0.55398,3
53,normal,-1,0.0,,,-1,-1,access_0,access,0.21997,0.27416,0.0,0.78003,0.72584,0.3165,2
53,normal,-1,0.0,,,-1,-1,access_1,access,0.22222,0.2552,0.0,0.77778,0.7448,0.3165,2
53,mixed,21,0.28507,edge_0,edge_0-edge_1,3,2,edge_0,edge,0.44364,0.52078,5.25031,0.55636,0.47922,0.97777,4
53,link_congestion,10,0.37062,edge_1,edge_1-edge_2,2,1,edge_1,edge,0.44426,0.478,1.3645,0.55574,0.522,0.90021,3
53,mixed,28,0.39243,edge_2,edge_2-edge_3,2,1,edge_2,edge,0.56901,0.56813,14.22591,0.43099,0.43187,1.22429,4
53,normal,-1,0.0,,,-1,-1,edge_3,edge,0.38636,0.47449,0.0,0.61364,0.52551,0.72015,3
53,mixed,22,0.39821,edge_4,edge_4-edge_0,4,3,edge_4,edge,0.63552,0.55071,18.18148,0.36448,0.44929,1.2163,3
53,normal,-1,0.0,,,-1,-1,cloud_0,cloud,0.40728,0.48929,0.0,0.59272,0.51071,0.55562,3
54,normal,-1,0.0,,,-1,-1,access_0,access,0.22994,0.2487,0.0,0.77006,0.7513,0.31677,2
54,normal,-1,0.0,,,-1,-1,access_1,access,0.22133,0.257,0.0,0.77867,0.743,0.31677,2
54,mixed,21,0.28507,edge_0,edge_0-edge_1,3,2,edge_0,edge,0.45135,0.50784,4.8475,0.54865,0.49216,1.08412,4
54,link_congestion,10,0.37062,edge_1,edge_1-edge_2,2,1,edge_1,edge,0.4694,0.5251,3.14626,0.5306,0.4749,0.89267,3
54,mixed,28,0.39243,edge_2,edge_2-edge_3,2,1,edge_2,edge,0.65903,0.61584,20.12513,0.34097,0.38416,1.39023,4
54,normal,-1,0.0,,,-1,-1,edge_3,edge,0.36374,0.44714,0.0,0.63626,0.55286,0.72091,3
54,mixed,22,0.39821,edge_4,edge_4-edge_0,4,3,edge_4,edge,0.58528,0.54145,17.17259,0.41472,0.45855,1.27626,3
54,normal,-1,0.0,,,-1,-1,cloud_0,cloud,0.39962,0.47856,0.0,0.60038,0.52144,0.55596,3
55,normal,-1,0.0,,,-1,-1,access_0,access,0.22556,0.27436,0.0,0.77444,0.72564,0.31597,2
55,normal,-1,0.0,,,-1,-1,access_1,access,0.24385,0.25137,0.0,0.75615,0.74863,0.31597,2
55,node_overload,5,0.3818,edge_0,edge_0-edge_1,3,2,edge_0,edge,0.46774,0.50813,18.15493,0.53226,0.49187,0.83922,4
55,link_congestion,10,0.37062,edge_1,edge_1-edge_2,2,1,edge_1,edge,0.47834,0.50795,4.20758,0.52166,0.49205,0.87209,3
55,mixed,28,0.39243,edge_2,edge_2-edge_3,2,1,edge_2,edge,0.62542,0.56612,18.95746,0.37458,0.43388,1.29755,4
55,normal,-1,0.0,,,-1,-1,edge_3,edge,0.36963,0.44833,0.0,0.63037,0.55167,0.71866,3
55,mixed,22,0.39821,edge_4,edge_4-edge_0,4,3,edge_4,edge,0.64192,0.60313,20.32229,0.35808,0.39687,1.2796,3
55,normal,-1,0.0,,,-1,-1,cloud_0,cloud,0.39086,0.47395,0.0,0.60914,0.52605,0.55496,3
56,normal,-1,0.0,,,-1,-1,access_0,access,0.21862,0.25491,0.0,0.78138,0.74509,0.31416,2
56,normal,-1,0.0,,,-1,-1,access_1,access,0.23162,0.26196,0.0,0.76838,0.73804,0.31416,2
56,node_overload,5,0.3818,edge_0,edge_0-edge_1,3,2,edge_0,edge,0.50861,0.51724,18.99233,0.49139,0.48276,0.87625,4
56,link_congestion,10,0.37062,edge_1,edge_1-edge_2,2,1,edge_1,edge,0.47365,0.5218,3.67641,0.52635,0.4782,0.84396,3
56,mixed,28,0.39243,edge_2,edge_2-edge_3,2,1,edge_2,edge,0.67616,0.63085,19.82504,0.32384,0.36915,1.31807,4
56,normal,-1,0.0,,,-1,-1,edge_3,edge,0.37656,0.4657,0.0,0.62344,0.5343,0.71359,3
56,mixed,22,0.39821,edge_4,edge_4-edge_0,4,3,edge_4,edge,0.58285,0.56931,16.9133,0.41715,0.43069,1.16361,3
56,normal,-1,0.0,,,-1,-1,cloud_0,cloud,0.40527,0.48441,0.0,0.59473,0.51559,0.55271,3
57,normal,-1,0.0,,,-1,-1,access_0,access,0.21724,0.24671,0.0,0.78276,0.75329,0.31149,2
57,normal,-1,0.0,,,-1,-1,access_1,access,0.21646,0.26896,0.0,0.78354,0.73104,0.31149,2
57,node_overload,5,0.3818,edge_0,edge_0-edge_1,3,2,edge_0,edge,0.53778,0.53388,22.38287,0.46222,0.46612,0.89914,4
57,link_congestion,10,0.37062,edge_1,edge_1-edge_2,2,1,edge_1,edge,0.45587,0.49133,4.00847,0.54413,0.50867,0.81584,3
57,mixed,28,0.39243,edge_2,edge_2-edge_3,2,1,edge_2,edge,0.63529,0.59577,18.47384,0.36471,0.40423,1.19723,4
57,normal,-1,0.0,,,-1,-1,edge_3,edge,0.36759,0.4517,0.0,0.63241,0.5483,0.70606,3
57,link_congestion,16,0.3327,edge_4,edge_4-edge_0,4,3,edge_4,edge,0.49924,0.51643,2.83254,0.50076,0.48357,0.78842,3
57,normal,-1,0.0,,,-1,-1,cloud_0,cloud,0.40254,0.4695,0.0,0.59746,0.5305,0.54936,3
58,normal,-1,0.0,,,-1,-1,access_0,access,0.21817,0.25472,0.0,0.78183,0.74528,0.30814,2
58,normal,-1,0.0,,,-1,-1,access_1,access,0.23405,0.25217,0.0,0.76595,0.74783,0.30814,2
58,node_overload,5,0.3818,edge_0,edge_0-edge_1,3,2,edge_0,edge,0.56027,0.54735,23.3898,0.43973,0.45265,0.89914,4
58,link_congestion,10,0.37062,edge_1,edge_1-edge_2,2,1,edge_1,edge,0.5072,0.53743,4.76648,0.4928,0.46257,0.79525,3
58,mixed,28,0.39243,edge_2,edge_2-edge_3,2,1,edge_2,edge,0.68272,0.62225,22.99098,0.31728,0.37775,1.29627,4
58,normal,-1,0.0,,,-1,-1,edge_3,edge,0.34736,0.45321,0.0,0.65264,0.54679,0.69664,3
58,link_congestion,16,0.3327,edge_4,edge_4-edge_0,4,3,edge_4,edge,0.42476,0.47813,0.06449,0.57524,0.52187,0.78089,3
58,normal,-1,0.0,,,-1,-1,cloud_0,cloud,0.38919,0.47366,0.0,0.61081,0.52634,0.54517,3
59,normal,-1,0.0,,,-1,-1,access_0,access,0.21152,0.25883,0.0,0.78848,0.74117,0.30436,2
59,normal,-1,0.0,,,-1,-1,access_1,access,0.21132,0.26381,0.0,0.78868,0.73619,0.30436,2
59,node_overload,5,0.3818,edge_0,edge_0-edge_1,3,2,edge_0,edge,0.5814,0.54919,25.07034,0.4186,0.45081,0.87625,4
59,link_congestion,10,0.37062,edge_1,edge_1-edge_2,2,1,edge_1,edge,0.44019,0.50151,2.22295,0.55981,0.49849,0.78771,3
59,mixed,28,0.39243,edge_2,edge_2-edge_3,2,1,edge_2,edge,0.63168,0.59679,17.15417,0.36832,0.40321,1.16257,4
59,normal,-1,0.0,,,-1,-1,edge_3,edge,0.36465,0.44432,0.0,0.63535,0.55568,0.68601,3
59,link_congestion,16,0.3327,edge_4,edge_4-edge_0,4,3,edge_4,edge,0.45491,0.51087,1.48222,0.54509,0.48913,0.78842,3
59,normal,-1,0.0,,,-1,-1,cloud_0,cloud,0.38863,0.46918,0.0,0.61137,0.53082,0.54045,3
60,normal,-1,0.0,,,-1,-1,access_0,access,0.22289,0.25203,0.0,0.77711,0.74797,0.30044,2
60,normal,-1,0.0,,,-1,-1,access_1,access,0.2143,0.27731,0.0,0.7857,0.72269,0.30044,2
60,node_overload,5,0.3818,edge_0,edge_0-edge_1,3,2,edge_0,edge,0.49106,0.51442,21.62364,0.50894,0.48558,0.83922,4
60,link_congestion,10,0.37062,edge_1,edge_1-edge_2,2,1,edge_1,edge,0.46112,0.51219,3.75957,0.53888,0.48781,0.79525,3
60,normal,-1,0.0,,,-1,-1,edge_2,edge,0.41059,0.48283,0.0,0.58941,0.51717,0.67499,4
60,normal,-1,0.0,,,-1,-1,edge_3,edge,0.35486,0.44165,0.0,0.64514,0.55835,0.67499,3
60,link_congestion,16,0.3327,edge_4,edge_4-edge_0,4,3,edge_4,edge,0.48134,0.49247,3.54114,0.51866,0.50753,0.80901,3
60,normal,-1,0.0,,,-1,-1,cloud_0,cloud,0.3875,0.4611,0.0,0.6125,0.5389,0.53555,3
61,normal,-1,0.0,,,-1,-1,access_0,access,0.21924,0.24186,0.0,0.78076,0.75814,0.29666,2
61,normal,-1,0.0,,,-1,-1,access_1,access,0.20116,0.23705,0.0,0.79884,0.76295,0.29666,2
61,node_overload,5,0.3818,edge_0,edge_0-edge_1,3,2,edge_0,edge,0.52871,0.55438,23.43661,0.47129,0.44562,0.80219,4
61,link_congestion,10,0.37062,edge_1,edge_1-edge_2,2,1,edge_1,edge,0.48586,0.48337,3.50556,0.51414,0.51663,0.81584,3
61,normal,-1,0.0,,,-1,-1,edge_2,edge,0.41294,0.47297,0.0,0.58706,0.52703,0.66436,4
61,normal,-1,0.0,,,-1,-1,edge_3,edge,0.36286,0.44372,0.0,0.63714,0.55628,0.66436,3
61,link_congestion,16,0.3327,edge_4,edge_4-edge_0,4,3,edge_4,edge,0.44898,0.48718,1.87874,0.55102,0.51282,0.83714,3
61,normal,-1,0.0,,,-1,-1,cloud_0,cloud,0.38637,0.47171,0.0,0.61363,0.52829,0.53083,3
62,normal,-1,0.0,,,-1,-1,access_0,access,0.22136,0.24697,0.0,0.77864,0.75303,0.29331,2
62,normal,-1,0.0,,,-1,-1,access_1,access,0.21098,0.23572,0.0,0.78902,0.76428,0.29331,2
62,node_overload,5,0.3818,edge_0,edge_0-edge_1,3,2,edge_0,edge,0.51504,0.52656,23.33149,0.48496,0.47344,0.77931,4
62,link_congestion,10,0.37062,edge_1,edge_1-edge_2,2,1,edge_1,edge,0.4522,0.48496,2.57756,0.5478,0.51504,0.84396,3
62,normal,-1,0.0,,,-1,-1,edge_2,edge,0.4125,0.4827,0.0,0.5875,0.5173,0.65494,4
62,normal,-1,0.0,,,-1,-1,edge_3,edge,0.34894,0.44094,0.0,0.65106,0.55906,0.65494,3
62,normal,-1,0.0,,,-1,-1,edge_4,edge,0.37428,0.4504,0.0,0.62572,0.5496,0.65494,3
62,normal,-1,0.0,,,-1,-1,cloud_0,cloud,0.3866,0.45521,0.0,0.6134,0.54479,0.52664,3
63,normal,-1,0.0,,,-1,-1,access_0,access,0.23487,0.23802,0.0,0.76513,0.76198,0.29064,2
63,normal,-1,0.0,,,-1,-1,access_1,access,0.20349,0.25298,0.0,0.79651,0.74702,0.29064,2
63,node_overload,5,0.3818,edge_0,edge_0-edge_1,3,2,edge_0,edge,0.5423,0.55101,23.10095,0.4577,0.44899,0.77931,4
63,burst,0,0.30723,edge_1,access_0-edge_1,1,0,edge_1,edge,0.44998,0.49212,1.35565,0.55002,0.50788,0.83782,3
63,normal,-1,0.0,,,-1,-1,edge_2,edge,0.40278,0.47164,0.0,0.59722,0.52836,0.64741,4
63,normal,-1,0.0,,,-1,-1,edge_3,edge,0.36167,0.44309,0.0,0.63833,0.55691,0.64741,3
63,normal,-1,0.0,,,-1,-1,edge_4,edge,0.37569,0.45723,0.0,0.62431,0.54277,0.64741,3
63,normal,-1,0.0,,,-1,-1,cloud_0,cloud,0.36435,0.43546,0.0,0.63565,0.56454,0.52329,3
64,normal,-1,0.0,,,-1,-1,access_0,access,0.22929,0.23909,0.0,0.77071,0.76091,0.28883,2
64,normal,-1,0.0,,,-1,-1,access_1,access,0.21588,0.23563,0.0,0.78412,0.76437,0.28883,2
64,node_overload,5,0.3818,edge_0,edge_0-edge_1,3,2,edge_0,edge,0.51972,0.52901,21.97265,0.48028,0.47099,0.80219,4
64,normal,-1,0.0,,,-1,-1,edge_1,edge,0.36177,0.45686,0.0,0.63823,0.54314,0.64234,3
64,normal,-1,0.0,,,-1,-1,edge_2,edge,0.39357,0.45386,0.0,0.60643,0.54614,0.64234,4
64,normal,-1,0.0,,,-1,-1,edge_3,edge,0.34359,0.46286,0.0,0.65641,0.53714,0.64234,3
64,normal,-1,0.0,,,-1,-1,edge_4,edge,0.38273,0.46901,0.0,0.61727,0.53099,0.64234,3
64,normal,-1,0.0,,,-1,-1,cloud_0,cloud,0.37082,0.44251,0.0,0.62918,0.55749,0.52104,3
65,normal,-1,0.0,,,-1,-1,access_0,access,0.21872,0.24897,0.0,0.78128,0.75103,0.28803,2
65,normal,-1,0.0,,,-1,-1,access_1,access,0.22203,0.24947,0.0,0.77797,0.75053,0.28803,2
65,node_overload,5,0.3818,edge_0,edge_0-edge_1,3,2,edge_0,edge,0.48197,0.50485,17.86317,0.51803,0.49515,0.83922,4
65,mixed,24,0.35006,edge_1,edge_1-edge_2,2,1,edge_1,edge,0.47085,0.48062,7.93183,0.52915,0.51938,0.98947,3
65,normal,-1,0.0,,,-1,-1,edge_2,edge,0.39079,0.47026,0.0,0.60921,0.52974,0.64009,4
65,normal,-1,0.0,,,-1,-1,edge_3,edge,0.3472,0.44768,0.0,0.6528,0.55232,0.64009,3
65,normal,-1,0.0,,,-1,-1,edge_4,edge,0.40052,0.47329,0.0,0.59948,0.52671,0.64009,3
65,normal,-1,0.0,,,-1,-1,cloud_0,cloud,0.37856,0.44881,0.0,0.62144,0.55119,0.52004,3
66,normal,-1,0.0,,,-1,-1,access_0,access,0.21097,0.24612,0.0,0.78903,0.75388,0.2883,2
66,normal,-1,0.0,,,-1,-1,access_1,access,0.20644,0.24247,0.0,0.79356,0.75753,0.2883,2
66,mixed,21,0.28507,edge_0,edge_0-edge_1,3,2,edge_0,edge,0.53393,0.53022,10.81765,0.46607,0.46978,1.23381,4
66,mixed,24,0.35006,edge_1,edge_1-edge_2,2,1,edge_1,edge,0.55859,0.55711,12.99796,0.44141,0.44289,1.10488,3
66,normal,-1,0.0,,,-1,-1,edge_2,edge,0.3964,0.45309,0.0,0.6036,0.54691,0.64085,4
66,normal,-1,0.0,,,-1,-1,edge_3,edge,0.33977,0.45608,0.0,0.66023,0.54392,0.64085,3
66,normal,-1,0.0,,,-1,-1,edge_4,edge,0.35139,0.44803,0.0,0.64861,0.55197,0.64085,3
66,normal,-1,0.0,,,-1,-1,cloud_0,cloud,0.36713,0.4649,0.0,0.63287,0.5351,0.52038,3
67,normal,-1,0.0,,,-1,-1,access_0,access,0.2198,0.24775,0.0,0.7802,0.75225,0.28961,2
67,normal,-1,0.0,,,-1,-1,access_1,access,0.20755,0.24677,0.0,0.79245,0.75323,0.28961,2
67,mixed,21,0.28507,edge_0,edge_0-edge_1,3,2,edge_0,edge,0.51175,0.49763,10.27811,0.48825,0.50237,1.14324,4
67,mixed,24,0.35006,edge_1,edge_1-edge_2,2,1,edge_1,edge,0.62518,0.57232,16.52561,0.37482,0.42768,1.2349,3
67,normal,-1,0.0,,,-1,-1,edge_2,edge,0.4094,0.48115,0.0,0.5906,0.51885,0.64454,4
67,normal,-1,0.0,,,-1,-1,edge_3,edge,0.34607,0.44414,0.0,0.65393,0.55586,0.64454,3
67,link_congestion,12,0.24813,edge_4,edge_4-edge_0,4,3,edge_4,edge,0.44024,0.49267,0.43284,0.55976,0.50733,0.82191,3
67,normal,-1,0.0,,,-1,-1,cloud_0,cloud,0.38685,0.44131,0.0,0.61315,0.55869,0.52202,3
68,normal,-1,0.0,,,-1,-1,access_0,access,0.23262,0.24702,0.0,0.76738,0.75298,0.29188,2
68,normal,-1,0.0,,,-1,-1,access_1,access,0.20307,0.23891,0.0,0.79693,0.76109,0.29188,2
68,normal,-1,0.0,,,-1,-1,edge_0,edge,0.32614,0.4312,0.0,0.67386,0.5688,0.6509,4
68,mixed,24,0.35006,edge_1,edge_1-edge_2,2,1,edge_1,edge,0.63439,0.56757,17.32413,0.36561,0.43243,1.34272,3
68,link_congestion,13,0.2917,edge_2,access_1-edge_2,1,0,edge_2,edge,0.49461,0.51692,3.00488,0.50539,0.48308,0.82976,4
68,normal,-1,0.0,,,-1,-1,edge_3,edge,0.36598,0.45623,0.0,0.63402,0.54377,0.6509,3
68,link_congestion,12,0.24813,edge_4,edge_4-edge_0,4,3,edge_4,edge,0.46426,0.50317,2.17806,0.53574,0.49683,0.85232,3
68,normal,-1,0.0,,,-1,-1,cloud_0,cloud,0.40325,0.44478,0.0,0.59675,0.55522,0.52484,3
69,normal,-1,0.0,,,-1,-1,access_0,access,0.21785,0.24875,0.0,0.78215,0.75125,0.29492,2
69,normal,-1,0.0,,,-1,-1,access_1,access,0.22171,0.25781,0.0,0.77829,0.74219,0.29492,2
69,mixed,29,0.27612,edge_0,edge_0-edge_1,3,2,edge_0,edge,0.46786,0.50877,6.95396,0.53214,0.49123,0.97616,4
69,mixed,24,0.35006,edge_1,edge_1-edge_2,2,1,edge_1,edge,0.59808,0.54088,16.28738,0.40192,0.45912,1.38688,3
69,link_congestion,13,0.2917,edge_2,access_1-edge_2,1,0,edge_2,edge,0.49895,0.5217,4.55195,0.50105,0.4783,0.86282,4
69,normal,-1,0.0,,,-1,-1,edge_3,edge,0.34046,0.43315,0.0,0.65954,0.56685,0.65946,3
69,link_congestion,12,0.24813,edge_4,edge_4-edge_0,4,3,edge_4,edge,0.47573,0.5362,2.26214,0.52427,0.4638,0.87308,3
69,normal,-1,0.0,,,-1,-1,cloud_0,cloud,0.39053,0.45546,0.0,0.60947,0.54454,0.52865,3
70,normal,-1,0.0,,,-1,-1,access_0,access,0.20908,0.2476,0.0,0.79092,0.7524,0.29851,2
70,normal,-1,0.0,,,-1,-1,access_1,access,0.20862,0.25137,0.0,0.79138,0.74863,0.29851,2
70,mixed,29,0.27612,edge_0,edge_0-edge_1,3,2,edge_0,edge,0.46486,0.50587,5.29918,0.53514,0.49413,1.09157,4
70,mixed,24,0.35006,edge_1,edge_1-edge_2,2,1,edge_1,edge,0.63654,0.56732,17.16713,0.36346,0.43268,1.34651,3
70,mixed,23,0.33804,edge_2,access_1-edge_2,1,0,edge_2,edge,0.52803,0.52789,10.24355,0.47197,0.47211,0.98731,4
70,normal,-1,0.0,,,-1,-1,edge_3,edge,0.33873,0.42887,0.0,0.66127,0.57113,0.66957,3
70,link_congestion,12,0.24813,edge_4,edge_4-edge_0,4,3,edge_4,edge,0.44213,0.49579,0.05453,0.55787,0.50421,0.87759,3
70,normal,-1,0.0,,,-1,-1,cloud_0,cloud,0.3736,0.45306,0.0,0.6264,0.54694,0.53314,3
71,normal,-1,0.0,,,-1,-1,access_0,access,0.23014,0.25985,0.0,0.76986,0.74015,0.3024,2
71,normal,-1,0.0,,,-1,-1,access_1,access,0.21492,0.24108,0.0,0.78508,0.75892,0.3024,2
71,mixed,29,0.27612,edge_0,edge_0-edge_1,3,2,edge_0,edge,0.53898,0.54914,10.23437,0.46102,0.45086,1.22159,4
71,mixed,24,0.35006,edge_1,edge_1-edge_2,2,1,edge_1,edge,0.60369,0.58784,16.88274,0.39631,0.41216,1.27632,3
71,mixed,23,0.33804,edge_2,access_1-edge_2,1,0,edge_2,edge,0.61469,0.55863,15.59449,0.38531,0.44137,1.18427,4
71,normal,-1,0.0,,,-1,-1,edge_3,edge,0.33974,0.42758,0.0,0.66026,0.57242,0.6805,3
71,link_congestion,12,0.24813,edge_4,edge_4-edge_0,4,3,edge_4,edge,0.47836,0.53211,2.71918,0.52164,0.46789,0.86442,3
71,normal,-1,0.0,,,-1,-1,cloud_0,cloud,0.39286,0.46315,0.0,0.60714,0.53685,0.538,3
72,normal,-1,0.0,,,-1,-1,access_0,access,0.23072,0.2689,0.0,0.76928,0.7311,0.3024,2
72,normal,-1,0.0,,,-1,-1,access_1,access,0.22494,0.24211,0.0,0.77506,0.75789,0.3024,2
72,mixed,29,0.27612,edge_0,edge_0-edge_1,3,2,edge_0,edge,0.5181,0.53218,8.56957,0.4819,0.46782,1.32941,4
72,mixed,24,0.35006,edge_1,edge_1-edge_2,2,1,edge_1,edge,0.61613,0.561,16.28381,0.38387,0.439,1.3122,3
72,mixed,23,0.33804,edge_2,access_1-edge_2,1,0,edge_2,edge,0.65889,0.60792,19.143,0.34111,0.39208,1.35892,4
72,normal,-1,0.0,,,-1,-1,edge_3,edge,0.35195,0.44919,0.0,0.64805,0.55081,0.6805,3
72,link_congestion,12,0.24813,edge_4,edge_4-edge_0,4,3,edge_4,edge,0.44125,0.48267,1.26879,0.55875,0.51733,0.83776,3
72,normal,-1,0.0,,,-1,-1,cloud_0,cloud,0.36694,0.46071,0.0,0.63306,0.53929,0.538,3
73,normal,-1,0.0,,,-1,-1,access_0,access,0.2162,0.25305,0.0,0.7838,0.74695,0.30629,2
73,normal,-1,0.0,,,-1,-1,access_1,access,0.233,0.25928,0.0,0.767,0.74072,0.30629,2
73,mixed,29,0.27612,edge_0,edge_0-edge_1,3,2,edge_0,edge,0.51044,0.54219,9.81283,0.48956,0.45781,1.37357,4
73,mixed,24,0.35006,edge_1,edge_1-edge_2,2,1,edge_1,edge,0.62281,0.60849,16.90492,0.37719,0.39151,1.29097,3
73,mixed,23,0.33804,edge_2,access_1-edge_2,1,0,edge_2,edge,0.6287,0.56912,16.44496,0.3713,0.43088,1.35384,4
73,normal,-1,0.0,,,-1,-1,edge_3,edge,0.35669,0.46968,0.0,0.64331,0.53032,0.69143,3
73,link_congestion,47,0.30472,edge_4,edge_4-edge_0,4,3,edge_4,edge,0.45221,0.49467,0.87215,0.54779,0.50533,0.8321,3
73,normal,-1,0.0,,,-1,-1,cloud_0,cloud,0.37676,0.48661,0.0,0.62324,0.51339,0.54286,3
74,normal,-1,0.0,,,-1,-1,access_0,access,0.23252,0.25783,0.0,0.76748,0.74217,0.30988,2
74,normal,-1,0.0,,,-1,-1,access_1,access,0.24449,0.25082,0.0,0.75551,0.74918,0.30988,2
74,link_congestion,46,0.37155,edge_0,edge_0-edge_1,3,2,edge_0,edge,0.41252,0.47122,0.12223,0.58748,0.52878,0.84413,4
74,mixed,24,0.35006,edge_1,edge_1-edge_2,2,1,edge_1,edge,0.59327,0.54478,16.29747,0.40673,0.45522,1.21703,3
74,mixed,23,0.33804,edge_2,access_1-edge_2,1,0,edge_2,edge,0.62308,0.5558,16.22265,0.37692,0.4442,1.2985,4
74,normal,-1,0.0,,,-1,-1,edge_3,edge,0.37089,0.4827,0.0,0.62911,0.5173,0.70154,3
74,link_congestion,47,0.30472,edge_4,edge_4-edge_0,4,3,edge_4,edge,0.46433,0.4623,2.9721,0.53567,0.5377,0.88835,3
74,normal,-1,0.0,,,-1,-1,cloud_0,cloud,0.37194,0.47385,0.0,0.62806,0.52615,0.54735,3
75,normal,-1,0.0,,,-1,-1,access_0,access,0.23973,0.24943,0.0,0.76027,0.75057,0.31292,2
75,normal,-1,0.0,,,-1,-1,access_1,access,0.22623,0.2824,0.0,0.77377,0.7176,0.31292,2
75,link_congestion,46,0.37155,edge_0,edge_0-edge_1,3,2,edge_0,edge,0.44072,0.5125,2.58146,0.55928,0.4875,0.90038,4
75,mixed,24,0.35006,edge_1,edge_1-edge_2,2,1,edge_1,edge,0.56896,0.58392,15.90487,0.43104,0.41608,1.23653,3
75,mixed,23,0.33804,edge_2,access_1-edge_2,1,0,edge_2,edge,0.71027,0.57232,21.20701,0.28973,0.42768,1.28207,4
75,normal,-1,0.0,,,-1,-1,edge_3,edge,0.32205,0.42773,0.0,0.67795,0.57227,0.7101,3
75,burst,31,0.32336,edge_4,edge_4-edge_0,4,3,edge_4,edge,0.44108,0.48559,2.48919,0.55892,0.51441,0.84072,3
75,normal,-1,0.0,,,-1,-1,cloud_0,cloud,0.40421,0.47151,0.0,0.59579,0.52849,0.55116,3
76,normal,-1,0.0,,,-1,-1,access_0,access,0.23431,0.2592,0.0,0.76569,0.7408,0.31519,2
76,normal,-1,0.0,,,-1,-1,access_1,access,0.2366,0.25314,0.0,0.7634,0.74686,0.31519,2
76,link_congestion,46,0.37155,edge_0,edge_0-edge_1,3,2,edge_0,edge,0.46047,0.52088,3.3353,0.53953,0.47912,0.84413,4
76,mixed,24,0.35006,edge_1,edge_1-edge_2,2,1,edge_1,edge,0.58633,0.55212,15.75078,0.41367,0.44788,1.28863,3
76,mixed,23,0.33804,edge_2,access_1-edge_2,1,0,edge_2,edge,0.65584,0.59641,18.05861,0.34416,0.40359,1.20955,4
76,normal,-1,0.0,,,-1,-1,edge_3,edge,0.3354,0.44693,0.0,0.6646,0.55307,0.71646,3
76,burst,31,0.32336,edge_4,edge_4-edge_0,4,3,edge_4,edge,0.53175,0.52548,5.87992,0.46825,0.47452,1.23066,3
76,normal,-1,0.0,,,-1,-1,cloud_0,cloud,0.40867,0.47992,0.0,0.59133,0.52008,0.55398,3
77,normal,-1,0.0,,,-1,-1,access_0,access,0.24417,0.25122,0.0,0.75583,0.74878,0.3165,2
77,normal,-1,0.0,,,-1,-1,access_1,access,0.23416,0.26197,0.0,0.76584,0.73803,0.3165,2
77,link_congestion,46,0.37155,edge_0,edge_0-edge_1,3,2,edge_0,edge,0.41322,0.47787,1.1958,0.58678,0.52213,0.78788,4
77,mixed,24,0.35006,edge_1,edge_1-edge_2,2,1,edge_1,edge,0.55849,0.53329,13.38646,0.44151,0.46671,1.2511,3
77,mixed,23,0.33804,edge_2,access_1-edge_2,1,0,edge_2,edge,0.65093,0.59605,20.27845,0.34907,0.40395,1.28243,4
77,normal,-1,0.0,,,-1,-1,edge_3,edge,0.35976,0.43785,0.0,0.64024,0.56215,0.72015,3
77,burst,31,0.32336,edge_4,edge_4-edge_0,4,3,edge_4,edge,0.5243,0.54611,5.3381,0.4757,0.45389,1.16051,3
77,normal,-1,0.0,,,-1,-1,cloud_0,cloud,0.3885,0.45808,0.0,0.6115,0.54192,0.55562,3
78,normal,-1,0.0,,,-1,-1,access_0,access,0.2203,0.25975,0.0,0.7797,0.74025,0.31677,2
78,normal,-1,0.0,,,-1,-1,access_1,access,0.22557,0.26247,0.0,0.77443,0.73753,0.31677,2
78,link_congestion,46,0.37155,edge_0,edge_0-edge_1,3,2,edge_0,edge,0.46565,0.51879,4.13708,0.53435,0.48121,0.84413,4
78,mixed,24,0.35006,edge_1,edge_1-edge_2,2,1,edge_1,edge,0.5941,0.58411,14.41722,0.4059,0.41589,1.15494,3
78,mixed,23,0.33804,edge_2,access_1-edge_2,1,0,edge_2,edge,0.60563,0.58176,14.54532,0.39437,0.41824,1.15278,4
78,normal,-1,0.0,,,-1,-1,edge_3,edge,0.36289,0.45363,0.0,0.63711,0.54637,0.72091,3
78,burst,31,0.32336,edge_4,edge_4-edge_0,4,3,edge_4,edge,0.46639,0.47916,2.37147,0.53361,0.52084,0.84072,3
78,normal,-1,0.0,,,-1,-1,cloud_0,cloud,0.39694,0.46902,0.0,0.60306,0.53098,0.55596,3
79,normal,-1,0.0,,,-1,-1,access_0,access,0.22049,0.26828,0.0,0.77951,0.73172,0.31597,2
79,normal,-1,0.0,,,-1,-1,access_1,access,0.24402,0.25963,0.0,0.75598,0.74037,0.31597,2
79,node_overload,37,0.35838,edge_0,edge_0-edge_1,3,2,edge_0,edge,0.4575,0.5046,15.9714,0.5425,0.4954,0.83501,4
79,mixed,52,0.3467,edge_1,edge_1-edge_2,2,1,edge_1,edge,0.64554,0.59365,18.91767,0.35446,0.40635,1.30006,3
79,normal,-1,0.0,,,-1,-1,edge_2,edge,0.42791,0.49581,0.0,0.57209,0.50419,0.71866,4
79,mixed,59,0.26078,edge_3,access_1-edge_3,1,0,edge_3,edge,0.45136,0.50269,5.31902,0.54864,0.49731,0.9734,3
79,normal,-1,0.0,,,-1,-1,edge_4,edge,0.36497,0.45377,0.0,0.63503,0.54623,0.71866,3
79,normal,-1,0.0,,,-1,-1,cloud_0,cloud,0.38145,0.49328,0.0,0.61855,0.50672,0.55496,3
80,normal,-1,0.0,,,-1,-1,access_0,access,0.23289,0.24251,0.0,0.76711,0.75749,0.31416,2
80,normal,-1,0.0,,,-1,-1,access_1,access,0.23671,0.23674,0.0,0.76329,0.76326,0.31416,2
80,link_congestion,42,0.33998,edge_0,edge_0-edge_1,3,2,edge_0,edge,0.40817,0.46381,0.31482,0.59183,0.53619,0.83845,4
80,mixed,52,0.3467,edge_1,edge_1-edge_2,2,1,edge_1,edge,0.58896,0.5915,16.12812,0.41104,0.4085,1.2111,3
80,burst,36,0.27819,edge_2,access_1-edge_2,1,0,edge_2,edge,0.48159,0.52413,2.75131,0.51841,0.47587,0.83259,4
80,mixed,59,0.26078,edge_3,access_1-edge_3,1,0,edge_3,edge,0.55407,0.52675,12.28453,0.44593,0.47325,1.28459,3
80,normal,-1,0.0,,,-1,-1,edge_4,edge,0.38795,0.47611,0.0,0.61205,0.52389,0.71359,3
80,normal,-1,0.0,,,-1,-1,cloud_0,cloud,0.3996,0.47603,0.0,0.6004,0.52397,0.55271,3
81,normal,-1,0.0,,,-1,-1,access_0,access,0.23167,0.27305,0.0,0.76833,0.72695,0.31149,2
81,normal,-1,0.0,,,-1,-1,access_1,access,0.21147,0.24572,0.0,0.78853,0.75428,0.31149,2
81,link_congestion,42,0.33998,edge_0,edge_0-edge_1,3,2,edge_0,edge,0.43286,0.50205,0.72014,0.56714,0.49795,0.88716,4
81,mixed,55,0.4343,edge_1,access_0-edge_1,1,0,edge_1,edge,0.51668,0.4976,9.95794,0.48332,0.5024,1.00463,3
81,burst,36,0.27819,edge_2,access_1-edge_2,1,0,edge_2,edge,0.52669,0.54362,4.72402,0.47331,0.45638,1.07612,4
81,mixed,59,0.26078,edge_3,access_1-edge_3,1,0,edge_3,edge,0.52752,0.57168,9.42903,0.47248,0.42832,1.13887,3
81,normal,-1,0.0,,,-1,-1,edge_4,edge,0.38162,0.43826,0.0,0.61838,0.56174,0.70606,3
81,normal,-1,0.0,,,-1,-1,cloud_0,cloud,0.38504,0.46139,0.0,0.61496,0.53861,0.54936,3
82,normal,-1,0.0,,,-1,-1,access_0,access,0.211,0.26633,0.0,0.789,0.73367,0.30814,2
82,normal,-1,0.0,,,-1,-1,access_1,access,0.21806,0.2669,0.0,0.78194,0.7331,0.30814,2
82,mixed,53,0.42058,edge_0,edge_0-edge_1,3,2,edge_0,edge,0.4935,0.51807,9.45372,0.5065,0.48193,1.00216,4
82,mixed,55,0.4343,edge_1,access_0-edge_1,1,0,edge_1,edge,0.65735,0.59802,21.91604,0.34265,0.40198,1.31583,3
82,burst,36,0.27819,edge_2,access_1-edge_2,1,0,edge_2,edge,0.56237,0.537,8.1095,0.43763,0.463,1.38307,4
82,burst,32,0.25463,edge_3,access_1-edge_3,1,0,edge_3,edge,0.52621,0.53036,6.28859,0.47379,0.46964,1.37883,3
82,mixed,58,0.339,edge_4,edge_4-edge_0,4,3,edge_4,edge,0.49133,0.54445,8.48902,0.50867,0.45555,0.98748,3
82,normal,-1,0.0,,,-1,-1,cloud_0,cloud,0.37601,0.46278,0.0,0.62399,0.53722,0.54517,3
83,normal,-1,0.0,,,-1,-1,access_0,access,0.22382,0.25503,0.0,0.77618,0.74497,0.30436,2
83,normal,-1,0.0,,,-1,-1,access_1,access,0.23602,0.2488,0.0,0.76398,0.7512,0.30436,2
83,mixed,53,0.42058,edge_0,edge_0-edge_1,3,2,edge_0,edge,0.58486,0.5684,16.48891,0.41514,0.4316,1.31336,4
83,mixed,55,0.4343,edge_1,access_0-edge_1,1,0,edge_1,edge,0.58787,0.53723,18.71306,0.41213,0.46277,1.17011,3
83,burst,36,0.27819,edge_2,access_1-edge_2,1,0,edge_2,edge,0.51979,0.51689,5.98241,0.48021,0.48311,0.99512,4
83,burst,32,0.25463,edge_3,access_1-edge_3,1,0,edge_3,edge,0.37798,0.48148,0.0,0.62202,0.51852,0.82835,3
83,mixed,58,0.339,edge_4,edge_4-edge_0,4,3,edge_4,edge,0.62643,0.61189,16.63819,0.37357,0.38811,1.38084,3
83,normal,-1,0.0,,,-1,-1,cloud_0,cloud,0.40413,0.44885,0.0,0.59587,0.55115,0.54045,3
84,normal,-1,0.0,,,-1,-1,access_0,access,0.22738,0.25711,0.0,0.77262,0.74289,0.30044,2
84,normal,-1,0.0,,,-1,-1,access_1,access,0.22523,0.24393,0.0,0.77477,0.75607,0.30044,2
84,mixed,53,0.42058,edge_0,edge_0-edge_1,3,2,edge_0,edge,0.54769,0.54349,12.62055,0.45231,0.45651,1.16764,4
84,normal,-1,0.0,,,-1,-1,edge_1,edge,0.34994,0.44186,0.0,0.65006,0.55814,0.67499,3
84,burst,36,0.27819,edge_2,access_1-edge_2,1,0,edge_2,edge,0.45862,0.50957,0.67682,0.54138,0.49043,0.83259,4
84,normal,-1,0.0,,,-1,-1,edge_3,edge,0.35248,0.45424,0.0,0.64752,0.54576,0.67499,3
84,mixed,58,0.339,edge_4,edge_4-edge_0,4,3,edge_4,edge,0.56592,0.55614,15.94379,0.43408,0.44386,1.24423,3
84,normal,-1,0.0,,,-1,-1,cloud_0,cloud,0.37613,0.48244,0.0,0.62387,0.51756,0.53555,3
85,normal,-1,0.0,,,-1,-1,access_0,access,0.22365,0.2448,0.0,0.77635,0.7552,0.29666,2
85,normal,-1,0.0,,,-1,-1,access_1,access,0.22061,0.24451,0.0,0.77939,0.75549,0.29666,2
85,mixed,57,0.38824,edge_0,edge_0-edge_1,3,2,edge_0,edge,0.59416,0.55392,17.48199,0.40584,0.44608,1.38971,4
85,normal,-1,0.0,,,-1,-1,edge_1,edge,0.36067,0.45922,0.0,0.63933,0.54078,0.66436,3
85,link_congestion,45,0.32345,edge_2,edge_1-edge_2,2,1,edge_2,edge,0.49685,0.53521,3.13047,0.50315,0.46479,0.83547,4
85,normal,-1,0.0,,,-1,-1,edge_3,edge,0.3558,0.44077,0.0,0.6442,0.55923,0.66436,3
85,mixed,58,0.339,edge_4,edge_4-edge_0,4,3,edge_4,edge,0.55982,0.56886,12.40219,0.44018,0.43114,1.15295,3
85,normal,-1,0.0,,,-1,-1,cloud_0,cloud,0.36984,0.46692,0.0,0.63016,0.53308,0.53083,3
86,normal,-1,0.0,,,-1,-1,access_0,access,0.21964,0.25138,0.0,0.78036,0.74862,0.29331,2
86,normal,-1,0.0,,,-1,-1,access_1,access,0.21939,0.25007,0.0,0.78061,0.74993,0.29331,2
86,mixed,57,0.38824,edge_0,edge_0-edge_1,3,2,edge_0,edge,0.60057,0.583,17.46286,0.39943,0.417,1.25309,4
86,normal,-1,0.0,,,-1,-1,edge_1,edge,0.37202,0.4519,0.0,0.62798,0.5481,0.65494,3
86,link_congestion,45,0.32345,edge_2,edge_1-edge_2,2,1,edge_2,edge,0.51064,0.55272,4.31807,0.48936,0.44728,0.83547,4
86,normal,-1,0.0,,,-1,-1,edge_3,edge,0.3337,0.42473,0.0,0.6663,0.57527,0.65494,3
86,node_overload,38,0.30215,edge_4,edge_4-edge_0,4,3,edge_4,edge,0.47752,0.49006,14.25591,0.52248,0.50994,0.82489,3
86,normal,-1,0.0,,,-1,-1,cloud_0,cloud,0.36993,0.46366,0.0,0.63007,0.53634,0.52664,3
87,normal,-1,0.0,,,-1,-1,access_0,access,0.22691,0.24012,0.0,0.77309,0.75988,0.29064,2
87,normal,-1,0.0,,,-1,-1,access_1,access,0.20279,0.25906,0.0,0.79721,0.74094,0.29064,2
87,mixed,57,0.38824,edge_0,edge_0-edge_1,3,2,edge_0,edge,0.54632,0.54049,13.42088,0.45368,0.45951,1.16182,4
87,mixed,51,0.29608,edge_1,access_0-edge_1,1,0,edge_1,edge,0.50388,0.55879,9.3036,0.49612,0.44121,0.97975,3
87,link_congestion,45,0.32345,edge_2,edge_1-edge_2,2,1,edge_2,edge,0.48994,0.53067,3.86024,0.51006,0.46933,0.83547,4
87,normal,-1,0.0,,,-1,-1,edge_3,edge,0.3559,0.45062,0.0,0.6441,0.54938,0.64741,3
87,node_overload,38,0.30215,edge_4,edge_4-edge_0,4,3,edge_4,edge,0.55171,0.52596,19.82396,0.44829,0.47404,0.88789,3
87,normal,-1,0.0,,,-1,-1,cloud_0,cloud,0.36129,0.44092,0.0,0.63871,0.55908,0.52329,3
88,normal,-1,0.0,,,-1,-1,access_0,access,0.22643,0.24772,0.0,0.77357,0.75228,0.28883,2
88,normal,-1,0.0,,,-1,-1,access_1,access,0.20432,0.25431,0.0,0.79568,0.74569,0.28883,2
88,node_overload,41,0.28607,edge_0,edge_0-edge_1,3,2,edge_0,edge,0.5337,0.53358,17.04148,0.4663,0.46642,0.87655,4
88,mixed,51,0.29608,edge_1,access_0-edge_1,1,0,edge_1,edge,0.56713,0.4946,13.15985,0.43287,0.5054,1.35137,3
88,mixed,56,0.2769,edge_2,edge_1-edge_2,2,1,edge_2,edge,0.56924,0.55284,12.0515,0.43076,0.44716,1.14177,4
88,normal,-1,0.0,,,-1,-1,edge_3,edge,0.36327,0.42778,0.0,0.63673,0.57222,0.64234,3
88,node_overload,38,0.30215,edge_4,edge_4-edge_0,4,3,edge_4,edge,0.52581,0.51973,18.98266,0.47419,0.48027,0.82489,3
88,normal,-1,0.0,,,-1,-1,cloud_0,cloud,0.37739,0.45451,0.0,0.62261,0.54549,0.52104,3
89,normal,-1,0.0,,,-1,-1,access_0,access,0.19952,0.23879,0.0,0.80048,0.76121,0.28803,2
89,normal,-1,0.0,,,-1,-1,access_1,access,0.21715,0.24563,0.0,0.78285,0.75437,0.28803,2
89,mixed,61,0.29832,edge_0,edge_0-edge_1,3,2,edge_0,edge,0.46223,0.5149,5.66022,0.53777,0.4851,0.98016,4
89,mixed,51,0.29608,edge_1,access_0-edge_1,1,0,edge_1,edge,0.5696,0.52395,15.7033,0.4304,0.47605,1.29095,3
89,link_congestion,48,0.24878,edge_2,access_1-edge_2,1,0,edge_2,edge,0.45793,0.48488,0.67145,0.54207,0.51512,0.82203,4
89,normal,-1,0.0,,,-1,-1,edge_3,edge,0.36396,0.45193,0.0,0.63604,0.54807,0.64009,3
89,node_overload,38,0.30215,edge_4,edge_4-edge_0,4,3,edge_4,edge,0.54682,0.54441,19.80947,0.45318,0.45559,0.76189,3
89,normal,-1,0.0,,,-1,-1,cloud_0,cloud,0.36519,0.46562,0.0,0.63481,0.53438,0.52004,3
90,normal,-1,0.0,,,-1,-1,access_0,access,0.211,0.25242,0.0,0.789,0.74758,0.2883,2
90,normal,-1,0.0,,,-1,-1,access_1,access,0.21366,0.2644,0.0,0.78634,0.7356,0.2883,2
90,mixed,61,0.29832,edge_0,edge_0-edge_1,3,2,edge_0,edge,0.57327,0.53908,13.26836,0.42673,0.46092,1.37352,4
90,mixed,51,0.29608,edge_1,access_0-edge_1,1,0,edge_1,edge,0.59209,0.5733,13.85757,0.40791,0.4267,1.20199,3
90,link_congestion,48,0.24878,edge_2,access_1-edge_2,1,0,edge_2,edge,0.45258,0.48524,2.81417,0.54742,0.51476,0.76578,4
90,normal,-1,0.0,,,-1,-1,edge_3,edge,0.35641,0.44557,0.0,0.64359,0.55443,0.64085,3
90,node_overload,38,0.30215,edge_4,edge_4-edge_0,4,3,edge_4,edge,0.48271,0.49846,14.05228,0.51729,0.50154,0.82489,3
90,normal,-1,0.0,,,-1,-1,cloud_0,cloud,0.37586,0.47623,0.0,0.62414,0.52377,0.52038,3
91,normal,-1,0.0,,,-1,-1,access_0,access,0.21254,0.24099,0.0,0.78746,0.75901,0.28961,2
91,normal,-1,0.0,,,-1,-1,access_1,access,0.2133,0.25903,0.0,0.7867,0.74097,0.28961,2
91,mixed,61,0.29832,edge_0,edge_0-edge_1,3,2,edge_0,edge,0.55015,0.56199,11.16047,0.44985,0.43801,1.23691,4
91,mixed,51,0.29608,edge_1,access_0-edge_1,1,0,edge_1,edge,0.53807,0.50666,10.70734,0.46193,0.49334,1.14523,3
91,link_congestion,44,0.33698,edge_2,access_1-edge_2,1,0,edge_2,edge,0.46998,0.5444,2.83958,0.53002,0.4556,0.83791,4
91,normal,-1,0.0,,,-1,-1,edge_3,edge,0.35337,0.45488,0.0,0.64663,0.54512,0.64454,3
91,normal,-1,0.0,,,-1,-1,edge_4,edge,0.38301,0.46535,0.0,0.61699,0.53465,0.64454,3
91,normal,-1,0.0,,,-1,-1,cloud_0,cloud,0.39396,0.45052,0.0,0.60604,0.54948,0.52202,3
92,normal,-1,0.0,,,-1,-1,access_0,access,0.22037,0.24625,0.0,0.77963,0.75375,0.29188,2
92,normal,-1,0.0,,,-1,-1,access_1,access,0.22766,0.26202,0.0,0.77234,0.73798,0.29188,2
92,mixed,61,0.29832,edge_0,edge_0-edge_1,3,2,edge_0,edge,0.5094,0.52628,9.04689,0.4906,0.47372,1.14563,4
92,burst,33,0.27667,edge_1,edge_1-edge_2,2,1,edge_1,edge,0.45729,0.46306,2.48452,0.54271,0.53694,1.07585,3
92,link_congestion,44,0.33698,edge_2,access_1-edge_2,1,0,edge_2,edge,0.48358,0.50077,3.41872,0.51642,0.49923,0.88662,4
92,normal,-1,0.0,,,-1,-1,edge_3,edge,0.35102,0.43376,0.0,0.64898,0.56624,0.6509,3
92,burst,35,0.27119,edge_4,edge_4-edge_0,4,3,edge_4,edge,0.4104,0.47008,0.0,0.5896,0.52992,0.83133,3
92,normal,-1,0.0,,,-1,-1,cloud_0,cloud,0.37078,0.44277,0.0,0.62922,0.55723,0.52484,3
93,normal,-1,0.0,,,-1,-1,access_0,access,0.22694,0.2487,0.0,0.77306,0.7513,0.29492,2
93,normal,-1,0.0,,,-1,-1,access_1,access,0.21248,0.25639,0.0,0.78752,0.74361,0.29492,2
93,link_congestion,49,0.27164,edge_0,edge_0-edge_1,2,1,edge_0,edge,0.3683,0.45359,0.0,0.6317,0.54641,0.82614,4
93,burst,33,0.27667,edge_1,edge_1-edge_2,2,1,edge_1,edge,0.54987,0.53204,7.23865,0.45013,0.46796,1.3828,3
93,link_congestion,44,0.33698,edge_2,access_1-edge_2,1,0,edge_2,edge,0.52641,0.51534,5.82615,0.47359,0.48466,0.78919,4
93,normal,-1,0.0,,,-1,-1,edge_3,edge,0.34704,0.43949,0.0,0.65296,0.56051,0.65946,3
93,burst,35,0.27119,edge_4,edge_4-edge_0,4,3,edge_4,edge,0.48352,0.52362,1.82539,0.51648,0.47638,1.07486,3
93,normal,-1,0.0,,,-1,-1,cloud_0,cloud,0.38887,0.45215,0.0,0.61113,0.54785,0.52865,3
94,normal,-1,0.0,,,-1,-1,access_0,access,0.22771,0.2533,0.0,0.77229,0.7467,0.29851,2
94,normal,-1,0.0,,,-1,-1,access_1,access,0.22011,0.24309,0.0,0.77989,0.75691,0.29851,2
94,link_congestion,49,0.27164,edge_0,edge_0-edge_1,2,1,edge_0,edge,0.45041,0.51158,0.27277,0.54959,0.48842,0.87486,4
94,burst,33,0.27667,edge_1,edge_1-edge_2,2,1,edge_1,edge,0.46145,0.5164,1.32929,0.53855,0.4836,0.99485,3
94,link_congestion,44,0.33698,edge_2,access_1-edge_2,1,0,edge_2,edge,0.47546,0.5041,2.88817,0.52454,0.4959,0.83791,4
94,normal,-1,0.0,,,-1,-1,edge_3,edge,0.32751,0.42217,0.0,0.67249,0.57783,0.66957,3
94,burst,35,0.27119,edge_4,edge_4-edge_0,4,3,edge_4,edge,0.53982,0.54214,5.46485,0.46018,0.45786,1.38181,3
94,normal,-1,0.0,,,-1,-1,cloud_0,cloud,0.39147,0.46734,0.0,0.60853,0.53266,0.53314,3
95,normal,-1,0.0,,,-1,-1,access_0,access,0.20935,0.2667,0.0,0.79065,0.7333,0.3024,2
95,normal,-1,0.0,,,-1,-1,access_1,access,0.22963,0.24528,0.0,0.77037,0.75472,0.3024,2
95,link_congestion,49,0.27164,edge_0,edge_0-edge_1,2,1,edge_0,edge,0.41532,0.45864,0.2327,0.58468,0.54136,0.77743,4
95,burst,33,0.27667,edge_1,edge_1-edge_2,2,1,edge_1,edge,0.41409,0.4516,0.0,0.58591,0.5484,0.83232,3
95,normal,-1,0.0,,,-1,-1,edge_2,edge,0.3861,0.45307,0.0,0.6139,0.54693,0.6805,4
95,normal,-1,0.0,,,-1,-1,edge_3,edge,0.34954,0.4293,0.0,0.65046,0.5707,0.6805,3
95,burst,35,0.27119,edge_4,edge_4-edge_0,4,3,edge_4,edge,0.47216,0.49359,2.31761,0.52784,0.50641,0.99386,3
95,normal,-1,0.0,,,-1,-1,cloud_0,cloud,0.39082,0.46235,0.0,0.60918,0.53765,0.538,3
96,normal,-1,0.0,,,-1,-1,access_0,access,0.20872,0.24469,0.0,0.79128,0.75531,0.3024,2
96,normal,-1,0.0,,,-1,-1,access_1,access,0.22324,0.26128,0.0,0.77676,0.73872,0.3024,2
96,link_congestion,49,0.27164,edge_0,edge_0-edge_1,2,1,edge_0,edge,0.40296,0.45092,0.0,0.59704,0.54908,0.82614,4
96,normal,-1,0.0,,,-1,-1,edge_1,edge,0.37438,0.4392,0.0,0.62562,0.5608,0.6805,3
96,normal,-1,0.0,,,-1,-1,edge_2,edge,0.42488,0.48226,0.0,0.57512,0.51774,0.6805,4
96,normal,-1,0.0,,,-1,-1,edge_3,edge,0.36674,0.45745,0.0,0.63326,0.54255,0.6805,3
96,burst,35,0.27119,edge_4,edge_4-edge_0,4,3,edge_4,edge,0.43802,0.46846,0.95728,0.56198,0.53154,0.83133,3
96,normal,-1,0.0,,,-1,-1,cloud_0,cloud,0.38925,0.47736,0.0,0.61075,0.52264,0.538,3
97,normal,-1,0.0,,,-1,-1,access_0,access,0.22073,0.25612,0.0,0.77927,0.74388,0.30629,2
97,normal,-1,0.0,,,-1,-1,access_1,access,0.20787,0.24978,0.0,0.79213,0.75022,0.30629,2
97,burst,63,0.25497,edge_0,edge_0-edge_1,3,2,edge_0,edge,0.41996,0.50658,0.0,0.58004,0.49342,0.82841,4
97,mixed,81,0.38378,edge_1,access_0-edge_1,1,0,edge_1,edge,0.51278,0.49308,8.77523,0.48722,0.50692,0.99554,3
97,normal,-1,0.0,,,-1,-1,edge_2,edge,0.43763,0.49291,0.0,0.56237,0.50709,0.69143,4
97,normal,-1,0.0,,,-1,-1,edge_3,edge,0.34886,0.45744,0.0,0.65114,0.54256,0.69143,3
97,node_overload,71,0.25556,edge_4,edge_4-edge_0,4,3,edge_4,edge,0.47066,0.5063,10.3202,0.52934,0.4937,0.8165,3
97,normal,-1,0.0,,,-1,-1,cloud_0,cloud,0.3875,0.45902,0.0,0.6125,0.54098,0.54286,3
98,normal,-1,0.0,,,-1,-1,access_0,access,0.23197,0.25652,0.0,0.76803,0.74348,0.30988,2
98,normal,-1,0.0,,,-1,-1,access_1,access,0.23033,0.26234,0.0,0.76967,0.73766,0.30988,2
98,node_overload,70,0.23457,edge_0,edge_0-edge_1,3,2,edge_0,edge,0.42037,0.48166,7.63283,0.57963,0.51834,0.81272,4
98,mixed,81,0.38378,edge_1,access_0-edge_1,1,0,edge_1,edge,0.68044,0.61826,20.04804,0.31956,0.38174,1.36716,3
98,link_congestion,78,0.39612,edge_2,access_1-edge_2,1,0,edge_2,edge,0.47936,0.50322,4.16865,0.52064,0.49678,0.84855,4
98,normal,-1,0.0,,,-1,-1,edge_3,edge,0.37317,0.44152,0.0,0.62683,0.55848,0.70154,3
98,node_overload,71,0.25556,edge_4,edge_4-edge_0,4,3,edge_4,edge,0.47928,0.48963,13.19187,0.52072,0.51037,0.8795,3
98,normal,-1,0.0,,,-1,-1,cloud_0,cloud,0.39578,0.45864,0.0,0.60422,0.54136,0.54735,3
99,normal,-1,0.0,,,-1,-1,access_0,access,0.22565,0.25681,0.0,0.77435,0.74319,0.31292,2
99,normal,-1,0.0,,,-1,-1,access_1,access,0.22706,0.2364,0.0,0.77294,0.7636,0.31292,2
99,link_congestion,76,0.29824,edge_0,edge_0-edge_1,3,2,edge_0,edge,0.43171,0.45687,0.47347,0.56829,0.54313,0.83093,4
99,mixed,81,0.38378,edge_1,access_0-edge_1,1,0,edge_1,edge,0.61049,0.57579,18.11216,0.38951,0.42421,1.30673,3
99,link_congestion,78,0.39612,edge_2,access_1-edge_2,1,0,edge_2,edge,0.51953,0.55087,7.16518,0.48047,0.44913,0.84855,4
99,normal,-1,0.0,,,-1,-1,edge_3,edge,0.37832,0.46069,0.0,0.62168,0.53931,0.7101,3
99,node_overload,71,0.25556,edge_4,edge_4-edge_0,4,3,edge_4,edge,0.50133,0.51832,15.54466,0.49867,0.48168,0.8165,3
99,normal,-1,0.0,,,-1,-1,cloud_0,cloud,0.39587,0.46779,0.0,0.60413,0.53221,0.55116,3
100,normal,-1,0.0,,,-1,-1,access_0,access,0.2279,0.25787,0.0,0.7721,0.74213,0.31519,2
100,normal,-1,0.0,,,-1,-1,access_1,access,0.22881,0.25954,0.0,0.77119,0.74046,0.31519,2
100,link_congestion,76,0.29824,edge_0,edge_0-edge_1,3,2,edge_0,edge,0.39927,0.48211,0.0,0.60073,0.51789,0.88718,4
100,mixed,81,0.38378,edge_1,access_0-edge_1,1,0,edge_1,edge,0.57213,0.55441,14.79705,0.42787,0.44559,1.21778,3
100,link_congestion,78,0.39612,edge_2,access_1-edge_2,1,0,edge_2,edge,0.47261,0.52162,2.50226,0.52739,0.47838,0.84855,4
100,normal,-1,0.0,,,-1,-1,edge_3,edge,0.36213,0.45968,0.0,0.63787,0.54032,0.71646,3
100,node_overload,71,0.25556,edge_4,edge_4-edge_0,4,3,edge_4,edge,0.5205,0.5478,15.61706,0.4795,0.4522,0.7535,3
100,normal,-1,0.0,,,-1,-1,cloud_0,cloud,0.39094,0.50631,0.0,0.60906,0.49369,0.55398,3
101,normal,-1,0.0,,,-1,-1,access_0,access,0.23239,0.26323,0.0,0.76761,0.73677,0.3165,2
101,normal,-1,0.0,,,-1,-1,access_1,access,0.21967,0.263,0.0,0.78033,0.737,0.3165,2
101,link_congestion,76,0.29824,edge_0,edge_0-edge_1,3,2,edge_0,edge,0.4371,0.50774,2.12261,0.5629,0.49226,0.83093,4
101,mixed,81,0.38378,edge_1,access_0-edge_1,1,0,edge_1,edge,0.58159,0.56972,13.99582,0.41841,0.43028,1.16101,3
101,link_congestion,74,0.23104,edge_2,access_1-edge_2,1,0,edge_2,edge,0.43954,0.48678,1.508,0.56046,0.51322,0.81884,4
101,normal,-1,0.0,,,-1,-1,edge_3,edge,0.35515,0.47485,0.0,0.64485,0.52515,0.72015,3
101,node_overload,67,0.39571,edge_4,edge_4-edge_0,4,3,edge_4,edge,0.50804,0.51641,20.7196,0.49196,0.48359,0.84173,3
101,normal,-1,0.0,,,-1,-1,cloud_0,cloud,0.38244,0.48123,0.0,0.61756,0.51877,0.55562,3
102,normal,-1,0.0,,,-1,-1,access_0,access,0.23096,0.27461,0.0,0.76904,0.72539,0.31677,2
102,normal,-1,0.0,,,-1,-1,access_1,access,0.22951,0.2347,0.0,0.77049,0.7653,0.31677,2
102,mixed,83,0.32476,edge_0,edge_0-edge_1,3,2,edge_0,edge,0.51371,0.54226,9.3228,0.48629,0.45774,0.98492,4
102,mixed,82,0.30115,edge_1,edge_1-edge_2,2,1,edge_1,edge,0.56647,0.57523,11.89569,0.43353,0.42477,1.29186,3
102,link_congestion,74,0.23104,edge_2,access_1-edge_2,1,0,edge_2,edge,0.46849,0.48676,0.76679,0.53151,0.51324,0.81884,4
102,normal,-1,0.0,,,-1,-1,edge_3,edge,0.38534,0.46354,0.0,0.61466,0.53646,0.72091,3
102,node_overload,67,0.39571,edge_4,edge_4-edge_0,4,3,edge_4,edge,0.56635,0.57474,24.80843,0.43365,0.42526,0.90473,3
102,normal,-1,0.0,,,-1,-1,cloud_0,cloud,0.394,0.46341,0.0,0.606,0.53659,0.55596,3
103,normal,-1,0.0,,,-1,-1,access_0,access,0.23765,0.25556,0.0,0.76235,0.74444,0.31597,2
103,normal,-1,0.0,,,-1,-1,access_1,access,0.22241,0.25817,0.0,0.77759,0.74183,0.31597,2
103,mixed,83,0.32476,edge_0,edge_0-edge_1,3,2,edge_0,edge,0.56233,0.53967,13.46101,0.43767,0.46033,1.37828,4
103,mixed,82,0.30115,edge_1,edge_1-edge_2,2,1,edge_1,edge,0.5393,0.53857,10.45635,0.4607,0.46143,1.14614,3
103,normal,-1,0.0,,,-1,-1,edge_2,edge,0.44386,0.49305,0.0,0.55614,0.50695,0.71866,4
103,normal,-1,0.0,,,-1,-1,edge_3,edge,0.36378,0.44823,0.0,0.63622,0.55177,0.71866,3
103,node_overload,67,0.39571,edge_4,edge_4-edge_0,4,3,edge_4,edge,0.55521,0.56323,23.63838,0.44479,0.43677,0.84173,3
103,normal,-1,0.0,,,-1,-1,cloud_0,cloud,0.39273,0.47503,0.0,0.60727,0.52497,0.55496,3
104,normal,-1,0.0,,,-1,-1,access_0,access,0.22649,0.26308,0.0,0.77351,0.73692,0.31416,2
104,normal,-1,0.0,,,-1,-1,access_1,access,0.24492,0.24086,0.0,0.75508,0.75914,0.31416,2
104,mixed,83,0.32476,edge_0,edge_0-edge_1,3,2,edge_0,edge,0.56339,0.55382,13.59103,0.43661,0.44618,1.24167,4
104,normal,-1,0.0,,,-1,-1,edge_1,edge,0.39902,0.45414,0.0,0.60098,0.54586,0.71359,3
104,normal,-1,0.0,,,-1,-1,edge_2,edge,0.41097,0.49479,0.0,0.58903,0.50521,0.71359,4
104,normal,-1,0.0,,,-1,-1,edge_3,edge,0.36315,0.45732,0.0,0.63685,0.54268,0.71359,3
104,node_overload,67,0.39571,edge_4,edge_4-edge_0,4,3,edge_4,edge,0.57387,0.54461,26.80017,0.42613,0.45539,0.77873,3
104,normal,-1,0.0,,,-1,-1,cloud_0,cloud,0.38275,0.48221,0.0,0.61725,0.51779,0.55271,3
105,normal,-1,0.0,,,-1,-1,access_0,access,0.22462,0.25126,0.0,0.77538,0.74874,0.31149,2
105,normal,-1,0.0,,,-1,-1,access_1,access,0.20551,0.26638,0.0,0.79449,0.73362,0.31149,2
105,mixed,83,0.32476,edge_0,edge_0-edge_1,3,2,edge_0,edge,0.53203,0.5382,12.05759,0.46797,0.4618,1.15039,4
105,normal,-1,0.0,,,-1,-1,edge_1,edge,0.39855,0.48705,0.0,0.60145,0.51295,0.70606,3
105,node_overload,68,0.34184,edge_2,access_1-edge_2,1,0,edge_2,edge,0.49868,0.50573,15.83273,0.50132,0.49427,0.83203,4
105,normal,-1,0.0,,,-1,-1,edge_3,edge,0.39836,0.4773,0.0,0.60164,0.5227,0.70606,3
105,node_overload,67,0.39571,edge_4,edge_4-edge_0,4,3,edge_4,edge,0.51419,0.50618,20.45789,0.48581,0.49382,0.84173,3
105,normal,-1,0.0,,,-1,-1,cloud_0,cloud,0.39583,0.48109,0.0,0.60417,0.51891,0.54936,3
106,normal,-1,0.0,,,-1,-1,access_0,access,0.22317,0.2519,0.0,0.77683,0.7481,0.30814,2
106,normal,-1,0.0,,,-1,-1,access_1,access,0.22974,0.25833,0.0,0.77026,0.74167,0.30814,2
106,link_congestion,79,0.30487,edge_0,edge_0-edge_1,2,1,edge_0,edge,0.41649,0.47124,0.0,0.58351,0.52876,0.78341,4
106,normal,-1,0.0,,,-1,-1,edge_1,edge,0.37903,0.47464,0.0,0.62097,0.52536,0.69664,3
106,node_overload,68,0.34184,edge_2,access_1-edge_2,1,0,edge_2,edge,0.59961,0.58807,23.81552,0.40039,0.41193,0.88659,4
106,normal,-1,0.0,,,-1,-1,edge_3,edge,0.3586,0.46777,0.0,0.6414,0.53223,0.69664,3
106,link_congestion,73,0.28384,edge_4,edge_3-edge_4,4,3,edge_4,edge,0.45179,0.46805,1.61911,0.54821,0.53195,0.77963,3
106,normal,-1,0.0,,,-1,-1,cloud_0,cloud,0.40437,0.47169,0.0,0.59563,0.52831,0.54517,3
107,normal,-1,0.0,,,-1,-1,access_0,access,0.22377,0.24164,0.0,0.77623,0.75836,0.30436,2
107,normal,-1,0.0,,,-1,-1,access_1,access,0.22285,0.24415,0.0,0.77715,0.75585,0.30436,2
107,link_congestion,79,0.30487,edge_0,edge_0-edge_1,2,1,edge_0,edge,0.40885,0.49993,0.0,0.59115,0.50007,0.83213,4
107,normal,-1,0.0,,,-1,-1,edge_1,edge,0.34303,0.43492,0.0,0.65697,0.56508,0.68601,3
107,node_overload,68,0.34184,edge_2,access_1-edge_2,1,0,edge_2,edge,0.54999,0.54044,23.30717,0.45001,0.45956,0.77747,4
107,normal,-1,0.0,,,-1,-1,edge_3,edge,0.35587,0.42758,0.0,0.64413,0.57242,0.68601,3
107,link_congestion,73,0.28384,edge_4,edge_3-edge_4,4,3,edge_4,edge,0.4308,0.49718,0.0,0.5692,0.50282,0.82834,3
107,normal,-1,0.0,,,-1,-1,cloud_0,cloud,0.40427,0.46274,0.0,0.59573,0.53726,0.54045,3
108,normal,-1,0.0,,,-1,-1,access_0,access,0.20865,0.23899,0.0,0.79135,0.76101,0.30044,2
108,normal,-1,0.0,,,-1,-1,access_1,access,0.23357,0.25443,0.0,0.76643,0.74557,0.30044,2
108,normal,-1,0.0,,,-1,-1,edge_0,edge,0.34924,0.43001,0.0,0.65076,0.56999,0.67499,4
108,normal,-1,0.0,,,-1,-1,edge_1,edge,0.38575,0.46105,0.0,0.61425,0.53895,0.67499,3
108,burst,66,0.39854,edge_2,edge_1-edge_2,2,1,edge_2,edge,0.50613,0.5118,5.56555,0.49387,0.4882,0.85425,4
108,normal,-1,0.0,,,-1,-1,edge_3,edge,0.32122,0.43048,0.0,0.67878,0.56952,0.67499,3
108,normal,-1,0.0,,,-1,-1,edge_4,edge,0.387,0.45507,0.0,0.613,0.54493,0.67499,3
108,normal,-1,0.0,,,-1,-1,cloud_0,cloud,0.37872,0.46766,0.0,0.62128,0.53234,0.53555,3
109,normal,-1,0.0,,,-1,-1,access_0,access,0.2185,0.24981,0.0,0.7815,0.75019,0.29666,2
109,normal,-1,0.0,,,-1,-1,access_1,access,0.20777,0.2471,0.0,0.79223,0.7529,0.29666,2
109,normal,-1,0.0,,,-1,-1,edge_0,edge,0.32654,0.43585,0.0,0.67346,0.56415,0.66436,4
109,node_overload,72,0.39619,edge_1,access_0-edge_1,1,0,edge_1,edge,0.50334,0.51531,18.53702,0.49666,0.48469,0.84181,3
109,burst,66,0.39854,edge_2,edge_1-edge_2,2,1,edge_2,edge,0.57305,0.52347,10.3881,0.42695,0.47653,1.24419,4
109,normal,-1,0.0,,,-1,-1,edge_3,edge,0.37136,0.48423,0.0,0.62864,0.51577,0.66436,3
109,normal,-1,0.0,,,-1,-1,edge_4,edge,0.41659,0.48291,0.0,0.58341,0.51709,0.66436,3
109,normal,-1,0.0,,,-1,-1,cloud_0,cloud,0.37858,0.45866,0.0,0.62142,0.54134,0.53083,3
110,normal,-1,0.0,,,-1,-1,access_0,access,0.21594,0.25221,0.0,0.78406,0.74779,0.29331,2
110,normal,-1,0.0,,,-1,-1,access_1,access,0.2175,0.24583,0.0,0.7825,0.75417,0.29331,2
110,normal,-1,0.0,,,-1,-1,edge_0,edge,0.32969,0.45273,0.0,0.67031,0.54727,0.65494,4
110,node_overload,72,0.39619,edge_1,access_0-edge_1,1,0,edge_1,edge,0.56695,0.53513,25.05955,0.43305,0.46487,0.90481,3
110,burst,66,0.39854,edge_2,edge_1-edge_2,2,1,edge_2,edge,0.54915,0.55556,8.71233,0.45085,0.44444,1.17405,4
110,normal,-1,0.0,,,-1,-1,edge_3,edge,0.35425,0.44852,0.0,0.64575,0.55148,0.65494,3
110,normal,-1,0.0,,,-1,-1,edge_4,edge,0.39051,0.47158,0.0,0.60949,0.52842,0.65494,3
110,normal,-1,0.0,,,-1,-1,cloud_0,cloud,0.37856,0.45382,0.0,0.62144,0.54618,0.52664,3
111,normal,-1,0.0,,,-1,-1,access_0,access,0.21995,0.23324,0.0,0.78005,0.76676,0.29064,2
111,normal,-1,0.0,,,-1,-1,access_1,access,0.22801,0.23856,0.0,0.77199,0.76144,0.29064,2
111,normal,-1,0.0,,,-1,-1,edge_0,edge,0.34363,0.44186,0.0,0.65637,0.55814,0.64741,4
111,node_overload,72,0.39619,edge_1,access_0-edge_1,1,0,edge_1,edge,0.55383,0.56848,24.55436,0.44617,0.43152,0.84181,3
111,burst,66,0.39854,edge_2,edge_1-edge_2,2,1,edge_2,edge,0.51345,0.51935,6.111,0.48655,0.48065,0.85425,4
111,normal,-1,0.0,,,-1,-1,edge_3,edge,0.36182,0.44906,0.0,0.63818,0.55094,0.64741,3
111,normal,-1,0.0,,,-1,-1,edge_4,edge,0.36658,0.47315,0.0,0.63342,0.52685,0.64741,3
111,normal,-1,0.0,,,-1,-1,cloud_0,cloud,0.37529,0.45268,0.0,0.62471,0.54732,0.52329,3
112,normal,-1,0.0,,,-1,-1,access_0,access,0.20864,0.24377,0.0,0.79136,0.75623,0.28883,2
112,normal,-1,0.0,,,-1,-1,access_1,access,0.20632,0.25934,0.0,0.79368,0.74066,0.28883,2
112,normal,-1,0.0,,,-1,-1,edge_0,edge,0.35227,0.44963,0.0,0.64773,0.55037,0.64234,4
112,node_overload,72,0.39619,edge_1,access_0-edge_1,1,0,edge_1,edge,0.56504,0.55711,25.85154,0.43496,0.44289,0.77881,3
112,normal,-1,0.0,,,-1,-1,edge_2,edge,0.40904,0.48708,0.0,0.59096,0.51292,0.64234,4
112,normal,-1,0.0,,,-1,-1,edge_3,edge,0.33462,0.43018,0.0,0.66538,0.56982,0.64234,3
112,link_congestion,77,0.23066,edge_4,edge_3-edge_4,4,3,edge_4,edge,0.43943,0.4683,0.0,0.56057,0.5317,0.81877,3
112,normal,-1,0.0,,,-1,-1,cloud_0,cloud,0.38309,0.43818,0.0,0.61691,0.56182,0.52104,3
113,normal,-1,0.0,,,-1,-1,access_0,access,0.20891,0.24785,0.0,0.79109,0.75215,0.28803,2
113,normal,-1,0.0,,,-1,-1,access_1,access,0.22044,0.23949,0.0,0.77956,0.76051,0.28803,2
113,normal,-1,0.0,,,-1,-1,edge_0,edge,0.34157,0.4411,0.0,0.65843,0.5589,0.64009,4
113,node_overload,72,0.39619,edge_1,access_0-edge_1,1,0,edge_1,edge,0.48139,0.48032,17.84373,0.51861,0.51968,0.84181,3
113,normal,-1,0.0,,,-1,-1,edge_2,edge,0.42303,0.46169,0.0,0.57697,0.53831,0.64009,4
113,normal,-1,0.0,,,-1,-1,edge_3,edge,0.35213,0.45296,0.0,0.64787,0.54704,0.64009,3
113,burst,64,0.33141,edge_4,edge_3-edge_4,4,3,edge_4,edge,0.48558,0.47598,3.86783,0.51442,0.52402,0.84217,3
113,normal,-1,0.0,,,-1,-1,cloud_0,cloud,0.37828,0.45668,0.0,0.62172,0.54332,0.52004,3
114,normal,-1,0.0,,,-1,-1,access_0,access,0.21223,0.24289,0.0,0.78777,0.75711,0.2883,2
114,normal,-1,0.0,,,-1,-1,access_1,access,0.21882,0.24746,0.0,0.78118,0.75254,0.2883,2
114,normal,-1,0.0,,,-1,-1,edge_0,edge,0.34045,0.43136,0.0,0.65955,0.56864,0.64085,4
114,node_overload,69,0.35578,edge_1,edge_1-edge_2,2,1,edge_1,edge,0.53374,0.56412,22.65284,0.46626,0.43588,0.77998,3
114,normal,-1,0.0,,,-1,-1,edge_2,edge,0.38737,0.46888,0.0,0.61263,0.53112,0.64085,4
114,normal,-1,0.0,,,-1,-1,edge_3,edge,0.3521,0.44871,0.0,0.6479,0.55129,0.64085,3
114,burst,64,0.33141,edge_4,edge_3-edge_4,4,3,edge_4,edge,0.53948,0.53501,6.43364,0.46052,0.46499,1.39265,3
114,normal,-1,0.0,,,-1,-1,cloud_0,cloud,0.37083,0.45519,0.0,0.62917,0.54481,0.52038,3
115,normal,-1,0.0,,,-1,-1,access_0,access,0.22515,0.24596,0.0,0.77485,0.75404,0.28961,2
115,normal,-1,0.0,,,-1,-1,access_1,access,0.19731,0.25859,0.0,0.80269,0.74141,0.28961,2
115,normal,-1,0.0,,,-1,-1,edge_0,edge,0.34911,0.45078,0.0,0.65089,0.54922,0.64454,4
115,node_overload,69,0.35578,edge_1,edge_1-edge_2,2,1,edge_1,edge,0.48086,0.51968,16.75129,0.51914,0.48032,0.83454,3
115,normal,-1,0.0,,,-1,-1,edge_2,edge,0.405,0.46929,0.0,0.595,0.53071,0.64454,4
115,normal,-1,0.0,,,-1,-1,edge_3,edge,0.34633,0.43773,0.0,0.65367,0.56227,0.64454,3
115,burst,64,0.33141,edge_4,edge_3-edge_4,4,3,edge_4,edge,0.42384,0.49465,0.54127,0.57616,0.50535,0.84217,3
115,normal,-1,0.0,,,-1,-1,cloud_0,cloud,0.3888,0.48028,0.0,0.6112,0.51972,0.52202,3
116,normal,-1,0.0,,,-1,-1,access_0,access,0.21868,0.24858,0.0,0.78132,0.75142,0.29188,2
116,normal,-1,0.0,,,-1,-1,access_1,access,0.20216,0.26313,0.0,0.79784,0.73687,0.29188,2
116,normal,-1,0.0,,,-1,-1,edge_0,edge,0.34341,0.41231,0.0,0.65659,0.58769,0.6509,4
116,normal,-1,0.0,,,-1,-1,edge_1,edge,0.38456,0.47612,0.0,0.61544,0.52388,0.6509,3
116,normal,-1,0.0,,,-1,-1,edge_2,edge,0.42505,0.48118,0.0,0.57495,0.51882,0.6509,4
116,normal,-1,0.0,,,-1,-1,edge_3,edge,0.34125,0.44304,0.0,0.65875,0.55696,0.6509,3
116,link_congestion,77,0.23066,edge_4,edge_3-edge_4,4,3,edge_4,edge,0.42505,0.4896,0.05581,0.57495,0.5104,0.81877,3
116,normal,-1,0.0,,,-1,-1,cloud_0,cloud,0.36991,0.45861,0.0,0.63009,0.54139,0.52484,3
117,normal,-1,0.0,,,-1,-1,access_0,access,0.20885,0.26359,0.0,0.79115,0.73641,0.29492,2
117,normal,-1,0.0,,,-1,-1,access_1,access,0.21403,0.25332,0.0,0.78597,0.74668,0.29492,2
117,normal,-1,0.0,,,-1,-1,edge_0,edge,0.33356,0.43881,0.0,0.66644,0.56119,0.65946,4
117,normal,-1,0.0,,,-1,-1,edge_1,edge,0.38236,0.46622,0.0,0.61764,0.53378,0.65946,3
117,normal,-1,0.0,,,-1,-1,edge_2,edge,0.39727,0.4752,0.0,0.60273,0.5248,0.65946,4
117,normal,-1,0.0,,,-1,-1,edge_3,edge,0.33725,0.44876,0.0,0.66275,0.55124,0.65946,3
117,normal,-1,0.0,,,-1,-1,edge_4,edge,0.36925,0.45665,0.0,0.63075,0.54335,0.65946,3
117,normal,-1,0.0,,,-1,-1,cloud_0,cloud,0.3868,0.47786,0.0,0.6132,0.52214,0.52865,3
118,normal,-1,0.0,,,-1,-1,access_0,access,0.22378,0.24668,0.0,0.77622,0.75332,0.29851,2
118,normal,-1,0.0,,,-1,-1,access_1,access,0.21419,0.23915,0.0,0.78581,0.76085,0.29851,2
118,normal,-1,0.0,,,-1,-1,edge_0,edge,0.3366,0.41915,0.0,0.6634,0.58085,0.66957,4
118,normal,-1,0.0,,,-1,-1,edge_1,edge,0.39841,0.48517,0.0,0.60159,0.51483,0.66957,3
118,normal,-1,0.0,,,-1,-1,edge_2,edge,0.40266,0.49179,0.0,0.59734,0.50821,0.66957,4
118,normal,-1,0.0,,,-1,-1,edge_3,edge,0.35608,0.44601,0.0,0.64392,0.55399,0.66957,3
118,normal,-1,0.0,,,-1,-1,edge_4,edge,0.36545,0.45421,0.0,0.63455,0.54579,0.66957,3
118,normal,-1,0.0,,,-1,-1,cloud_0,cloud,0.38365,0.46843,0.0,0.61635,0.53157,0.53314,3
119,normal,-1,0.0,,,-1,-1,access_0,access,0.22387,0.26447,0.0,0.77613,0.73553,0.3024,2
119,normal,-1,0.0,,,-1,-1,access_1,access,0.2363,0.25164,0.0,0.7637,0.74836,0.3024,2
119,normal,-1,0.0,,,-1,-1,edge_0,edge,0.36794,0.47709,0.0,0.63206,0.52291,0.6805,4
119,normal,-1,0.0,,,-1,-1,edge_1,edge,0.35913,0.45594,0.0,0.64087,0.54406,0.6805,3
119,normal,-1,0.0,,,-1,-1,edge_2,edge,0.39579,0.48472,0.0,0.60421,0.51528,0.6805,4
119,normal,-1,0.0,,,-1,-1,edge_3,edge,0.35402,0.46433,0.0,0.64598,0.53567,0.6805,3
119,normal,-1,0.0,,,-1,-1,edge_4,edge,0.37856,0.46889,0.0,0.62144,0.53111,0.6805,3
119,normal,-1,0.0,,,-1,-1,cloud_0,cloud,0.38915,0.48005,0.0,0.61085,0.51995,0.538,3
