time,scenario,event_id,severity,affected_node,affected_link,affected_node_position,affected_link_position,service_id,user_id,service_type,request_rate,response_time,base_response_time,dependency_count,current_edge,cloud_node,last_violation
0,normal,-1,0.0,,,-1,-1,0,0,latency,6.6424,54.71609,34.0,1,edge_0,cloud_0,0
0,normal,-1,0.0,,,-1,-1,1,1,reliability,7.76052,78.04215,55.5,2,edge_4,cloud_0,0
0,normal,-1,0.0,,,-1,-1,2,2,cost,9.5507,105.95424,73.0,3,edge_3,cloud_0,0
0,normal,-1,0.0,,,-1,-1,3,3,latency,11.63757,64.03277,38.5,4,edge_4,cloud_0,0
0,normal,-1,0.0,,,-1,-1,4,4,reliability,13.24154,83.53669,60.0,5,edge_0,cloud_0,0
0,normal,-1,0.0,,,-1,-1,5,5,cost,15.01355,96.33888,70.0,1,edge_4,cloud_0,0
0,normal,-1,0.0,,,-1,-1,6,6,latency,17.03247,63.26599,35.5,2,edge_3,cloud_0,0
0,normal,-1,0.0,,,-1,-1,7,7,reliability,18.49559,84.15331,57.0,3,edge_4,cloud_0,0
1,normal,-1,0.0,,,-1,-1,0,0,latency,6.48653,55.03071,34.0,1,edge_0,cloud_0,0
1,normal,-1,0.0,,,-1,-1,1,1,reliability,7.74863,80.50168,55.5,2,edge_4,cloud_0,0
1,normal,-1,0.0,,,-1,-1,2,2,cost,10.11438,104.8259,73.0,3,edge_3,cloud_0,0
1,normal,-1,0.0,,,-1,-1,3,3,latency,12.14913,65.14712,38.5,4,edge_4,cloud_0,0
1,normal,-1,0.0,,,-1,-1,4,4,reliability,13.90449,84.42875,60.0,5,edge_0,cloud_0,0
1,normal,-1,0.0,,,-1,-1,5,5,cost,15.74746,97.70054,70.0,1,edge_4,cloud_0,0
1,normal,-1,0.0,,,-1,-1,6,6,latency,17.17545,65.64904,35.5,2,edge_3,cloud_0,0
1,normal,-1,0.0,,,-1,-1,7,7,reliability,19.38668,86.71314,57.0,3,edge_4,cloud_0,0
2,normal,-1,0.0,,,-1,-1,0,0,latency,6.80919,53.31362,34.0,1,edge_0,cloud_0,0
2,normal,-1,0.0,,,-1,-1,1,1,reliability,8.19848,79.70687,55.5,2,edge_4,cloud_0,0
2,normal,-1,0.0,,,-1,-1,2,2,cost,10.71764,105.75796,73.0,3,edge_3,cloud_0,0
2,normal,-1,0.0,,,-1,-1,3,3,latency,11.99817,64.27587,38.5,4,edge_4,cloud_0,0
2,normal,-1,0.0,,,-1,-1,4,4,reliability,14.5427,84.79527,60.0,5,edge_0,cloud_0,0
2,normal,-1,0.0,,,-1,-1,5,5,cost,16.38937,100.15929,70.0,1,edge_4,cloud_0,0
2,normal,-1,0.0,,,-1,-1,6,6,latency,18.04405,64.07689,35.5,2,edge_3,cloud_0,0
2,normal,-1,0.0,,,-1,-1,7,7,reliability,20.21291,86.1917,57.0,3,edge_4,cloud_0,0
3,normal,-1,0.0,,,-1,-1,0,0,latency,6.7534,56.00926,34.0,1,edge_0,cloud_0,0
3,normal,-1,0.0,,,-1,-1,1,1,reliability,9.00023,79.47939,55.5,2,edge_4,cloud_0,0
3,normal,-1,0.0,,,-1,-1,2,2,cost,10.08187,105.3013,73.0,3,edge_3,cloud_0,0
3,normal,-1,0.0,,,-1,-1,3,3,latency,12.11912,64.11988,38.5,4,edge_4,cloud_0,0
3,normal,-1,0.0,,,-1,-1,4,4,reliability,13.95945,85.67827,60.0,5,edge_0,cloud_0,0
3,normal,-1,0.0,,,-1,-1,5,5,cost,16.96405,99.3937,70.0,1,edge_4,cloud_0,0
3,normal,-1,0.0,,,-1,-1,6,6,latency,18.13819,65.76649,35.5,2,edge_3,cloud_0,0
3,normal,-1,0.0,,,-1,-1,7,7,reliability,20.98899,85.4088,57.0,3,edge_4,cloud_0,0
4,normal,-1,0.0,,,-1,-1,0,0,latency,7.03395,55.42912,34.0,1,edge_0,cloud_0,0
4,normal,-1,0.0,,,-1,-1,1,1,reliability,8.86832,79.12117,55.5,2,edge_4,cloud_0,0
4,normal,-1,0.0,,,-1,-1,2,2,cost,10.78536,106.38014,73.0,3,edge_3,cloud_0,0
4,normal,-1,0.0,,,-1,-1,3,3,latency,13.49172,66.48077,38.5,4,edge_4,cloud_0,0
4,normal,-1,0.0,,,-1,-1,4,4,reliability,14.64034,85.97931,60.0,5,edge_0,cloud_0,0
4,normal,-1,0.0,,,-1,-1,5,5,cost,16.64304,98.2333,70.0,1,edge_4,cloud_0,0
4,normal,-1,0.0,,,-1,-1,6,6,latency,19.25787,63.58676,35.5,2,edge_3,cloud_0,0
4,normal,-1,0.0,,,-1,-1,7,7,reliability,21.16984,85.96347,57.0,3,edge_4,cloud_0,0
5,normal,-1,0.0,,,-1,-1,0,0,latency,7.68882,55.36234,34.0,1,edge_0,cloud_0,0
5,normal,-1,0.0,,,-1,-1,1,1,reliability,9.37752,81.08534,55.5,2,edge_4,cloud_0,0
5,normal,-1,0.0,,,-1,-1,2,2,cost,11.04683,105.50226,73.0,3,edge_3,cloud_0,0
5,normal,-1,0.0,,,-1,-1,3,3,latency,13.13309,66.67483,38.5,4,edge_4,cloud_0,0
5,normal,-1,0.0,,,-1,-1,4,4,reliability,14.97351,86.03006,60.0,5,edge_0,cloud_0,0
5,normal,-1,0.0,,,-1,-1,5,5,cost,16.63047,97.69409,70.0,1,edge_4,cloud_0,0
5,normal,-1,0.0,,,-1,-1,6,6,latency,18.91289,65.1842,35.5,2,edge_3,cloud_0,0
5,normal,-1,0.0,,,-1,-1,7,7,reliability,20.90352,89.3716,57.0,3,edge_4,cloud_0,0
6,normal,-1,0.0,,,-1,-1,0,0,latency,7.29098,57.44657,34.0,1,edge_0,cloud_0,0
6,normal,-1,0.0,,,-1,-1,1,1,reliability,9.32619,79.31151,55.5,2,edge_4,cloud_0,0
6,normal,-1,0.0,,,-1,-1,2,2,cost,11.15398,106.43979,73.0,3,edge_3,cloud_0,0
6,normal,-1,0.0,,,-1,-1,3,3,latency,13.58204,67.81529,38.5,4,edge_4,cloud_0,0
6,normal,-1,0.0,,,-1,-1,4,4,reliability,15.60241,84.78071,60.0,5,edge_0,cloud_0,0
6,normal,-1,0.0,,,-1,-1,5,5,cost,17.60464,99.94889,70.0,1,edge_4,cloud_0,0
6,normal,-1,0.0,,,-1,-1,6,6,latency,19.3118,66.91879,35.5,2,edge_3,cloud_0,0
6,normal,-1,0.0,,,-1,-1,7,7,reliability,21.67177,88.09418,57.0,3,edge_4,cloud_0,0
7,normal,-1,0.0,,,-1,-1,0,0,latency,7.72547,54.36459,34.0,1,edge_0,cloud_0,0
7,normal,-1,0.0,,,-1,-1,1,1,reliability,9.06412,79.06437,55.5,2,edge_4,cloud_0,0
7,normal,-1,0.0,,,-1,-1,2,2,cost,11.88869,104.45531,73.0,3,edge_3,cloud_0,0
7,normal,-1,0.0,,,-1,-1,3,3,latency,13.3856,64.81999,38.5,4,edge_4,cloud_0,0
7,normal,-1,0.0,,,-1,-1,4,4,reliability,15.38677,85.44806,60.0,5,edge_0,cloud_0,0
7,normal,-1,0.0,,,-1,-1,5,5,cost,17.30268,97.97609,70.0,1,edge_4,cloud_0,0
7,normal,-1,0.0,,,-1,-1,6,6,latency,19.52596,64.60104,35.5,2,edge_3,cloud_0,0
7,normal,-1,0.0,,,-1,-1,7,7,reliability,21.72326,86.72651,57.0,3,edge_4,cloud_0,0
8,normal,-1,0.0,,,-1,-1,0,0,latency,7.65156,54.55715,34.0,1,edge_0,cloud_0,0
8,normal,-1,0.0,,,-1,-1,1,1,reliability,9.60983,82.53108,55.5,2,edge_4,cloud_0,0
8,normal,-1,0.0,,,-1,-1,2,2,cost,11.22616,107.7957,73.0,3,edge_3,cloud_0,0
8,normal,-1,0.0,,,-1,-1,3,3,latency,13.10837,64.32143,38.5,4,edge_4,cloud_0,0
8,normal,-1,0.0,,,-1,-1,4,4,reliability,15.45634,85.5169,60.0,5,edge_0,cloud_0,0
8,normal,-1,0.0,,,-1,-1,5,5,cost,17.28247,98.87957,70.0,1,edge_4,cloud_0,0
8,normal,-1,0.0,,,-1,-1,6,6,latency,19.30274,67.25333,35.5,2,edge_3,cloud_0,0
8,normal,-1,0.0,,,-1,-1,7,7,reliability,21.21044,88.12203,57.0,3,edge_4,cloud_0,0
9,normal,-1,0.0,,,-1,-1,0,0,latency,7.46,54.37281,34.0,1,edge_0,cloud_0,0
9,normal,-1,0.0,,,-1,-1,1,1,reliability,8.69665,82.19654,55.5,2,edge_4,cloud_0,0
9,normal,-1,0.0,,,-1,-1,2,2,cost,11.04606,108.36632,73.0,3,edge_3,cloud_0,0
9,normal,-1,0.0,,,-1,-1,3,3,latency,13.3875,65.79263,38.5,4,edge_4,cloud_0,0
9,normal,-1,0.0,,,-1,-1,4,4,reliability,14.60939,85.03502,60.0,5,edge_0,cloud_0,0
9,normal,-1,0.0,,,-1,-1,5,5,cost,16.94263,95.89644,70.0,1,edge_4,cloud_0,0
9,normal,-1,0.0,,,-1,-1,6,6,latency,18.70609,64.55996,35.5,2,edge_3,cloud_0,0
9,normal,-1,0.0,,,-1,-1,7,7,reliability,20.34188,87.15129,57.0,3,edge_4,cloud_0,0
10,normal,-1,0.0,,,-1,-1,0,0,latency,7.11223,52.56097,34.0,1,edge_0,cloud_0,0
10,normal,-1,0.0,,,-1,-1,1,1,reliability,9.10385,80.25824,55.5,2,edge_4,cloud_0,0
10,normal,-1,0.0,,,-1,-1,2,2,cost,10.71863,106.8788,73.0,3,edge_3,cloud_0,0
10,normal,-1,0.0,,,-1,-1,3,3,latency,13.04642,64.37014,38.5,4,edge_4,cloud_0,0
10,normal,-1,0.0,,,-1,-1,4,4,reliability,13.91983,82.94466,60.0,5,edge_0,cloud_0,0
10,normal,-1,0.0,,,-1,-1,5,5,cost,16.30252,96.94168,70.0,1,edge_4,cloud_0,0
10,normal,-1,0.0,,,-1,-1,6,6,latency,17.95,65.6838,35.5,2,edge_3,cloud_0,0
10,normal,-1,0.0,,,-1,-1,7,7,reliability,19.95556,88.35409,57.0,3,edge_4,cloud_0,0
11,normal,-1,0.0,,,-1,-1,0,0,latency,7.10821,54.49531,34.0,1,edge_0,cloud_0,0
11,normal,-1,0.0,,,-1,-1,1,1,reliability,8.86892,83.04286,55.5,2,edge_4,cloud_0,0
11,normal,-1,0.0,,,-1,-1,2,2,cost,10.70387,105.7649,73.0,3,edge_3,cloud_0,0
11,normal,-1,0.0,,,-1,-1,3,3,latency,12.63191,64.6236,38.5,4,edge_4,cloud_0,0
11,normal,-1,0.0,,,-1,-1,4,4,reliability,13.89355,84.31492,60.0,5,edge_0,cloud_0,0
11,normal,-1,0.0,,,-1,-1,5,5,cost,16.55989,101.69862,70.0,1,edge_4,cloud_0,0
11,normal,-1,0.0,,,-1,-1,6,6,latency,17.92056,63.60424,35.5,2,edge_3,cloud_0,0
11,normal,-1,0.0,,,-1,-1,7,7,reliability,20.24223,85.71857,57.0,3,edge_4,cloud_0,0
12,normal,-1,0.0,,,-1,-1,0,0,latency,6.78422,53.84884,34.0,1,edge_0,cloud_0,0
12,normal,-1,0.0,,,-1,-1,1,1,reliability,8.45835,77.64396,55.5,2,edge_4,cloud_0,0
12,link_congestion,14,0.2708,edge_2,edge_1-edge_2,2,1,2,2,cost,13.42272,105.39963,73.0,3,edge_3,cloud_0,0
12,normal,-1,0.0,,,-1,-1,3,3,latency,12.09398,62.98027,38.5,4,edge_4,cloud_0,0
12,normal,-1,0.0,,,-1,-1,4,4,reliability,13.63772,81.97271,60.0,5,edge_0,cloud_0,0
12,normal,-1,0.0,,,-1,-1,5,5,cost,15.69727,99.08789,70.0,1,edge_4,cloud_0,0
12,link_congestion,14,0.2708,edge_2,edge_1-edge_2,2,1,6,6,latency,21.15895,67.91071,35.5,2,edge_3,cloud_0,0
12,normal,-1,0.0,,,-1,-1,7,7,reliability,19.02096,86.69236,57.0,3,edge_4,cloud_0,0
13,normal,-1,0.0,,,-1,-1,0,0,latency,7.02755,55.84244,34.0,1,edge_0,cloud_0,0
13,normal,-1,0.0,,,-1,-1,1,1,reliability,8.67516,78.94831,55.5,2,edge_4,cloud_0,0
13,link_congestion,14,0.2708,edge_2,edge_1-edge_2,2,1,2,2,cost,14.36978,113.20416,73.0,3,edge_3,cloud_0,0
13,normal,-1,0.0,,,-1,-1,3,3,latency,11.95786,65.66835,38.5,4,edge_4,cloud_0,0
13,normal,-1,0.0,,,-1,-1,4,4,reliability,13.20177,80.96448,60.0,5,edge_0,cloud_0,0
13,normal,-1,0.0,,,-1,-1,5,5,cost,15.07606,98.46466,70.0,1,edge_4,cloud_0,0
13,link_congestion,14,0.2708,edge_2,edge_1-edge_2,2,1,6,6,latency,23.83675,71.95063,35.5,2,edge_3,cloud_0,0
13,normal,-1,0.0,,,-1,-1,7,7,reliability,17.93316,86.64808,57.0,3,edge_4,cloud_0,0
14,normal,-1,0.0,,,-1,-1,0,0,latency,6.26366,50.36549,34.0,1,edge_0,cloud_0,0
14,normal,-1,0.0,,,-1,-1,1,1,reliability,8.39549,81.86991,55.5,2,edge_4,cloud_0,0
14,link_congestion,14,0.2708,edge_2,edge_1-edge_2,2,1,2,2,cost,14.54758,112.83,73.0,3,edge_3,cloud_0,0
14,mixed,20,0.25824,edge_4,edge_4-edge_0,2,1,3,3,latency,20.45071,74.43766,38.5,4,edge_4,cloud_0,0
14,normal,-1,0.0,,,-1,-1,4,4,reliability,13.61116,83.52345,60.0,5,edge_0,cloud_0,0
14,normal,-1,0.0,,,-1,-1,5,5,cost,14.54724,100.0392,70.0,1,edge_4,cloud_0,0
14,link_congestion,14,0.2708,edge_2,edge_1-edge_2,2,1,6,6,latency,23.91261,72.36135,35.5,2,edge_3,cloud_0,0
14,mixed,20,0.25824,edge_4,edge_4-edge_0,2,1,7,7,reliability,31.35091,99.52652,57.0,3,edge_4,cloud_0,0
15,normal,-1,0.0,,,-1,-1,0,0,latency,6.5722,53.0358,34.0,1,edge_0,cloud_0,0
15,normal,-1,0.0,,,-1,-1,1,1,reliability,7.36141,87.31275,55.5,2,edge_4,cloud_0,0
15,link_congestion,14,0.2708,edge_2,edge_1-edge_2,2,1,2,2,cost,15.33871,120.70274,73.0,3,edge_3,cloud_0,0
15,mixed,20,0.25824,edge_4,edge_4-edge_0,2,1,3,3,latency,25.11364,80.59174,38.5,4,edge_4,cloud_0,0
15,normal,-1,0.0,,,-1,-1,4,4,reliability,13.00244,83.90622,60.0,5,edge_0,cloud_0,0
15,normal,-1,0.0,,,-1,-1,5,5,cost,14.10768,103.84397,70.0,1,edge_4,cloud_0,0
15,link_congestion,14,0.2708,edge_2,edge_1-edge_2,2,1,6,6,latency,24.18779,71.16529,35.5,2,edge_3,cloud_0,0
15,mixed,20,0.25824,edge_4,edge_4-edge_0,2,1,7,7,reliability,39.05026,104.56161,57.0,3,edge_4,cloud_0,0
16,normal,-1,0.0,,,-1,-1,0,0,latency,5.98943,53.59405,34.0,1,edge_0,cloud_0,0
16,mixed,26,0.39268,edge_4,edge_3-edge_4,4,3,1,1,reliability,13.76287,95.83358,55.5,2,edge_4,cloud_0,0
16,link_congestion,14,0.2708,edge_2,edge_1-edge_2,2,1,2,2,cost,14.20479,119.12099,73.0,3,edge_3,cloud_0,0
16,mixed,20,0.25824,edge_4,edge_4-edge_0,2,1,3,3,latency,30.37871,84.1409,38.5,4,edge_4,cloud_0,0
16,normal,-1,0.0,,,-1,-1,4,4,reliability,12.76117,82.5837,60.0,5,edge_0,cloud_0,0
16,normal,-1,0.0,,,-1,-1,5,5,cost,14.75011,106.22727,70.0,1,edge_4,cloud_0,0
16,link_congestion,14,0.2708,edge_2,edge_1-edge_2,2,1,6,6,latency,22.83474,70.24959,35.5,2,edge_3,cloud_0,0
16,mixed,20,0.25824,edge_4,edge_4-edge_0,2,1,7,7,reliability,46.80238,109.04224,57.0,3,edge_4,cloud_0,0
17,burst,2,0.27767,edge_0,edge_0-edge_1,3,2,0,0,latency,9.08661,75.37594,34.0,1,edge_4,cloud_0,0
17,mixed,26,0.39268,edge_4,edge_3-edge_4,4,3,1,1,reliability,17.95372,85.42892,55.5,2,edge_0,cloud_0,0
17,link_congestion,14,0.2708,edge_2,edge_1-edge_2,2,1,2,2,cost,13.07206,108.0583,73.0,3,edge_4,cloud_0,0
17,mixed,20,0.25824,edge_4,edge_4-edge_0,2,1,3,3,latency,32.06121,79.95239,38.5,4,edge_3,cloud_0,0
17,normal,-1,0.0,,,-1,-1,4,4,reliability,12.34224,98.22281,60.0,5,edge_4,cloud_0,0
17,normal,-1,0.0,,,-1,-1,5,5,cost,13.81817,92.54517,70.0,1,edge_0,cloud_0,0
17,burst,2,0.27767,edge_0,edge_0-edge_1,3,2,6,6,latency,21.96198,91.84494,35.5,2,edge_4,cloud_0,0
17,mixed,20,0.25824,edge_4,edge_4-edge_0,2,1,7,7,reliability,48.00389,107.43469,57.0,3,edge_3,cloud_0,0
18,burst,2,0.27767,edge_0,edge_0-edge_1,3,2,0,0,latency,9.22134,74.8779,34.0,1,edge_4,cloud_0,0
18,mixed,26,0.39268,edge_4,edge_3-edge_4,4,3,1,1,reliability,20.77561,87.92109,55.5,2,edge_0,cloud_0,0
18,link_congestion,14,0.2708,edge_2,edge_1-edge_2,2,1,2,2,cost,12.03331,113.87661,73.0,3,edge_4,cloud_0,0
18,mixed,20,0.25824,edge_4,edge_4-edge_0,2,1,3,3,latency,28.36629,78.29308,38.5,4,edge_3,cloud_0,0
18,normal,-1,0.0,,,-1,-1,4,4,reliability,12.93731,102.06504,60.0,5,edge_4,cloud_0,0
18,normal,-1,0.0,,,-1,-1,5,5,cost,13.7655,94.94104,70.0,1,edge_0,cloud_0,0
18,burst,2,0.27767,edge_0,edge_0-edge_1,3,2,6,6,latency,22.8222,90.63468,35.5,2,edge_4,cloud_0,0
18,mixed,20,0.25824,edge_4,edge_4-edge_0,2,1,7,7,reliability,42.06706,104.91547,57.0,3,edge_3,cloud_0,0
19,burst,2,0.27767,edge_0,edge_0-edge_1,3,2,0,0,latency,10.74276,79.87609,34.0,1,edge_4,cloud_0,0
19,mixed,26,0.39268,edge_4,edge_3-edge_4,4,3,1,1,reliability,22.707,86.98386,55.5,2,edge_0,cloud_0,0
19,link_congestion,14,0.2708,edge_2,edge_1-edge_2,2,1,2,2,cost,10.60431,119.3326,73.0,3,edge_4,cloud_0,0
19,mixed,20,0.25824,edge_4,edge_4-edge_0,2,1,3,3,latency,27.90772,73.12377,38.5,4,edge_3,cloud_0,0
19,normal,-1,0.0,,,-1,-1,4,4,reliability,12.73467,104.49015,60.0,5,edge_4,cloud_0,0
19,normal,-1,0.0,,,-1,-1,5,5,cost,14.01981,93.24434,70.0,1,edge_0,cloud_0,0
19,burst,2,0.27767,edge_0,edge_0-edge_1,3,2,6,6,latency,25.23946,99.1063,35.5,2,edge_4,cloud_0,0
19,mixed,20,0.25824,edge_4,edge_4-edge_0,2,1,7,7,reliability,43.83322,97.4789,57.0,3,edge_3,cloud_0,0
20,burst,2,0.27767,edge_0,edge_0-edge_1,3,2,0,0,latency,11.92482,78.06692,34.0,1,edge_4,cloud_0,0
20,mixed,26,0.39268,edge_4,edge_3-edge_4,4,3,1,1,reliability,21.91154,88.48632,55.5,2,edge_0,cloud_0,0
20,link_congestion,14,0.2708,edge_2,edge_1-edge_2,2,1,2,2,cost,11.04867,121.39224,73.0,3,edge_4,cloud_0,0
20,mixed,20,0.25824,edge_4,edge_4-edge_0,2,1,3,3,latency,26.36838,76.06348,38.5,4,edge_3,cloud_0,0
20,node_overload,6,0.30405,edge_4,edge_4-edge_0,4,3,4,4,reliability,16.83997,105.33752,60.0,5,edge_4,cloud_0,0
20,normal,-1,0.0,,,-1,-1,5,5,cost,14.68808,97.25747,70.0,1,edge_0,cloud_0,0
20,burst,2,0.27767,edge_0,edge_0-edge_1,3,2,6,6,latency,29.66539,101.14343,35.5,2,edge_4,cloud_0,0
20,mixed,20,0.25824,edge_4,edge_4-edge_0,2,1,7,7,reliability,40.87631,97.66407,57.0,3,edge_3,cloud_0,0
21,burst,2,0.27767,edge_0,edge_0-edge_1,3,2,0,0,latency,14.57713,79.79702,34.0,1,edge_4,cloud_0,0
21,mixed,26,0.39268,edge_4,edge_3-edge_4,4,3,1,1,reliability,18.97673,85.56262,55.5,2,edge_0,cloud_0,0
21,link_congestion,14,0.2708,edge_2,edge_1-edge_2,2,1,2,2,cost,11.50191,115.91036,73.0,3,edge_4,cloud_0,0
21,mixed,20,0.25824,edge_4,edge_4-edge_0,2,1,3,3,latency,26.92645,75.27598,38.5,4,edge_3,cloud_0,0
21,node_overload,6,0.30405,edge_4,edge_4-edge_0,4,3,4,4,reliability,17.46039,104.22532,60.0,5,edge_4,cloud_0,0
21,normal,-1,0.0,,,-1,-1,5,5,cost,14.68029,93.73825,70.0,1,edge_0,cloud_0,0
21,burst,2,0.27767,edge_0,edge_0-edge_1,3,2,6,6,latency,34.76218,100.22419,35.5,2,edge_4,cloud_0,0
21,mixed,20,0.25824,edge_4,edge_4-edge_0,2,1,7,7,reliability,40.02215,98.12697,57.0,3,edge_3,cloud_0,0
22,burst,2,0.27767,edge_0,edge_0-edge_1,3,2,0,0,latency,16.9215,79.10079,34.0,1,edge_4,cloud_0,0
22,mixed,26,0.39268,edge_4,edge_3-edge_4,4,3,1,1,reliability,20.50512,85.76137,55.5,2,edge_0,cloud_0,0
22,link_congestion,14,0.2708,edge_2,edge_1-edge_2,2,1,2,2,cost,12.04261,115.61608,73.0,3,edge_4,cloud_0,0
22,mixed,20,0.25824,edge_4,edge_4-edge_0,2,1,3,3,latency,26.57683,77.40813,38.5,4,edge_3,cloud_0,0
22,node_overload,6,0.30405,edge_4,edge_4-edge_0,4,3,4,4,reliability,18.18601,103.7491,60.0,5,edge_4,cloud_0,0
22,normal,-1,0.0,,,-1,-1,5,5,cost,14.74937,90.76529,70.0,1,edge_0,cloud_0,0
22,burst,2,0.27767,edge_0,edge_0-edge_1,3,2,6,6,latency,40.12299,100.63748,35.5,2,edge_4,cloud_0,0
22,mixed,20,0.25824,edge_4,edge_4-edge_0,2,1,7,7,reliability,40.30108,102.1043,57.0,3,edge_3,cloud_0,0
23,burst,2,0.27767,edge_0,edge_0-edge_1,3,2,0,0,latency,17.09161,78.38833,34.0,1,edge_4,cloud_0,0
23,mixed,26,0.39268,edge_4,edge_3-edge_4,4,3,1,1,reliability,20.41384,82.53759,55.5,2,edge_0,cloud_0,0
23,mixed,19,0.36038,edge_1,access_0-edge_1,1,0,2,2,cost,23.78002,125.4902,73.0,3,edge_4,cloud_0,0
23,mixed,20,0.25824,edge_4,edge_4-edge_0,2,1,3,3,latency,23.63678,77.27832,38.5,4,edge_3,cloud_0,0
23,node_overload,6,0.30405,edge_4,edge_4-edge_0,4,3,4,4,reliability,17.96264,104.47215,60.0,5,edge_4,cloud_0,0
23,normal,-1,0.0,,,-1,-1,5,5,cost,14.6338,93.70939,70.0,1,edge_0,cloud_0,0
23,burst,2,0.27767,edge_0,edge_0-edge_1,3,2,6,6,latency,41.44882,101.98795,35.5,2,edge_4,cloud_0,0
23,mixed,20,0.25824,edge_4,edge_4-edge_0,2,1,7,7,reliability,34.42825,93.20352,57.0,3,edge_3,cloud_0,0
24,burst,2,0.27767,edge_0,edge_0-edge_1,3,2,0,0,latency,18.2677,82.97401,34.0,1,edge_4,cloud_0,0
24,mixed,26,0.39268,edge_4,edge_3-edge_4,4,3,1,1,reliability,18.24415,85.16155,55.5,2,edge_0,cloud_0,0
24,mixed,19,0.36038,edge_1,access_0-edge_1,1,0,2,2,cost,20.32403,122.88814,73.0,3,edge_4,cloud_0,0
24,normal,-1,0.0,,,-1,-1,3,3,latency,10.70096,61.87176,38.5,4,edge_3,cloud_0,0
24,node_overload,6,0.30405,edge_4,edge_4-edge_0,4,3,4,4,reliability,18.59038,104.47573,60.0,5,edge_4,cloud_0,0
24,normal,-1,0.0,,,-1,-1,5,5,cost,13.85486,94.11681,70.0,1,edge_0,cloud_0,0
24,burst,2,0.27767,edge_0,edge_0-edge_1,3,2,6,6,latency,41.59371,98.05201,35.5,2,edge_4,cloud_0,0
24,normal,-1,0.0,,,-1,-1,7,7,reliability,16.802,85.6757,57.0,3,edge_3,cloud_0,0
25,burst,1,0.29598,edge_4,edge_4-edge_0,2,1,0,0,latency,8.23928,77.63234,34.0,1,edge_4,cloud_0,0
25,mixed,26,0.39268,edge_4,edge_3-edge_4,4,3,1,1,reliability,19.84329,82.70313,55.5,2,edge_0,cloud_0,0
25,mixed,19,0.36038,edge_1,access_0-edge_1,1,0,2,2,cost,22.75435,123.23343,73.0,3,edge_4,cloud_0,0
25,normal,-1,0.0,,,-1,-1,3,3,latency,11.7224,64.23078,38.5,4,edge_3,cloud_0,0
25,burst,1,0.29598,edge_4,edge_4-edge_0,2,1,4,4,reliability,15.86787,105.15034,60.0,5,edge_4,cloud_0,0
25,normal,-1,0.0,,,-1,-1,5,5,cost,14.53208,93.72621,70.0,1,edge_0,cloud_0,0
25,burst,2,0.27767,edge_0,edge_0-edge_1,3,2,6,6,latency,36.1453,100.0579,35.5,2,edge_4,cloud_0,0
25,normal,-1,0.0,,,-1,-1,7,7,reliability,17.56792,84.88436,57.0,3,edge_3,cloud_0,0
26,burst,1,0.29598,edge_4,edge_4-edge_0,2,1,0,0,latency,9.30625,78.11837,34.0,1,edge_4,cloud_0,0
26,mixed,26,0.39268,edge_4,edge_3-edge_4,4,3,1,1,reliability,19.46202,83.12324,55.5,2,edge_0,cloud_0,0
26,mixed,19,0.36038,edge_1,access_0-edge_1,1,0,2,2,cost,21.48866,123.01095,73.0,3,edge_4,cloud_0,0
26,normal,-1,0.0,,,-1,-1,3,3,latency,11.83818,63.8095,38.5,4,edge_3,cloud_0,0
26,burst,1,0.29598,edge_4,edge_4-edge_0,2,1,4,4,reliability,17.64396,104.73843,60.0,5,edge_4,cloud_0,0
26,normal,-1,0.0,,,-1,-1,5,5,cost,14.24795,95.45178,70.0,1,edge_0,cloud_0,0
26,burst,2,0.27767,edge_0,edge_0-edge_1,3,2,6,6,latency,30.13172,96.88493,35.5,2,edge_4,cloud_0,0
26,normal,-1,0.0,,,-1,-1,7,7,reliability,17.56878,87.066,57.0,3,edge_3,cloud_0,0
27,burst,1,0.29598,edge_4,edge_4-edge_0,2,1,0,0,latency,10.16545,73.24532,34.0,1,edge_4,cloud_0,0
27,mixed,26,0.39268,edge_4,edge_3-edge_4,4,3,1,1,reliability,16.39772,83.17303,55.5,2,edge_0,cloud_0,0
27,mixed,19,0.36038,edge_1,access_0-edge_1,1,0,2,2,cost,20.07907,119.87609,73.0,3,edge_4,cloud_0,0
27,normal,-1,0.0,,,-1,-1,3,3,latency,11.89533,64.95748,38.5,4,edge_3,cloud_0,0
27,burst,1,0.29598,edge_4,edge_4-edge_0,2,1,4,4,reliability,18.97763,103.22778,60.0,5,edge_4,cloud_0,0
27,normal,-1,0.0,,,-1,-1,5,5,cost,14.53549,93.59987,70.0,1,edge_0,cloud_0,0
27,burst,2,0.27767,edge_0,edge_0-edge_1,3,2,6,6,latency,24.05242,87.54354,35.5,2,edge_4,cloud_0,0
27,normal,-1,0.0,,,-1,-1,7,7,reliability,17.47604,87.18292,57.0,3,edge_3,cloud_0,0
28,burst,1,0.29598,edge_4,edge_4-edge_0,2,1,0,0,latency,11.42041,71.74663,34.0,1,edge_4,cloud_0,0
28,normal,-1,0.0,,,-1,-1,1,1,reliability,8.45886,80.30203,55.5,2,edge_0,cloud_0,0
28,node_overload,8,0.27734,edge_4,edge_4-edge_0,2,1,2,2,cost,11.64339,112.01804,73.0,3,edge_4,cloud_0,0
28,link_congestion,17,0.39554,edge_3,access_1-edge_3,1,0,3,3,latency,14.23088,69.27501,38.5,4,edge_3,cloud_0,0
28,burst,1,0.29598,edge_4,edge_4-edge_0,2,1,4,4,reliability,21.89187,106.4565,60.0,5,edge_4,cloud_0,0
28,normal,-1,0.0,,,-1,-1,5,5,cost,15.01445,97.53112,70.0,1,edge_0,cloud_0,0
28,burst,2,0.27767,edge_0,edge_0-edge_1,3,2,6,6,latency,20.2913,89.66101,35.5,2,edge_4,cloud_0,0
28,normal,-1,0.0,,,-1,-1,7,7,reliability,17.88475,87.66276,57.0,3,edge_3,cloud_0,0
29,burst,1,0.29598,edge_4,edge_4-edge_0,2,1,0,0,latency,14.39557,78.32234,34.0,1,edge_4,cloud_0,0
29,normal,-1,0.0,,,-1,-1,1,1,reliability,8.308,77.66068,55.5,2,edge_0,cloud_0,0
29,node_overload,8,0.27734,edge_4,edge_4-edge_0,2,1,2,2,cost,12.08068,112.3662,73.0,3,edge_4,cloud_0,0
29,link_congestion,17,0.39554,edge_3,access_1-edge_3,1,0,3,3,latency,14.22767,63.1446,38.5,4,edge_3,cloud_0,0
29,burst,1,0.29598,edge_4,edge_4-edge_0,2,1,4,4,reliability,25.69333,109.32575,60.0,5,edge_4,cloud_0,0
29,normal,-1,0.0,,,-1,-1,5,5,cost,14.60555,97.91228,70.0,1,edge_0,cloud_0,0
29,burst,2,0.27767,edge_0,edge_0-edge_1,3,2,6,6,latency,18.67183,93.55905,35.5,2,edge_4,cloud_0,0
29,normal,-1,0.0,,,-1,-1,7,7,reliability,17.57316,87.89504,57.0,3,edge_3,cloud_0,0
30,burst,1,0.29598,edge_4,edge_4-edge_0,2,1,0,0,latency,15.14527,78.82506,34.0,1,edge_4,cloud_0,0
30,normal,-1,0.0,,,-1,-1,1,1,reliability,8.95516,75.96265,55.5,2,edge_0,cloud_0,0
30,node_overload,8,0.27734,edge_4,edge_4-edge_0,2,1,2,2,cost,13.46995,112.73593,73.0,3,edge_4,cloud_0,0
30,link_congestion,17,0.39554,edge_3,access_1-edge_3,1,0,3,3,latency,14.30724,78.52926,38.5,4,edge_3,cloud_0,0
30,burst,1,0.29598,edge_4,edge_4-edge_0,2,1,4,4,reliability,29.6139,108.7577,60.0,5,edge_4,cloud_0,0
30,normal,-1,0.0,,,-1,-1,5,5,cost,14.42171,92.17825,70.0,1,edge_0,cloud_0,0
30,burst,2,0.27767,edge_0,edge_0-edge_1,3,2,6,6,latency,19.06466,91.70914,35.5,2,edge_4,cloud_0,0
30,normal,-1,0.0,,,-1,-1,7,7,reliability,17.6067,97.19502,57.0,3,edge_3,cloud_0,0
31,burst,1,0.29598,edge_4,edge_4-edge_0,2,1,0,0,latency,16.62286,77.92913,34.0,1,edge_4,cloud_0,0
31,normal,-1,0.0,,,-1,-1,1,1,reliability,7.60155,75.92655,55.5,2,edge_0,cloud_0,0
31,node_overload,8,0.27734,edge_4,edge_4-edge_0,2,1,2,2,cost,13.01248,111.99757,73.0,3,edge_4,cloud_0,0
31,link_congestion,17,0.39554,edge_3,access_1-edge_3,1,0,3,3,latency,14.95477,75.29921,38.5,4,edge_3,cloud_0,0
31,burst,1,0.29598,edge_4,edge_4-edge_0,2,1,4,4,reliability,31.51753,109.44708,60.0,5,edge_4,cloud_0,0
31,normal,-1,0.0,,,-1,-1,5,5,cost,14.86522,94.94211,70.0,1,edge_0,cloud_0,0
31,node_overload,6,0.30405,edge_4,edge_4-edge_0,4,3,6,6,latency,16.65312,85.02239,35.5,2,edge_4,cloud_0,0
31,normal,-1,0.0,,,-1,-1,7,7,reliability,17.18206,97.67369,57.0,3,edge_3,cloud_0,0
32,burst,1,0.29598,edge_4,edge_4-edge_0,2,1,0,0,latency,16.24152,78.66531,34.0,1,edge_4,cloud_0,0
32,normal,-1,0.0,,,-1,-1,1,1,reliability,7.81772,77.27148,55.5,2,edge_0,cloud_0,0
32,node_overload,8,0.27734,edge_4,edge_4-edge_0,2,1,2,2,cost,12.34072,117.66391,73.0,3,edge_4,cloud_0,0
32,link_congestion,17,0.39554,edge_3,access_1-edge_3,1,0,3,3,latency,14.07533,81.92285,38.5,4,edge_3,cloud_0,0
32,burst,1,0.29598,edge_4,edge_4-edge_0,2,1,4,4,reliability,30.98156,108.11882,60.0,5,edge_4,cloud_0,0
32,normal,-1,0.0,,,-1,-1,5,5,cost,13.91259,96.70305,70.0,1,edge_0,cloud_0,0
32,node_overload,6,0.30405,edge_4,edge_4-edge_0,4,3,6,6,latency,17.81332,83.99358,35.5,2,edge_4,cloud_0,0
32,normal,-1,0.0,,,-1,-1,7,7,reliability,16.99806,99.01521,57.0,3,edge_3,cloud_0,0
33,burst,1,0.29598,edge_4,edge_4-edge_0,2,1,0,0,latency,13.76876,70.27679,34.0,1,edge_4,cloud_0,0
33,normal,-1,0.0,,,-1,-1,1,1,reliability,8.16247,76.05708,55.5,2,edge_0,cloud_0,0
33,node_overload,8,0.27734,edge_4,edge_4-edge_0,2,1,2,2,cost,10.93273,114.94412,73.0,3,edge_4,cloud_0,0
33,link_congestion,17,0.39554,edge_3,access_1-edge_3,1,0,3,3,latency,14.75993,79.88207,38.5,4,edge_3,cloud_0,0
33,burst,1,0.29598,edge_4,edge_4-edge_0,2,1,4,4,reliability,26.55711,100.3576,60.0,5,edge_4,cloud_0,0
33,normal,-1,0.0,,,-1,-1,5,5,cost,13.72713,94.76066,70.0,1,edge_0,cloud_0,0
33,link_congestion,11,0.28541,edge_0,edge_0-edge_1,3,2,6,6,latency,16.8156,79.19373,35.5,2,edge_4,cloud_0,0
33,normal,-1,0.0,,,-1,-1,7,7,reliability,16.23353,100.36993,57.0,3,edge_3,cloud_0,1
34,burst,1,0.29598,edge_4,edge_4-edge_0,2,1,0,0,latency,12.6229,82.82552,34.0,1,edge_3,cloud_0,0
34,normal,-1,0.0,,,-1,-1,1,1,reliability,6.99839,82.90836,55.5,2,edge_4,cloud_0,0
34,node_overload,8,0.27734,edge_4,edge_4-edge_0,2,1,2,2,cost,10.81276,96.43129,73.0,3,edge_0,cloud_0,0
34,link_congestion,17,0.39554,edge_3,access_1-edge_3,1,0,3,3,latency,12.77018,79.40866,38.5,4,edge_1,cloud_0,0
34,burst,1,0.29598,edge_4,edge_4-edge_0,2,1,4,4,reliability,21.81879,109.71708,60.0,5,edge_3,cloud_0,0
34,normal,-1,0.0,,,-1,-1,5,5,cost,13.43657,104.0506,70.0,1,edge_4,cloud_0,0
34,link_congestion,11,0.28541,edge_0,edge_0-edge_1,3,2,6,6,latency,17.26764,61.52176,35.5,2,edge_1,cloud_0,0
34,normal,-1,0.0,,,-1,-1,7,7,reliability,16.52057,97.32759,57.0,3,edge_1,cloud_0,0
35,burst,1,0.29598,edge_4,edge_4-edge_0,2,1,0,0,latency,9.51643,81.43338,34.0,1,edge_3,cloud_0,0
35,normal,-1,0.0,,,-1,-1,1,1,reliability,7.4498,84.07456,55.5,2,edge_4,cloud_0,0
35,node_overload,8,0.27734,edge_4,edge_4-edge_0,2,1,2,2,cost,11.42461,95.5836,73.0,3,edge_0,cloud_0,0
35,link_congestion,17,0.39554,edge_3,access_1-edge_3,1,0,3,3,latency,13.18651,78.76719,38.5,4,edge_1,cloud_0,0
35,burst,1,0.29598,edge_4,edge_4-edge_0,2,1,4,4,reliability,18.02398,110.16181,60.0,5,edge_3,cloud_0,0
35,normal,-1,0.0,,,-1,-1,5,5,cost,13.01289,100.50035,70.0,1,edge_4,cloud_0,0
35,link_congestion,11,0.28541,edge_0,edge_0-edge_1,3,2,6,6,latency,16.85937,66.1454,35.5,2,edge_1,cloud_0,0
35,normal,-1,0.0,,,-1,-1,7,7,reliability,15.13679,99.71635,57.0,3,edge_1,cloud_0,1
36,burst,1,0.29598,edge_4,edge_4-edge_0,2,1,0,0,latency,8.27093,76.47905,34.0,1,edge_3,cloud_0,0
36,normal,-1,0.0,,,-1,-1,1,1,reliability,6.67005,82.18699,55.5,2,edge_4,cloud_0,0
36,node_overload,8,0.27734,edge_4,edge_4-edge_0,2,1,2,2,cost,9.94063,95.74538,73.0,3,edge_0,cloud_0,0
36,link_congestion,17,0.39554,edge_3,access_1-edge_3,1,0,3,3,latency,11.75413,78.17232,38.5,4,edge_1,cloud_0,0
36,burst,1,0.29598,edge_4,edge_4-edge_0,2,1,4,4,reliability,15.7846,113.30477,60.0,5,edge_3,cloud_0,0
36,normal,-1,0.0,,,-1,-1,5,5,cost,12.65881,100.25862,70.0,1,edge_4,cloud_0,0
36,link_congestion,15,0.28459,edge_0,edge_0-edge_1,3,2,6,6,latency,19.36672,63.54679,35.5,2,edge_1,cloud_0,0
36,normal,-1,0.0,,,-1,-1,7,7,reliability,15.29535,96.07566,57.0,3,edge_1,cloud_0,0
37,burst,1,0.29598,edge_4,edge_4-edge_0,2,1,0,0,latency,6.87357,80.61511,34.0,1,edge_3,cloud_0,0
37,normal,-1,0.0,,,-1,-1,1,1,reliability,6.90553,80.98248,55.5,2,edge_4,cloud_0,0
37,node_overload,8,0.27734,edge_4,edge_4-edge_0,2,1,2,2,cost,8.2664,95.75739,73.0,3,edge_0,cloud_0,0
37,link_congestion,17,0.39554,edge_3,access_1-edge_3,1,0,3,3,latency,10.42864,71.45627,38.5,4,edge_1,cloud_0,0
37,burst,1,0.29598,edge_4,edge_4-edge_0,2,1,4,4,reliability,14.18625,106.78981,60.0,5,edge_3,cloud_0,0
37,normal,-1,0.0,,,-1,-1,5,5,cost,12.24681,98.56423,70.0,1,edge_4,cloud_0,0
37,link_congestion,15,0.28459,edge_0,edge_0-edge_1,3,2,6,6,latency,19.57777,66.31952,35.5,2,edge_1,cloud_0,0
37,normal,-1,0.0,,,-1,-1,7,7,reliability,14.4684,92.1857,57.0,3,edge_1,cloud_0,0
38,burst,1,0.29598,edge_4,edge_4-edge_0,2,1,0,0,latency,6.14603,80.02269,34.0,1,edge_3,cloud_0,0
38,normal,-1,0.0,,,-1,-1,1,1,reliability,7.41793,81.89056,55.5,2,edge_4,cloud_0,0
38,node_overload,8,0.27734,edge_4,edge_4-edge_0,2,1,2,2,cost,9.08505,94.34935,73.0,3,edge_0,cloud_0,0
38,link_congestion,17,0.39554,edge_3,access_1-edge_3,1,0,3,3,latency,11.00906,72.32134,38.5,4,edge_1,cloud_0,0
38,burst,1,0.29598,edge_4,edge_4-edge_0,2,1,4,4,reliability,14.08393,106.38772,60.0,5,edge_3,cloud_0,0
38,normal,-1,0.0,,,-1,-1,5,5,cost,11.47584,98.29421,70.0,1,edge_4,cloud_0,0
38,link_congestion,15,0.28459,edge_0,edge_0-edge_1,3,2,6,6,latency,18.69723,60.93657,35.5,2,edge_1,cloud_0,0
38,normal,-1,0.0,,,-1,-1,7,7,reliability,14.54102,93.34644,57.0,3,edge_1,cloud_0,0
39,link_congestion,15,0.28459,edge_0,edge_0-edge_1,3,2,0,0,latency,6.53405,71.51363,34.0,1,edge_3,cloud_0,0
39,normal,-1,0.0,,,-1,-1,1,1,reliability,6.54959,90.84168,55.5,2,edge_4,cloud_0,0
39,node_overload,8,0.27734,edge_4,edge_4-edge_0,2,1,2,2,cost,9.20474,92.76163,73.0,3,edge_0,cloud_0,0
39,link_congestion,17,0.39554,edge_3,access_1-edge_3,1,0,3,3,latency,11.45163,86.37901,38.5,4,edge_1,cloud_0,0
39,node_overload,8,0.27734,edge_4,edge_4-edge_0,2,1,4,4,reliability,12.18119,99.61539,60.0,5,edge_3,cloud_0,0
39,normal,-1,0.0,,,-1,-1,5,5,cost,11.8847,109.78645,70.0,1,edge_4,cloud_0,0
39,link_congestion,15,0.28459,edge_0,edge_0-edge_1,3,2,6,6,latency,17.60714,62.79994,35.5,2,edge_1,cloud_0,0
39,normal,-1,0.0,,,-1,-1,7,7,reliability,13.9198,102.82783,57.0,3,edge_1,cloud_0,0
40,link_congestion,15,0.28459,edge_0,edge_0-edge_1,3,2,0,0,latency,6.10779,73.29878,34.0,1,edge_3,cloud_0,0
40,normal,-1,0.0,,,-1,-1,1,1,reliability,6.16938,90.4087,55.5,2,edge_4,cloud_0,0
40,node_overload,8,0.27734,edge_4,edge_4-edge_0,2,1,2,2,cost,9.32308,95.81115,73.0,3,edge_0,cloud_0,0
40,node_overload,3,0.31768,edge_1,access_0-edge_1,1,0,3,3,latency,11.9538,84.35921,38.5,4,edge_1,cloud_0,0
40,node_overload,8,0.27734,edge_4,edge_4-edge_0,2,1,4,4,reliability,12.75492,103.24692,60.0,5,edge_3,cloud_0,0
40,normal,-1,0.0,,,-1,-1,5,5,cost,11.07018,106.23665,70.0,1,edge_4,cloud_0,0
40,node_overload,3,0.31768,edge_1,access_0-edge_1,1,0,6,6,latency,16.35979,73.75901,35.5,2,edge_1,cloud_0,0
40,normal,-1,0.0,,,-1,-1,7,7,reliability,13.3625,106.44969,57.0,3,edge_1,cloud_0,0
41,link_congestion,15,0.28459,edge_0,edge_0-edge_1,3,2,0,0,latency,6.61566,70.2119,34.0,1,edge_3,cloud_0,0
41,normal,-1,0.0,,,-1,-1,1,1,reliability,5.78366,90.98284,55.5,2,edge_4,cloud_0,0
41,node_overload,8,0.27734,edge_4,edge_4-edge_0,2,1,2,2,cost,9.69115,94.66421,73.0,3,edge_0,cloud_0,0
41,node_overload,3,0.31768,edge_1,access_0-edge_1,1,0,3,3,latency,12.85442,84.6304,38.5,4,edge_1,cloud_0,0
41,node_overload,8,0.27734,edge_4,edge_4-edge_0,2,1,4,4,reliability,12.72173,102.35715,60.0,5,edge_3,cloud_0,0
41,normal,-1,0.0,,,-1,-1,5,5,cost,11.17224,107.83497,70.0,1,edge_4,cloud_0,0
41,node_overload,3,0.31768,edge_1,access_0-edge_1,1,0,6,6,latency,18.24241,78.7974,35.5,2,edge_1,cloud_0,0
41,normal,-1,0.0,,,-1,-1,7,7,reliability,14.44252,107.22597,57.0,3,edge_1,cloud_0,0
42,link_congestion,15,0.28459,edge_0,edge_0-edge_1,3,2,0,0,latency,6.82937,75.07853,34.0,1,edge_3,cloud_0,0
42,normal,-1,0.0,,,-1,-1,1,1,reliability,5.92299,90.41255,55.5,2,edge_4,cloud_0,0
42,node_overload,8,0.27734,edge_4,edge_4-edge_0,2,1,2,2,cost,9.60666,95.10106,73.0,3,edge_0,cloud_0,0
42,node_overload,3,0.31768,edge_1,access_0-edge_1,1,0,3,3,latency,13.29045,87.82883,38.5,4,edge_1,cloud_0,0
42,node_overload,8,0.27734,edge_4,edge_4-edge_0,2,1,4,4,reliability,13.99735,104.80317,60.0,5,edge_3,cloud_0,0
42,normal,-1,0.0,,,-1,-1,5,5,cost,11.07352,108.26168,70.0,1,edge_4,cloud_0,0
42,node_overload,3,0.31768,edge_1,access_0-edge_1,1,0,6,6,latency,18.42882,77.7429,35.5,2,edge_1,cloud_0,0
42,mixed,25,0.28113,edge_0,edge_0-edge_1,3,2,7,7,reliability,24.70593,116.61108,57.0,3,edge_1,cloud_0,0
43,link_congestion,15,0.28459,edge_0,edge_0-edge_1,3,2,0,0,latency,5.7014,71.93752,34.0,1,edge_3,cloud_0,0
43,normal,-1,0.0,,,-1,-1,1,1,reliability,6.07929,79.15837,55.5,2,edge_4,cloud_0,0
43,mixed,27,0.43958,edge_3,access_1-edge_3,1,0,2,2,cost,16.74803,99.22574,73.0,3,edge_0,cloud_0,0
43,node_overload,3,0.31768,edge_1,access_0-edge_1,1,0,3,3,latency,13.33612,86.88745,38.5,4,edge_1,cloud_0,0
43,link_congestion,18,0.23559,edge_2,edge_2-edge_3,2,1,4,4,reliability,15.58363,101.87158,60.0,5,edge_3,cloud_0,0
43,normal,-1,0.0,,,-1,-1,5,5,cost,11.22257,96.30913,70.0,1,edge_4,cloud_0,0
43,node_overload,3,0.31768,edge_1,access_0-edge_1,1,0,6,6,latency,19.31736,82.4711,35.5,2,edge_1,cloud_0,0
43,mixed,25,0.28113,edge_0,edge_0-edge_1,3,2,7,7,reliability,32.10804,120.6355,57.0,3,edge_1,cloud_0,0
44,link_congestion,15,0.28459,edge_0,edge_0-edge_1,3,2,0,0,latency,6.28067,58.51099,34.0,1,edge_3,cloud_0,0
44,node_overload,7,0.27438,edge_0,access_0-edge_0,1,0,1,1,reliability,8.27838,77.14106,55.5,2,edge_4,cloud_0,0
44,normal,-1,0.0,,,-1,-1,2,2,cost,7.78864,94.87634,73.0,3,edge_0,cloud_0,0
44,node_overload,3,0.31768,edge_1,access_0-edge_1,1,0,3,3,latency,13.67012,90.2592,38.5,4,edge_1,cloud_0,0
44,link_congestion,18,0.23559,edge_2,edge_2-edge_3,2,1,4,4,reliability,14.84689,90.44698,60.0,5,edge_3,cloud_0,0
44,node_overload,7,0.27438,edge_0,access_0-edge_0,1,0,5,5,cost,15.82136,98.91364,70.0,1,edge_4,cloud_0,0
44,node_overload,3,0.31768,edge_1,access_0-edge_1,1,0,6,6,latency,19.05894,81.12553,35.5,2,edge_1,cloud_0,0
44,mixed,25,0.28113,edge_0,edge_0-edge_1,3,2,7,7,reliability,40.58115,124.11359,57.0,3,edge_1,cloud_0,0
45,link_congestion,15,0.28459,edge_0,edge_0-edge_1,3,2,0,0,latency,5.76801,62.18134,34.0,1,edge_3,cloud_0,0
45,node_overload,7,0.27438,edge_0,access_0-edge_0,1,0,1,1,reliability,8.25254,81.37968,55.5,2,edge_4,cloud_0,0
45,normal,-1,0.0,,,-1,-1,2,2,cost,7.70704,95.59608,73.0,3,edge_0,cloud_0,0
45,node_overload,3,0.31768,edge_1,access_0-edge_1,1,0,3,3,latency,12.5916,87.97091,38.5,4,edge_1,cloud_0,0
45,link_congestion,18,0.23559,edge_2,edge_2-edge_3,2,1,4,4,reliability,13.44219,86.41822,60.0,5,edge_3,cloud_0,0
45,node_overload,7,0.27438,edge_0,access_0-edge_0,1,0,5,5,cost,17.0628,96.16088,70.0,1,edge_4,cloud_0,0
45,node_overload,3,0.31768,edge_1,access_0-edge_1,1,0,6,6,latency,18.47628,80.81622,35.5,2,edge_1,cloud_0,0
45,mixed,25,0.28113,edge_0,edge_0-edge_1,3,2,7,7,reliability,40.41402,123.2007,57.0,3,edge_1,cloud_0,1
46,link_congestion,15,0.28459,edge_0,edge_0-edge_1,3,2,0,0,latency,5.84753,58.64624,34.0,1,edge_3,cloud_0,0
46,node_overload,7,0.27438,edge_0,access_0-edge_0,1,0,1,1,reliability,9.63785,90.77112,55.5,2,edge_4,cloud_0,0
46,normal,-1,0.0,,,-1,-1,2,2,cost,8.19321,94.43045,73.0,3,edge_0,cloud_0,0
46,node_overload,3,0.31768,edge_1,access_0-edge_1,1,0,3,3,latency,12.14354,85.18654,38.5,4,edge_1,cloud_0,0
46,link_congestion,18,0.23559,edge_2,edge_2-edge_3,2,1,4,4,reliability,12.16963,87.95394,60.0,5,edge_3,cloud_0,0
46,node_overload,7,0.27438,edge_0,access_0-edge_0,1,0,5,5,cost,18.55706,106.92991,70.0,1,edge_4,cloud_0,0
46,node_overload,3,0.31768,edge_1,access_0-edge_1,1,0,6,6,latency,18.33098,77.37143,35.5,2,edge_1,cloud_0,0
46,mixed,22,0.39821,edge_4,edge_4-edge_0,4,3,7,7,reliability,26.32526,116.12829,57.0,3,edge_1,cloud_0,0
47,link_congestion,15,0.28459,edge_0,edge_0-edge_1,3,2,0,0,latency,6.55792,58.71967,34.0,1,edge_3,cloud_0,0
47,node_overload,7,0.27438,edge_0,access_0-edge_0,1,0,1,1,reliability,9.08631,95.22391,55.5,2,edge_4,cloud_0,0
47,normal,-1,0.0,,,-1,-1,2,2,cost,8.54535,97.31545,73.0,3,edge_0,cloud_0,0
47,node_overload,3,0.31768,edge_1,access_0-edge_1,1,0,3,3,latency,10.63515,87.61049,38.5,4,edge_1,cloud_0,0
47,link_congestion,18,0.23559,edge_2,edge_2-edge_3,2,1,4,4,reliability,12.83168,86.60342,60.0,5,edge_3,cloud_0,0
47,node_overload,7,0.27438,edge_0,access_0-edge_0,1,0,5,5,cost,16.36172,111.5938,70.0,1,edge_4,cloud_0,0
47,node_overload,3,0.31768,edge_1,access_0-edge_1,1,0,6,6,latency,15.95779,78.70546,35.5,2,edge_1,cloud_0,0
47,mixed,22,0.39821,edge_4,edge_4-edge_0,4,3,7,7,reliability,32.98912,121.36794,57.0,3,edge_1,cloud_0,0
48,link_congestion,18,0.23559,edge_2,edge_2-edge_3,2,1,0,0,latency,6.39235,61.8114,34.0,1,edge_3,cloud_0,0
48,node_overload,7,0.27438,edge_0,access_0-edge_0,1,0,1,1,reliability,7.80788,95.81054,55.5,2,edge_4,cloud_0,0
48,normal,-1,0.0,,,-1,-1,2,2,cost,9.09463,101.01234,73.0,3,edge_0,cloud_0,0
48,node_overload,3,0.31768,edge_1,access_0-edge_1,1,0,3,3,latency,10.4375,94.93575,38.5,4,edge_1,cloud_0,0
48,link_congestion,18,0.23559,edge_2,edge_2-edge_3,2,1,4,4,reliability,14.06129,89.36027,60.0,5,edge_3,cloud_0,0
48,node_overload,7,0.27438,edge_0,access_0-edge_0,1,0,5,5,cost,14.69436,112.81602,70.0,1,edge_4,cloud_0,0
48,node_overload,3,0.31768,edge_1,access_0-edge_1,1,0,6,6,latency,16.19652,80.04424,35.5,2,edge_1,cloud_0,0
48,mixed,22,0.39821,edge_4,edge_4-edge_0,4,3,7,7,reliability,39.09112,126.81237,57.0,3,edge_1,cloud_0,0
49,normal,-1,0.0,,,-1,-1,0,0,latency,5.54776,56.87721,34.0,1,edge_3,cloud_0,0
49,node_overload,7,0.27438,edge_0,access_0-edge_0,1,0,1,1,reliability,7.04547,98.24637,55.5,2,edge_4,cloud_0,0
49,normal,-1,0.0,,,-1,-1,2,2,cost,8.96319,104.44199,73.0,3,edge_0,cloud_0,0
49,burst,0,0.30723,edge_1,access_0-edge_1,1,0,3,3,latency,13.10313,97.61634,38.5,4,edge_1,cloud_0,0
49,normal,-1,0.0,,,-1,-1,4,4,reliability,12.14159,85.66948,60.0,5,edge_3,cloud_0,0
49,node_overload,7,0.27438,edge_0,access_0-edge_0,1,0,5,5,cost,14.81762,113.49769,70.0,1,edge_4,cloud_0,0
49,burst,0,0.30723,edge_1,access_0-edge_1,1,0,6,6,latency,19.28373,82.999,35.5,2,edge_1,cloud_0,0
49,link_congestion,16,0.3327,edge_4,edge_4-edge_0,4,3,7,7,reliability,21.28272,114.02773,57.0,3,edge_1,cloud_0,1
50,normal,-1,0.0,,,-1,-1,0,0,latency,6.02698,57.22789,34.0,1,edge_3,cloud_0,0
50,node_overload,7,0.27438,edge_0,access_0-edge_0,1,0,1,1,reliability,7.91879,97.97322,55.5,2,edge_4,cloud_0,0
50,normal,-1,0.0,,,-1,-1,2,2,cost,8.9599,105.89383,73.0,3,edge_0,cloud_0,0
50,burst,0,0.30723,edge_1,access_0-edge_1,1,0,3,3,latency,13.43605,96.21805,38.5,4,edge_1,cloud_0,0
50,normal,-1,0.0,,,-1,-1,4,4,reliability,12.06389,85.04858,60.0,5,edge_3,cloud_0,0
50,node_overload,7,0.27438,edge_0,access_0-edge_0,1,0,5,5,cost,15.07725,116.30773,70.0,1,edge_4,cloud_0,0
50,burst,0,0.30723,edge_1,access_0-edge_1,1,0,6,6,latency,20.65097,70.03451,35.5,2,edge_1,cloud_0,0
50,node_overload,4,0.26867,edge_1,edge_1-edge_2,2,1,7,7,reliability,20.29559,113.01307,57.0,3,edge_1,cloud_0,1
51,mixed,30,0.29011,edge_4,edge_4-edge_0,4,3,0,0,latency,8.41311,82.93867,34.0,1,edge_4,cloud_0,0
51,node_overload,7,0.27438,edge_0,access_0-edge_0,1,0,1,1,reliability,8.73537,83.18624,55.5,2,edge_3,cloud_0,0
51,normal,-1,0.0,,,-1,-1,2,2,cost,9.38341,116.5518,73.0,3,edge_4,cloud_0,0
51,burst,0,0.30723,edge_1,access_0-edge_1,1,0,3,3,latency,15.54272,72.54327,38.5,4,edge_1,cloud_0,0
51,mixed,30,0.29011,edge_4,edge_4-edge_0,4,3,4,4,reliability,19.10173,119.40779,60.0,5,edge_4,cloud_0,0
51,node_overload,7,0.27438,edge_0,access_0-edge_0,1,0,5,5,cost,16.41267,97.66645,70.0,1,edge_3,cloud_0,0
51,burst,0,0.30723,edge_1,access_0-edge_1,1,0,6,6,latency,22.97314,70.63843,35.5,2,edge_2,cloud_0,0
51,node_overload,4,0.26867,edge_1,edge_1-edge_2,2,1,7,7,reliability,22.32906,91.11418,57.0,3,edge_1,cloud_0,1
52,mixed,30,0.29011,edge_4,edge_4-edge_0,4,3,0,0,latency,11.24377,89.40157,34.0,1,edge_4,cloud_0,0
52,mixed,28,0.39243,edge_2,edge_2-edge_3,2,1,1,1,reliability,10.51884,96.80764,55.5,2,edge_3,cloud_0,0
52,normal,-1,0.0,,,-1,-1,2,2,cost,9.85934,115.40569,73.0,3,edge_4,cloud_0,0
52,burst,0,0.30723,edge_1,access_0-edge_1,1,0,3,3,latency,17.26671,83.67431,38.5,4,edge_1,cloud_0,0
52,mixed,30,0.29011,edge_4,edge_4-edge_0,4,3,4,4,reliability,26.55297,121.56983,60.0,5,edge_4,cloud_0,1
52,mixed,28,0.39243,edge_2,edge_2-edge_3,2,1,5,5,cost,21.27308,117.25813,70.0,1,edge_3,cloud_0,0
52,burst,0,0.30723,edge_1,access_0-edge_1,1,0,6,6,latency,26.35719,76.85221,35.5,2,edge_2,cloud_0,0
52,node_overload,4,0.26867,edge_1,edge_1-edge_2,2,1,7,7,reliability,23.60062,100.93322,57.0,3,edge_1,cloud_0,0
53,mixed,21,0.28507,edge_0,edge_0-edge_1,3,2,0,0,latency,9.84774,90.93033,34.0,1,edge_4,cloud_0,0
53,mixed,28,0.39243,edge_2,edge_2-edge_3,2,1,1,1,reliability,15.35429,103.22421,55.5,2,edge_3,cloud_0,0
53,normal,-1,0.0,,,-1,-1,2,2,cost,9.9562,113.96182,73.0,3,edge_4,cloud_0,0
53,burst,0,0.30723,edge_1,access_0-edge_1,1,0,3,3,latency,21.75341,86.58931,38.5,4,edge_1,cloud_0,0
53,mixed,21,0.28507,edge_0,edge_0-edge_1,3,2,4,4,reliability,18.8254,117.39732,60.0,5,edge_4,cloud_0,1
53,mixed,28,0.39243,edge_2,edge_2-edge_3,2,1,5,5,cost,29.80783,117.9587,70.0,1,edge_3,cloud_0,0
53,burst,0,0.30723,edge_1,access_0-edge_1,1,0,6,6,latency,31.54693,80.08897,35.5,2,edge_2,cloud_0,0
53,node_overload,4,0.26867,edge_1,edge_1-edge_2,2,1,7,7,reliability,23.52786,104.77393,57.0,3,edge_1,cloud_0,0
54,mixed,21,0.28507,edge_0,edge_0-edge_1,3,2,0,0,latency,11.0872,94.33931,34.0,1,edge_4,cloud_0,0
54,mixed,28,0.39243,edge_2,edge_2-edge_3,2,1,1,1,reliability,19.94431,105.88245,55.5,2,edge_3,cloud_0,0
54,normal,-1,0.0,,,-1,-1,2,2,cost,10.50182,114.138,73.0,3,edge_4,cloud_0,0
54,burst,0,0.30723,edge_1,access_0-edge_1,1,0,3,3,latency,24.23822,92.71703,38.5,4,edge_1,cloud_0,0
54,mixed,21,0.28507,edge_0,edge_0-edge_1,3,2,4,4,reliability,22.73561,121.91334,60.0,5,edge_4,cloud_0,1
54,mixed,28,0.39243,edge_2,edge_2-edge_3,2,1,5,5,cost,36.24549,128.6781,70.0,1,edge_3,cloud_0,0
54,burst,0,0.30723,edge_1,access_0-edge_1,1,0,6,6,latency,36.234,86.87571,35.5,2,edge_2,cloud_0,0
54,node_overload,4,0.26867,edge_1,edge_1-edge_2,2,1,7,7,reliability,22.08107,103.19344,57.0,3,edge_1,cloud_0,0
55,node_overload,5,0.3818,edge_0,edge_0-edge_1,3,2,0,0,latency,7.87231,87.82285,34.0,1,edge_4,cloud_0,0
55,mixed,28,0.39243,edge_2,edge_2-edge_3,2,1,1,1,reliability,17.28974,104.31529,55.5,2,edge_3,cloud_0,0
55,normal,-1,0.0,,,-1,-1,2,2,cost,10.09015,118.37447,73.0,3,edge_4,cloud_0,0
55,burst,0,0.30723,edge_1,access_0-edge_1,1,0,3,3,latency,26.84265,89.40451,38.5,4,edge_1,cloud_0,0
55,node_overload,5,0.3818,edge_0,edge_0-edge_1,3,2,4,4,reliability,15.51458,113.55943,60.0,5,edge_4,cloud_0,1
55,mixed,28,0.39243,edge_2,edge_2-edge_3,2,1,5,5,cost,33.84467,125.24062,70.0,1,edge_3,cloud_0,0
55,burst,0,0.30723,edge_1,access_0-edge_1,1,0,6,6,latency,42.53018,89.09023,35.5,2,edge_2,cloud_0,0
55,node_overload,4,0.26867,edge_1,edge_1-edge_2,2,1,7,7,reliability,19.5182,105.29523,57.0,3,edge_1,cloud_0,0
56,node_overload,5,0.3818,edge_0,edge_0-edge_1,3,2,0,0,latency,7.47247,86.22222,34.0,1,edge_4,cloud_0,0
56,mixed,28,0.39243,edge_2,edge_2-edge_3,2,1,1,1,reliability,18.21709,105.78184,55.5,2,edge_3,cloud_0,0
56,normal,-1,0.0,,,-1,-1,2,2,cost,9.86118,114.91781,73.0,3,edge_4,cloud_0,0
56,burst,0,0.30723,edge_1,access_0-edge_1,1,0,3,3,latency,27.98401,96.14069,38.5,4,edge_1,cloud_0,0
56,node_overload,5,0.3818,edge_0,edge_0-edge_1,3,2,4,4,reliability,17.3509,116.58209,60.0,5,edge_4,cloud_0,1
56,mixed,28,0.39243,edge_2,edge_2-edge_3,2,1,5,5,cost,35.11815,130.62189,70.0,1,edge_3,cloud_0,0
56,burst,0,0.30723,edge_1,access_0-edge_1,1,0,6,6,latency,42.68879,89.81406,35.5,2,edge_2,cloud_0,0
56,node_overload,4,0.26867,edge_1,edge_1-edge_2,2,1,7,7,reliability,18.84867,103.58442,57.0,3,edge_1,cloud_0,1
57,node_overload,5,0.3818,edge_0,edge_0-edge_1,3,2,0,0,latency,8.52359,85.50094,34.0,1,edge_4,cloud_0,0
57,mixed,28,0.39243,edge_2,edge_2-edge_3,2,1,1,1,reliability,16.02918,102.12967,55.5,2,edge_3,cloud_0,1
57,normal,-1,0.0,,,-1,-1,2,2,cost,10.37138,117.60103,73.0,3,edge_4,cloud_0,0
57,burst,0,0.30723,edge_1,access_0-edge_1,1,0,3,3,latency,27.82009,92.55133,38.5,4,edge_1,cloud_0,0
57,node_overload,5,0.3818,edge_0,edge_0-edge_1,3,2,4,4,reliability,17.12418,117.70675,60.0,5,edge_4,cloud_0,1
57,mixed,28,0.39243,edge_2,edge_2-edge_3,2,1,5,5,cost,30.38036,120.96759,70.0,1,edge_3,cloud_0,0
57,burst,0,0.30723,edge_1,access_0-edge_1,1,0,6,6,latency,40.83926,85.13082,35.5,2,edge_2,cloud_0,0
57,node_overload,4,0.26867,edge_1,edge_1-edge_2,2,1,7,7,reliability,19.79015,104.67851,57.0,3,edge_1,cloud_0,1
58,node_overload,5,0.3818,edge_0,edge_0-edge_1,3,2,0,0,latency,8.45618,89.63935,34.0,1,edge_4,cloud_0,0
58,mixed,28,0.39243,edge_2,edge_2-edge_3,2,1,1,1,reliability,18.42114,109.58418,55.5,2,edge_3,cloud_0,0
58,normal,-1,0.0,,,-1,-1,2,2,cost,9.79671,118.07929,73.0,3,edge_4,cloud_0,0
58,burst,0,0.30723,edge_1,access_0-edge_1,1,0,3,3,latency,24.41988,91.65592,38.5,4,edge_1,cloud_0,0
58,node_overload,5,0.3818,edge_0,edge_0-edge_1,3,2,4,4,reliability,18.37698,115.76118,60.0,5,edge_4,cloud_0,1
58,mixed,28,0.39243,edge_2,edge_2-edge_3,2,1,5,5,cost,35.45324,125.0038,70.0,1,edge_3,cloud_0,0
58,burst,0,0.30723,edge_1,access_0-edge_1,1,0,6,6,latency,35.66423,86.00887,35.5,2,edge_2,cloud_0,0
58,node_overload,4,0.26867,edge_1,edge_1-edge_2,2,1,7,7,reliability,22.64035,108.08263,57.0,3,edge_1,cloud_0,1
59,node_overload,5,0.3818,edge_0,edge_0-edge_1,3,2,0,0,latency,8.12224,86.55846,34.0,1,edge_4,cloud_0,0
59,mixed,28,0.39243,edge_2,edge_2-edge_3,2,1,1,1,reliability,16.21407,100.15235,55.5,2,edge_3,cloud_0,1
59,normal,-1,0.0,,,-1,-1,2,2,cost,10.03868,120.93494,73.0,3,edge_4,cloud_0,0
59,burst,0,0.30723,edge_1,access_0-edge_1,1,0,3,3,latency,21.06524,85.94429,38.5,4,edge_1,cloud_0,0
59,node_overload,5,0.3818,edge_0,edge_0-edge_1,3,2,4,4,reliability,16.29687,118.01297,60.0,5,edge_4,cloud_0,1
59,mixed,28,0.39243,edge_2,edge_2-edge_3,2,1,5,5,cost,30.00574,122.64648,70.0,1,edge_3,cloud_0,0
59,burst,0,0.30723,edge_1,access_0-edge_1,1,0,6,6,latency,30.53847,85.76977,35.5,2,edge_2,cloud_0,0
59,link_congestion,10,0.37062,edge_1,edge_1-edge_2,2,1,7,7,reliability,21.25156,102.78366,57.0,3,edge_1,cloud_0,0
60,node_overload,5,0.3818,edge_0,edge_0-edge_1,3,2,0,0,latency,7.69189,83.32426,34.0,1,edge_4,cloud_0,0
60,normal,-1,0.0,,,-1,-1,1,1,reliability,7.63747,78.6542,55.5,2,edge_3,cloud_0,0
60,normal,-1,0.0,,,-1,-1,2,2,cost,9.70598,118.2061,73.0,3,edge_4,cloud_0,0
60,burst,0,0.30723,edge_1,access_0-edge_1,1,0,3,3,latency,16.9595,74.05118,38.5,4,edge_1,cloud_0,0
60,node_overload,5,0.3818,edge_0,edge_0-edge_1,3,2,4,4,reliability,16.03646,116.07725,60.0,5,edge_4,cloud_0,1
60,normal,-1,0.0,,,-1,-1,5,5,cost,15.24236,97.06907,70.0,1,edge_3,cloud_0,0
60,burst,0,0.30723,edge_1,access_0-edge_1,1,0,6,6,latency,25.62513,64.91816,35.5,2,edge_2,cloud_0,0
60,link_congestion,10,0.37062,edge_1,edge_1-edge_2,2,1,7,7,reliability,20.70117,90.50633,57.0,3,edge_1,cloud_0,0
61,node_overload,5,0.3818,edge_0,edge_0-edge_1,3,2,0,0,latency,7.29062,84.5112,34.0,1,edge_4,cloud_0,0
61,normal,-1,0.0,,,-1,-1,1,1,reliability,7.99393,80.79211,55.5,2,edge_3,cloud_0,0
61,normal,-1,0.0,,,-1,-1,2,2,cost,9.4766,116.15955,73.0,3,edge_4,cloud_0,0
61,burst,0,0.30723,edge_1,access_0-edge_1,1,0,3,3,latency,15.49809,75.30571,38.5,4,edge_1,cloud_0,0
61,node_overload,5,0.3818,edge_0,edge_0-edge_1,3,2,4,4,reliability,15.29625,112.29728,60.0,5,edge_4,cloud_0,1
61,normal,-1,0.0,,,-1,-1,5,5,cost,14.82633,97.16023,70.0,1,edge_3,cloud_0,0
61,burst,0,0.30723,edge_1,access_0-edge_1,1,0,6,6,latency,22.08145,63.82775,35.5,2,edge_2,cloud_0,0
61,link_congestion,10,0.37062,edge_1,edge_1-edge_2,2,1,7,7,reliability,22.36748,96.95448,57.0,3,edge_1,cloud_0,1
62,node_overload,5,0.3818,edge_0,edge_0-edge_1,3,2,0,0,latency,6.46808,84.215,34.0,1,edge_4,cloud_0,0
62,normal,-1,0.0,,,-1,-1,1,1,reliability,7.62601,80.96485,55.5,2,edge_3,cloud_0,0
62,normal,-1,0.0,,,-1,-1,2,2,cost,8.77399,117.24445,73.0,3,edge_4,cloud_0,0
62,burst,0,0.30723,edge_1,access_0-edge_1,1,0,3,3,latency,15.89132,70.42749,38.5,4,edge_1,cloud_0,0
62,node_overload,5,0.3818,edge_0,edge_0-edge_1,3,2,4,4,reliability,13.54578,114.32112,60.0,5,edge_4,cloud_0,1
62,normal,-1,0.0,,,-1,-1,5,5,cost,14.13036,94.86651,70.0,1,edge_3,cloud_0,0
62,burst,0,0.30723,edge_1,access_0-edge_1,1,0,6,6,latency,21.87773,66.83868,35.5,2,edge_2,cloud_0,0
62,link_congestion,10,0.37062,edge_1,edge_1-edge_2,2,1,7,7,reliability,24.23576,86.9193,57.0,3,edge_1,cloud_0,0
63,node_overload,5,0.3818,edge_0,edge_0-edge_1,3,2,0,0,latency,7.49905,87.67496,34.0,1,edge_4,cloud_0,0
63,normal,-1,0.0,,,-1,-1,1,1,reliability,7.77089,78.61723,55.5,2,edge_3,cloud_0,0
63,normal,-1,0.0,,,-1,-1,2,2,cost,9.37197,117.17244,73.0,3,edge_4,cloud_0,0
63,burst,0,0.30723,edge_1,access_0-edge_1,1,0,3,3,latency,14.29398,71.4538,38.5,4,edge_1,cloud_0,0
63,node_overload,5,0.3818,edge_0,edge_0-edge_1,3,2,4,4,reliability,14.58771,115.46103,60.0,5,edge_4,cloud_0,0
63,normal,-1,0.0,,,-1,-1,5,5,cost,14.75439,97.15598,70.0,1,edge_3,cloud_0,0
63,burst,0,0.30723,edge_1,access_0-edge_1,1,0,6,6,latency,22.45698,65.93552,35.5,2,edge_2,cloud_0,0
63,normal,-1,0.0,,,-1,-1,7,7,reliability,17.11025,89.83631,57.0,3,edge_1,cloud_0,0
64,node_overload,5,0.3818,edge_0,edge_0-edge_1,3,2,0,0,latency,7.52252,81.16923,34.0,1,edge_4,cloud_0,0
64,normal,-1,0.0,,,-1,-1,1,1,reliability,8.20854,81.9945,55.5,2,edge_3,cloud_0,0
64,normal,-1,0.0,,,-1,-1,2,2,cost,9.11961,114.19901,73.0,3,edge_4,cloud_0,0
64,normal,-1,0.0,,,-1,-1,3,3,latency,10.49951,63.57438,38.5,4,edge_1,cloud_0,0
64,node_overload,5,0.3818,edge_0,edge_0-edge_1,3,2,4,4,reliability,15.14846,111.87787,60.0,5,edge_4,cloud_0,0
64,normal,-1,0.0,,,-1,-1,5,5,cost,14.16086,97.09475,70.0,1,edge_3,cloud_0,0
64,normal,-1,0.0,,,-1,-1,6,6,latency,15.28911,60.60894,35.5,2,edge_2,cloud_0,0
64,normal,-1,0.0,,,-1,-1,7,7,reliability,17.40828,87.89139,57.0,3,edge_1,cloud_0,0
65,node_overload,5,0.3818,edge_0,edge_0-edge_1,3,2,0,0,latency,8.20284,78.17395,34.0,1,edge_4,cloud_0,0
65,normal,-1,0.0,,,-1,-1,1,1,reliability,7.90112,78.39648,55.5,2,edge_3,cloud_0,0
65,normal,-1,0.0,,,-1,-1,2,2,cost,8.87762,111.79478,73.0,3,edge_4,cloud_0,0
65,mixed,24,0.35006,edge_1,edge_1-edge_2,2,1,3,3,latency,19.10466,79.10875,38.5,4,edge_1,cloud_0,0
65,node_overload,5,0.3818,edge_0,edge_0-edge_1,3,2,4,4,reliability,16.56314,109.12196,60.0,5,edge_4,cloud_0,0
65,normal,-1,0.0,,,-1,-1,5,5,cost,13.63264,97.55602,70.0,1,edge_3,cloud_0,0
65,normal,-1,0.0,,,-1,-1,6,6,latency,15.89917,60.88824,35.5,2,edge_2,cloud_0,0
65,normal,-1,0.0,,,-1,-1,7,7,reliability,17.81289,94.28564,57.0,3,edge_1,cloud_0,0
66,mixed,21,0.28507,edge_0,edge_0-edge_1,3,2,0,0,latency,14.93307,87.5265,34.0,1,edge_4,cloud_0,0
66,normal,-1,0.0,,,-1,-1,1,1,reliability,7.63668,78.02328,55.5,2,edge_3,cloud_0,0
66,normal,-1,0.0,,,-1,-1,2,2,cost,9.13926,106.83983,73.0,3,edge_4,cloud_0,0
66,mixed,24,0.35006,edge_1,edge_1-edge_2,2,1,3,3,latency,23.3581,85.46479,38.5,4,edge_1,cloud_0,0
66,mixed,21,0.28507,edge_0,edge_0-edge_1,3,2,4,4,reliability,31.66002,112.66035,60.0,5,edge_4,cloud_0,0
66,normal,-1,0.0,,,-1,-1,5,5,cost,14.39531,97.37811,70.0,1,edge_3,cloud_0,0
66,normal,-1,0.0,,,-1,-1,6,6,latency,15.5166,58.84851,35.5,2,edge_2,cloud_0,0
66,normal,-1,0.0,,,-1,-1,7,7,reliability,17.41977,96.29961,57.0,3,edge_1,cloud_0,0
67,link_congestion,12,0.24813,edge_4,edge_4-edge_0,4,3,0,0,latency,8.13238,82.04368,34.0,1,edge_4,cloud_0,0
67,normal,-1,0.0,,,-1,-1,1,1,reliability,7.86891,78.10464,55.5,2,edge_3,cloud_0,0
67,normal,-1,0.0,,,-1,-1,2,2,cost,9.46676,107.18242,73.0,3,edge_4,cloud_0,0
67,link_congestion,9,0.24518,edge_1,access_0-edge_1,1,0,3,3,latency,15.12604,79.49758,38.5,4,edge_1,cloud_0,0
67,link_congestion,12,0.24813,edge_4,edge_4-edge_0,4,3,4,4,reliability,17.54058,114.15829,60.0,5,edge_4,cloud_0,1
67,normal,-1,0.0,,,-1,-1,5,5,cost,14.82503,95.78716,70.0,1,edge_3,cloud_0,0
67,normal,-1,0.0,,,-1,-1,6,6,latency,15.60117,57.21036,35.5,2,edge_2,cloud_0,0
67,link_congestion,9,0.24518,edge_1,access_0-edge_1,1,0,7,7,reliability,23.87629,98.76663,57.0,3,edge_1,cloud_0,0
68,link_congestion,12,0.24813,edge_4,edge_4-edge_0,4,3,0,0,latency,8.99424,76.09581,34.0,1,edge_1,cloud_0,0
68,link_congestion,13,0.2917,edge_2,access_1-edge_2,1,0,1,1,reliability,10.85508,107.36111,55.5,2,edge_1,cloud_0,0
68,normal,-1,0.0,,,-1,-1,2,2,cost,9.3069,102.01401,73.0,3,edge_3,cloud_0,0
68,link_congestion,9,0.24518,edge_1,access_0-edge_1,1,0,3,3,latency,15.36933,66.04874,38.5,4,edge_2,cloud_0,0
68,link_congestion,12,0.24813,edge_4,edge_4-edge_0,4,3,4,4,reliability,18.41906,102.86693,60.0,5,edge_1,cloud_0,1
68,normal,-1,0.0,,,-1,-1,5,5,cost,14.46,122.62803,70.0,1,edge_1,cloud_0,0
68,normal,-1,0.0,,,-1,-1,6,6,latency,16.80556,83.13053,35.5,2,edge_1,cloud_0,0
68,link_congestion,9,0.24518,edge_1,access_0-edge_1,1,0,7,7,reliability,25.24836,86.62852,57.0,3,edge_2,cloud_0,0
69,link_congestion,12,0.24813,edge_4,edge_4-edge_0,4,3,0,0,latency,9.88566,75.01125,34.0,1,edge_1,cloud_0,0
69,link_congestion,13,0.2917,edge_2,access_1-edge_2,1,0,1,1,reliability,11.25936,106.85364,55.5,2,edge_1,cloud_0,1
69,normal,-1,0.0,,,-1,-1,2,2,cost,9.64737,99.83461,73.0,3,edge_3,cloud_0,0
69,link_congestion,9,0.24518,edge_1,access_0-edge_1,1,0,3,3,latency,16.86541,67.40084,38.5,4,edge_2,cloud_0,0
69,link_congestion,12,0.24813,edge_4,edge_4-edge_0,4,3,4,4,reliability,18.60893,103.18961,60.0,5,edge_1,cloud_0,1
69,normal,-1,0.0,,,-1,-1,5,5,cost,14.86008,122.32268,70.0,1,edge_1,cloud_0,0
69,mixed,29,0.27612,edge_0,edge_0-edge_1,3,2,6,6,latency,29.08056,93.19552,35.5,2,edge_1,cloud_0,0
69,link_congestion,9,0.24518,edge_1,access_0-edge_1,1,0,7,7,reliability,26.06994,90.67146,57.0,3,edge_2,cloud_0,0
70,link_congestion,12,0.24813,edge_4,edge_4-edge_0,4,3,0,0,latency,9.86314,75.41511,34.0,1,edge_1,cloud_0,0
70,link_congestion,13,0.2917,edge_2,access_1-edge_2,1,0,1,1,reliability,12.14602,108.34486,55.5,2,edge_1,cloud_0,1
70,normal,-1,0.0,,,-1,-1,2,2,cost,10.53829,105.6676,73.0,3,edge_3,cloud_0,0
70,link_congestion,9,0.24518,edge_1,access_0-edge_1,1,0,3,3,latency,16.91685,70.47053,38.5,4,edge_2,cloud_0,0
70,link_congestion,12,0.24813,edge_4,edge_4-edge_0,4,3,4,4,reliability,19.758,105.1043,60.0,5,edge_1,cloud_0,1
70,mixed,23,0.33804,edge_2,access_1-edge_2,1,0,5,5,cost,25.80291,130.505,70.0,1,edge_1,cloud_0,0
70,mixed,29,0.27612,edge_0,edge_0-edge_1,3,2,6,6,latency,33.31837,94.2794,35.5,2,edge_1,cloud_0,0
70,link_congestion,9,0.24518,edge_1,access_0-edge_1,1,0,7,7,reliability,26.93234,93.80725,57.0,3,edge_2,cloud_0,0
71,link_congestion,12,0.24813,edge_4,edge_4-edge_0,4,3,0,0,latency,9.22624,72.41257,34.0,1,edge_1,cloud_0,0
71,link_congestion,13,0.2917,edge_2,access_1-edge_2,1,0,1,1,reliability,11.64731,107.29412,55.5,2,edge_1,cloud_0,1
71,normal,-1,0.0,,,-1,-1,2,2,cost,10.27766,111.37484,73.0,3,edge_3,cloud_0,0
71,link_congestion,9,0.24518,edge_1,access_0-edge_1,1,0,3,3,latency,16.6749,73.63471,38.5,4,edge_2,cloud_0,0
71,link_congestion,12,0.24813,edge_4,edge_4-edge_0,4,3,4,4,reliability,19.17554,107.85212,60.0,5,edge_1,cloud_0,0
71,mixed,23,0.33804,edge_2,access_1-edge_2,1,0,5,5,cost,33.77303,133.55806,70.0,1,edge_1,cloud_0,0
71,mixed,29,0.27612,edge_0,edge_0-edge_1,3,2,6,6,latency,39.76826,99.197,35.5,2,edge_1,cloud_0,0
71,link_congestion,9,0.24518,edge_1,access_0-edge_1,1,0,7,7,reliability,26.98024,96.84816,57.0,3,edge_2,cloud_0,0
72,link_congestion,12,0.24813,edge_4,edge_4-edge_0,4,3,0,0,latency,9.28748,74.89458,34.0,1,edge_1,cloud_0,0
72,link_congestion,13,0.2917,edge_2,access_1-edge_2,1,0,1,1,reliability,11.58266,111.30427,55.5,2,edge_1,cloud_0,1
72,normal,-1,0.0,,,-1,-1,2,2,cost,10.38589,111.41588,73.0,3,edge_3,cloud_0,0
72,link_congestion,9,0.24518,edge_1,access_0-edge_1,1,0,3,3,latency,17.36756,81.2552,38.5,4,edge_2,cloud_0,0
72,link_congestion,12,0.24813,edge_4,edge_4-edge_0,4,3,4,4,reliability,18.15773,108.66437,60.0,5,edge_1,cloud_0,1
72,mixed,23,0.33804,edge_2,access_1-edge_2,1,0,5,5,cost,40.15797,140.83588,70.0,1,edge_1,cloud_0,0
72,mixed,29,0.27612,edge_0,edge_0-edge_1,3,2,6,6,latency,44.30485,98.67265,35.5,2,edge_1,cloud_0,0
72,link_congestion,9,0.24518,edge_1,access_0-edge_1,1,0,7,7,reliability,26.94418,104.8402,57.0,3,edge_2,cloud_0,0
73,normal,-1,0.0,,,-1,-1,0,0,latency,6.96131,74.64434,34.0,1,edge_1,cloud_0,0
73,link_congestion,47,0.30472,edge_4,edge_4-edge_0,4,3,1,1,reliability,10.66889,108.64131,55.5,2,edge_1,cloud_0,1
73,normal,-1,0.0,,,-1,-1,2,2,cost,10.53036,111.86896,73.0,3,edge_3,cloud_0,0
73,normal,-1,0.0,,,-1,-1,3,3,latency,12.81637,75.72472,38.5,4,edge_2,cloud_0,0
73,normal,-1,0.0,,,-1,-1,4,4,reliability,15.10031,103.54394,60.0,5,edge_1,cloud_0,1
73,link_congestion,47,0.30472,edge_4,edge_4-edge_0,4,3,5,5,cost,19.35638,126.39582,70.0,1,edge_1,cloud_0,0
73,mixed,60,0.3428,edge_1,edge_1-edge_2,2,1,6,6,latency,28.17539,96.33005,35.5,2,edge_1,cloud_0,0
73,normal,-1,0.0,,,-1,-1,7,7,reliability,19.62618,97.14575,57.0,3,edge_2,cloud_0,0
74,normal,-1,0.0,,,-1,-1,0,0,latency,7.41194,72.49245,34.0,1,edge_1,cloud_0,0
74,link_congestion,43,0.2563,edge_4,edge_4-edge_0,4,3,1,1,reliability,11.15958,106.91207,55.5,2,edge_1,cloud_0,1
74,normal,-1,0.0,,,-1,-1,2,2,cost,11.12987,110.77054,73.0,3,edge_3,cloud_0,0
74,normal,-1,0.0,,,-1,-1,3,3,latency,12.84659,74.30556,38.5,4,edge_2,cloud_0,0
74,normal,-1,0.0,,,-1,-1,4,4,reliability,14.70844,102.13235,60.0,5,edge_1,cloud_0,1
74,link_congestion,43,0.2563,edge_4,edge_4-edge_0,4,3,5,5,cost,19.93258,122.68635,70.0,1,edge_1,cloud_0,0
74,link_congestion,46,0.37155,edge_0,edge_0-edge_1,3,2,6,6,latency,21.28175,89.56205,35.5,2,edge_1,cloud_0,0
74,normal,-1,0.0,,,-1,-1,7,7,reliability,19.97312,97.54388,57.0,3,edge_2,cloud_0,0
75,normal,-1,0.0,,,-1,-1,0,0,latency,7.06768,79.13235,34.0,1,edge_1,cloud_0,0
75,burst,31,0.32336,edge_4,edge_4-edge_0,4,3,1,1,reliability,10.72548,112.44869,55.5,2,edge_1,cloud_0,1
75,node_overload,40,0.3255,edge_2,edge_1-edge_2,2,1,2,2,cost,13.15625,118.28299,73.0,3,edge_3,cloud_0,0
75,normal,-1,0.0,,,-1,-1,3,3,latency,13.51446,79.81162,38.5,4,edge_2,cloud_0,0
75,node_overload,40,0.3255,edge_2,edge_1-edge_2,2,1,4,4,reliability,17.91273,113.02827,60.0,5,edge_1,cloud_0,1
75,burst,31,0.32336,edge_4,edge_4-edge_0,4,3,5,5,cost,19.90335,133.93927,70.0,1,edge_1,cloud_0,0
75,node_overload,37,0.35838,edge_0,edge_0-edge_1,3,2,6,6,latency,22.11959,90.83509,35.5,2,edge_1,cloud_0,0
75,normal,-1,0.0,,,-1,-1,7,7,reliability,20.18347,102.27093,57.0,3,edge_2,cloud_0,0
76,normal,-1,0.0,,,-1,-1,0,0,latency,7.75905,77.40187,34.0,1,edge_1,cloud_0,0
76,burst,31,0.32336,edge_4,edge_4-edge_0,4,3,1,1,reliability,19.12124,120.29654,55.5,2,edge_1,cloud_0,1
76,node_overload,40,0.3255,edge_2,edge_1-edge_2,2,1,2,2,cost,13.47722,112.17121,73.0,3,edge_3,cloud_0,0
76,normal,-1,0.0,,,-1,-1,3,3,latency,13.61487,79.29836,38.5,4,edge_2,cloud_0,0
76,node_overload,40,0.3255,edge_2,edge_1-edge_2,2,1,4,4,reliability,17.50638,106.62292,60.0,5,edge_1,cloud_0,1
76,burst,31,0.32336,edge_4,edge_4-edge_0,4,3,5,5,cost,35.27989,137.88661,70.0,1,edge_1,cloud_0,0
76,node_overload,37,0.35838,edge_0,edge_0-edge_1,3,2,6,6,latency,23.31528,92.79572,35.5,2,edge_1,cloud_0,0
76,normal,-1,0.0,,,-1,-1,7,7,reliability,20.36054,101.4635,57.0,3,edge_2,cloud_0,0
77,normal,-1,0.0,,,-1,-1,0,0,latency,8.01036,77.41567,34.0,1,edge_1,cloud_0,0
77,burst,31,0.32336,edge_4,edge_4-edge_0,4,3,1,1,reliability,18.42539,117.51926,55.5,2,edge_1,cloud_0,1
77,node_overload,40,0.3255,edge_2,edge_1-edge_2,2,1,2,2,cost,13.23461,117.47014,73.0,3,edge_3,cloud_0,0
77,normal,-1,0.0,,,-1,-1,3,3,latency,13.71538,81.22858,38.5,4,edge_2,cloud_0,0
77,node_overload,40,0.3255,edge_2,edge_1-edge_2,2,1,4,4,reliability,16.70653,107.2016,60.0,5,edge_1,cloud_0,1
77,burst,31,0.32336,edge_4,edge_4-edge_0,4,3,5,5,cost,32.337,135.82117,70.0,1,edge_1,cloud_0,0
77,node_overload,37,0.35838,edge_0,edge_0-edge_1,3,2,6,6,latency,21.47024,89.69822,35.5,2,edge_1,cloud_0,0
77,normal,-1,0.0,,,-1,-1,7,7,reliability,20.78571,101.51491,57.0,3,edge_2,cloud_0,0
78,normal,-1,0.0,,,-1,-1,0,0,latency,7.66863,75.06028,34.0,1,edge_1,cloud_0,0
78,burst,31,0.32336,edge_4,edge_4-edge_0,4,3,1,1,reliability,10.10744,108.47569,55.5,2,edge_1,cloud_0,1
78,normal,-1,0.0,,,-1,-1,2,2,cost,11.4668,111.15511,73.0,3,edge_3,cloud_0,0
78,normal,-1,0.0,,,-1,-1,3,3,latency,13.36677,76.62465,38.5,4,edge_2,cloud_0,0
78,mixed,52,0.3467,edge_1,edge_1-edge_2,2,1,4,4,reliability,34.71391,115.62829,60.0,5,edge_1,cloud_0,0
78,burst,31,0.32336,edge_4,edge_4-edge_0,4,3,5,5,cost,20.01508,125.26089,70.0,1,edge_1,cloud_0,0
78,node_overload,37,0.35838,edge_0,edge_0-edge_1,3,2,6,6,latency,18.94277,86.03044,35.5,2,edge_1,cloud_0,0
78,normal,-1,0.0,,,-1,-1,7,7,reliability,19.99644,99.42496,57.0,3,edge_2,cloud_0,0
79,normal,-1,0.0,,,-1,-1,0,0,latency,7.56995,75.44259,34.0,1,edge_1,cloud_0,0
79,burst,34,0.35559,edge_0,edge_0-edge_1,3,2,1,1,reliability,10.90444,109.55348,55.5,2,edge_1,cloud_0,1
79,mixed,59,0.26078,edge_3,access_1-edge_3,1,0,2,2,cost,16.83401,109.48937,73.0,3,edge_3,cloud_0,0
79,normal,-1,0.0,,,-1,-1,3,3,latency,12.98676,62.09363,38.5,4,edge_2,cloud_0,0
79,mixed,52,0.3467,edge_1,edge_1-edge_2,2,1,4,4,reliability,33.29626,111.07828,60.0,5,edge_1,cloud_0,1
79,burst,34,0.35559,edge_0,edge_0-edge_1,3,2,5,5,cost,19.05883,128.75531,70.0,1,edge_1,cloud_0,0
79,node_overload,37,0.35838,edge_0,edge_0-edge_1,3,2,6,6,latency,19.8014,87.64162,35.5,2,edge_1,cloud_0,0
79,normal,-1,0.0,,,-1,-1,7,7,reliability,20.02405,82.92605,57.0,3,edge_2,cloud_0,0
80,node_overload,39,0.27203,edge_1,access_0-edge_1,1,0,0,0,latency,7.83739,75.4857,34.0,1,edge_1,cloud_0,0
80,link_congestion,42,0.33998,edge_0,edge_0-edge_1,3,2,1,1,reliability,10.60553,102.20513,55.5,2,edge_1,cloud_0,0
80,mixed,59,0.26078,edge_3,access_1-edge_3,1,0,2,2,cost,24.03468,116.58083,73.0,3,edge_3,cloud_0,0
80,normal,-1,0.0,,,-1,-1,3,3,latency,12.60341,64.56312,38.5,4,edge_2,cloud_0,0
80,node_overload,39,0.27203,edge_1,access_0-edge_1,1,0,4,4,reliability,16.35772,105.38998,60.0,5,edge_1,cloud_0,1
80,burst,36,0.27819,edge_2,access_1-edge_2,1,0,5,5,cost,19.04487,122.8168,70.0,1,edge_1,cloud_0,0
80,link_congestion,50,0.28801,edge_0,edge_0-edge_1,3,2,6,6,latency,23.06925,89.36565,35.5,2,edge_1,cloud_0,0
80,burst,36,0.27819,edge_2,access_1-edge_2,1,0,7,7,reliability,23.30461,93.62354,57.0,3,edge_2,cloud_0,0
81,node_overload,39,0.27203,edge_1,access_0-edge_1,1,0,0,0,latency,8.73468,67.9953,34.0,1,edge_1,cloud_0,0
81,link_congestion,42,0.33998,edge_0,edge_0-edge_1,3,2,1,1,reliability,11.40282,99.98249,55.5,2,edge_1,cloud_0,1
81,burst,32,0.25463,edge_3,access_1-edge_3,1,0,2,2,cost,13.13722,113.69481,73.0,3,edge_3,cloud_0,0
81,normal,-1,0.0,,,-1,-1,3,3,latency,12.55671,67.20732,38.5,4,edge_2,cloud_0,0
81,node_overload,39,0.27203,edge_1,access_0-edge_1,1,0,4,4,reliability,16.21885,99.22745,60.0,5,edge_1,cloud_0,0
81,burst,36,0.27819,edge_2,access_1-edge_2,1,0,5,5,cost,27.36141,125.42878,70.0,1,edge_1,cloud_0,0
81,link_congestion,50,0.28801,edge_0,edge_0-edge_1,3,2,6,6,latency,20.44891,80.79662,35.5,2,edge_1,cloud_0,0
81,burst,36,0.27819,edge_2,access_1-edge_2,1,0,7,7,reliability,33.58638,95.76294,57.0,3,edge_2,cloud_0,0
82,node_overload,39,0.27203,edge_1,access_0-edge_1,1,0,0,0,latency,8.7544,80.23984,34.0,1,edge_1,cloud_0,0
82,link_congestion,42,0.33998,edge_0,edge_0-edge_1,3,2,1,1,reliability,9.51297,109.66963,55.5,2,edge_1,cloud_0,1
82,burst,32,0.25463,edge_3,access_1-edge_3,1,0,2,2,cost,26.62919,113.78071,73.0,3,edge_3,cloud_0,0
82,normal,-1,0.0,,,-1,-1,3,3,latency,12.01227,67.13674,38.5,4,edge_2,cloud_0,0
82,node_overload,39,0.27203,edge_1,access_0-edge_1,1,0,4,4,reliability,15.99924,106.55381,60.0,5,edge_1,cloud_0,0
82,burst,36,0.27819,edge_2,access_1-edge_2,1,0,5,5,cost,38.51324,139.1709,70.0,1,edge_1,cloud_0,0
82,link_congestion,50,0.28801,edge_0,edge_0-edge_1,3,2,6,6,latency,18.21991,87.75063,35.5,2,edge_1,cloud_0,0
82,burst,36,0.27819,edge_2,access_1-edge_2,1,0,7,7,reliability,46.01679,106.32113,57.0,3,edge_2,cloud_0,0
83,mixed,55,0.4343,edge_1,access_0-edge_1,1,0,0,0,latency,14.07763,75.50326,34.0,1,edge_1,cloud_0,0
83,link_congestion,42,0.33998,edge_0,edge_0-edge_1,3,2,1,1,reliability,11.07799,106.26389,55.5,2,edge_1,cloud_0,1
83,burst,32,0.25463,edge_3,access_1-edge_3,1,0,2,2,cost,12.81085,106.02521,73.0,3,edge_3,cloud_0,0
83,normal,-1,0.0,,,-1,-1,3,3,latency,11.85833,65.08774,38.5,4,edge_2,cloud_0,0
83,mixed,55,0.4343,edge_1,access_0-edge_1,1,0,4,4,reliability,26.08906,112.73479,60.0,5,edge_1,cloud_0,1
83,burst,36,0.27819,edge_2,access_1-edge_2,1,0,5,5,cost,24.55459,131.79315,70.0,1,edge_1,cloud_0,0
83,link_congestion,50,0.28801,edge_0,edge_0-edge_1,3,2,6,6,latency,20.45458,84.92025,35.5,2,edge_1,cloud_0,0
83,burst,36,0.27819,edge_2,access_1-edge_2,1,0,7,7,reliability,28.83425,93.74663,57.0,3,edge_2,cloud_0,0
84,normal,-1,0.0,,,-1,-1,0,0,latency,6.40379,56.97547,34.0,1,edge_1,cloud_0,0
84,mixed,58,0.339,edge_4,edge_4-edge_0,4,3,1,1,reliability,18.82749,114.80386,55.5,2,edge_1,cloud_0,1
84,normal,-1,0.0,,,-1,-1,2,2,cost,10.04388,98.18185,73.0,3,edge_3,cloud_0,0
84,normal,-1,0.0,,,-1,-1,3,3,latency,11.47665,61.2189,38.5,4,edge_2,cloud_0,0
84,normal,-1,0.0,,,-1,-1,4,4,reliability,12.77843,89.70356,60.0,5,edge_1,cloud_0,0
84,burst,36,0.27819,edge_2,access_1-edge_2,1,0,5,5,cost,18.09438,125.63365,70.0,1,edge_1,cloud_0,0
84,mixed,53,0.42058,edge_0,edge_0-edge_1,3,2,6,6,latency,31.99769,90.17834,35.5,2,edge_1,cloud_0,0
84,burst,36,0.27819,edge_2,access_1-edge_2,1,0,7,7,reliability,21.21797,87.69156,57.0,3,edge_2,cloud_0,0
85,normal,-1,0.0,,,-1,-1,0,0,latency,6.19516,55.41786,34.0,1,edge_2,cloud_0,0
85,link_congestion,45,0.32345,edge_2,edge_1-edge_2,2,1,1,1,reliability,10.99393,85.13254,55.5,2,edge_1,cloud_0,1
85,mixed,54,0.29519,edge_4,edge_4-edge_0,4,3,2,2,cost,16.03911,133.88985,73.0,3,edge_4,cloud_0,0
85,normal,-1,0.0,,,-1,-1,3,3,latency,10.56281,84.90243,38.5,4,edge_0,cloud_0,0
85,normal,-1,0.0,,,-1,-1,4,4,reliability,12.39582,85.11112,60.0,5,edge_2,cloud_0,0
85,mixed,56,0.2769,edge_2,edge_1-edge_2,2,1,5,5,cost,23.80953,109.30439,70.0,1,edge_1,cloud_0,0
85,mixed,57,0.38824,edge_0,edge_0-edge_1,3,2,6,6,latency,40.69025,92.67158,35.5,2,edge_0,cloud_0,0
85,link_congestion,45,0.32345,edge_2,edge_1-edge_2,2,1,7,7,reliability,21.26869,109.00502,57.0,3,edge_2,cloud_0,0
86,normal,-1,0.0,,,-1,-1,0,0,latency,6.69054,57.93961,34.0,1,edge_2,cloud_0,0
86,link_congestion,45,0.32345,edge_2,edge_1-edge_2,2,1,1,1,reliability,9.74945,88.39087,55.5,2,edge_1,cloud_0,0
86,node_overload,38,0.30215,edge_4,edge_4-edge_0,4,3,2,2,cost,12.78578,120.81762,73.0,3,edge_4,cloud_0,0
86,normal,-1,0.0,,,-1,-1,3,3,latency,10.16932,86.14636,38.5,4,edge_0,cloud_0,0
86,normal,-1,0.0,,,-1,-1,4,4,reliability,12.05869,87.1261,60.0,5,edge_2,cloud_0,0
86,mixed,56,0.2769,edge_2,edge_1-edge_2,2,1,5,5,cost,37.42038,115.41923,70.0,1,edge_1,cloud_0,0
86,mixed,57,0.38824,edge_0,edge_0-edge_1,3,2,6,6,latency,34.9769,90.88917,35.5,2,edge_0,cloud_0,0
86,link_congestion,45,0.32345,edge_2,edge_1-edge_2,2,1,7,7,reliability,20.78258,104.10614,57.0,3,edge_2,cloud_0,1
87,normal,-1,0.0,,,-1,-1,0,0,latency,5.60844,58.10311,34.0,1,edge_2,cloud_0,0
87,link_congestion,45,0.32345,edge_2,edge_1-edge_2,2,1,1,1,reliability,10.29143,88.73453,55.5,2,edge_1,cloud_0,0
87,node_overload,38,0.30215,edge_4,edge_4-edge_0,4,3,2,2,cost,12.7403,124.43804,73.0,3,edge_4,cloud_0,0
87,node_overload,41,0.28607,edge_0,edge_0-edge_1,3,2,3,3,latency,13.64434,82.80153,38.5,4,edge_0,cloud_0,0
87,normal,-1,0.0,,,-1,-1,4,4,reliability,11.58567,86.82685,60.0,5,edge_2,cloud_0,0
87,mixed,51,0.29608,edge_1,access_0-edge_1,1,0,5,5,cost,20.82168,109.77716,70.0,1,edge_1,cloud_0,0
87,mixed,57,0.38824,edge_0,edge_0-edge_1,3,2,6,6,latency,30.49067,88.14305,35.5,2,edge_0,cloud_0,0
87,node_overload,41,0.28607,edge_0,edge_0-edge_1,3,2,7,7,reliability,20.82706,105.04926,57.0,3,edge_2,cloud_0,1
88,normal,-1,0.0,,,-1,-1,0,0,latency,5.87935,62.52186,34.0,1,edge_2,cloud_0,0
88,mixed,51,0.29608,edge_1,access_0-edge_1,1,0,1,1,reliability,20.681,100.54586,55.5,2,edge_1,cloud_0,0
88,node_overload,38,0.30215,edge_4,edge_4-edge_0,4,3,2,2,cost,10.99473,123.93682,73.0,3,edge_4,cloud_0,0
88,node_overload,41,0.28607,edge_0,edge_0-edge_1,3,2,3,3,latency,15.37248,80.44236,38.5,4,edge_0,cloud_0,0
88,normal,-1,0.0,,,-1,-1,4,4,reliability,11.01485,91.39844,60.0,5,edge_2,cloud_0,0
88,mixed,51,0.29608,edge_1,access_0-edge_1,1,0,5,5,cost,35.16017,119.34418,70.0,1,edge_1,cloud_0,0
88,normal,-1,0.0,,,-1,-1,6,6,latency,13.72825,77.66888,35.5,2,edge_0,cloud_0,0
88,node_overload,41,0.28607,edge_0,edge_0-edge_1,3,2,7,7,reliability,22.30184,104.07299,57.0,3,edge_2,cloud_0,1
89,normal,-1,0.0,,,-1,-1,0,0,latency,5.80748,55.70785,34.0,1,edge_2,cloud_0,0
89,mixed,51,0.29608,edge_1,access_0-edge_1,1,0,1,1,reliability,18.90685,106.40459,55.5,2,edge_1,cloud_0,1
89,node_overload,38,0.30215,edge_4,edge_4-edge_0,4,3,2,2,cost,10.05044,125.63362,73.0,3,edge_4,cloud_0,0
89,node_overload,41,0.28607,edge_0,edge_0-edge_1,3,2,3,3,latency,11.11217,83.69792,38.5,4,edge_0,cloud_0,0
89,normal,-1,0.0,,,-1,-1,4,4,reliability,10.91941,80.56726,60.0,5,edge_2,cloud_0,0
89,mixed,51,0.29608,edge_1,access_0-edge_1,1,0,5,5,cost,32.52197,120.46412,70.0,1,edge_1,cloud_0,0
89,normal,-1,0.0,,,-1,-1,6,6,latency,12.89564,77.93452,35.5,2,edge_0,cloud_0,0
89,node_overload,41,0.28607,edge_0,edge_0-edge_1,3,2,7,7,reliability,16.99593,104.36224,57.0,3,edge_2,cloud_0,1
90,normal,-1,0.0,,,-1,-1,0,0,latency,5.728,56.4154,34.0,1,edge_2,cloud_0,0
90,mixed,51,0.29608,edge_1,access_0-edge_1,1,0,1,1,reliability,17.27941,100.75792,55.5,2,edge_1,cloud_0,0
90,node_overload,38,0.30215,edge_4,edge_4-edge_0,4,3,2,2,cost,10.76083,118.44211,73.0,3,edge_4,cloud_0,0
90,node_overload,41,0.28607,edge_0,edge_0-edge_1,3,2,3,3,latency,13.08343,82.00348,38.5,4,edge_0,cloud_0,0
90,normal,-1,0.0,,,-1,-1,4,4,reliability,10.99359,83.75442,60.0,5,edge_2,cloud_0,0
90,mixed,51,0.29608,edge_1,access_0-edge_1,1,0,5,5,cost,29.17081,115.47209,70.0,1,edge_1,cloud_0,0
90,normal,-1,0.0,,,-1,-1,6,6,latency,13.03387,75.76094,35.5,2,edge_0,cloud_0,0
90,node_overload,41,0.28607,edge_0,edge_0-edge_1,3,2,7,7,reliability,18.85128,102.90482,57.0,3,edge_2,cloud_0,1
91,link_congestion,44,0.33698,edge_2,access_1-edge_2,1,0,0,0,latency,7.66236,56.78167,34.0,1,edge_2,cloud_0,0
91,mixed,51,0.29608,edge_1,access_0-edge_1,1,0,1,1,reliability,14.9646,93.47159,55.5,2,edge_1,cloud_0,0
91,link_congestion,48,0.24878,edge_2,access_1-edge_2,1,0,2,2,cost,11.70866,119.31227,73.0,3,edge_4,cloud_0,0
91,link_congestion,48,0.24878,edge_2,access_1-edge_2,1,0,3,3,latency,13.10649,80.07997,38.5,4,edge_0,cloud_0,0
91,link_congestion,44,0.33698,edge_2,access_1-edge_2,1,0,4,4,reliability,14.74234,90.11668,60.0,5,edge_2,cloud_0,0
91,burst,33,0.27667,edge_1,edge_1-edge_2,2,1,5,5,cost,16.28769,112.80983,70.0,1,edge_1,cloud_0,0
91,normal,-1,0.0,,,-1,-1,6,6,latency,13.51222,74.67246,35.5,2,edge_0,cloud_0,0
91,burst,33,0.27667,edge_1,edge_1-edge_2,2,1,7,7,reliability,20.05666,105.49607,57.0,3,edge_2,cloud_0,1
92,link_congestion,44,0.33698,edge_2,access_1-edge_2,1,0,0,0,latency,8.00723,60.29463,34.0,1,edge_2,cloud_0,0
92,normal,-1,0.0,,,-1,-1,1,1,reliability,6.90724,82.40048,55.5,2,edge_1,cloud_0,0
92,burst,35,0.27119,edge_4,edge_4-edge_0,4,3,2,2,cost,11.42415,121.57219,73.0,3,edge_4,cloud_0,0
92,mixed,61,0.29832,edge_0,edge_0-edge_1,3,2,3,3,latency,21.49848,86.82266,38.5,4,edge_0,cloud_0,0
92,link_congestion,44,0.33698,edge_2,access_1-edge_2,1,0,4,4,reliability,16.55026,89.82805,60.0,5,edge_2,cloud_0,0
92,burst,33,0.27667,edge_1,edge_1-edge_2,2,1,5,5,cost,24.88773,106.24059,70.0,1,edge_1,cloud_0,0
92,normal,-1,0.0,,,-1,-1,6,6,latency,13.22525,69.81721,35.5,2,edge_0,cloud_0,0
92,burst,33,0.27667,edge_1,edge_1-edge_2,2,1,7,7,reliability,29.54599,112.41078,57.0,3,edge_2,cloud_0,0
93,link_congestion,44,0.33698,edge_2,access_1-edge_2,1,0,0,0,latency,6.64734,59.16393,34.0,1,edge_2,cloud_0,0
93,normal,-1,0.0,,,-1,-1,1,1,reliability,7.09381,87.91345,55.5,2,edge_1,cloud_0,0
93,burst,35,0.27119,edge_4,edge_4-edge_0,4,3,2,2,cost,16.20602,119.74466,73.0,3,edge_4,cloud_0,0
93,link_congestion,49,0.27164,edge_0,edge_0-edge_1,2,1,3,3,latency,13.01534,76.43336,38.5,4,edge_0,cloud_0,0
93,link_congestion,44,0.33698,edge_2,access_1-edge_2,1,0,4,4,reliability,12.72848,91.44669,60.0,5,edge_2,cloud_0,0
93,burst,33,0.27667,edge_1,edge_1-edge_2,2,1,5,5,cost,34.02497,116.94672,70.0,1,edge_1,cloud_0,0
93,link_congestion,49,0.27164,edge_0,edge_0-edge_1,2,1,6,6,latency,17.78826,71.59836,35.5,2,edge_0,cloud_0,0
93,burst,33,0.27667,edge_1,edge_1-edge_2,2,1,7,7,reliability,41.44511,112.41818,57.0,3,edge_2,cloud_0,1
94,normal,-1,0.0,,,-1,-1,0,0,latency,5.69119,58.55014,34.0,1,edge_2,cloud_0,0
94,normal,-1,0.0,,,-1,-1,1,1,reliability,7.18982,80.80933,55.5,2,edge_1,cloud_0,0
94,burst,63,0.25497,edge_0,edge_0-edge_1,3,2,2,2,cost,11.03618,120.56509,73.0,3,edge_4,cloud_0,0
94,node_overload,70,0.23457,edge_0,edge_0-edge_1,3,2,3,3,latency,12.00748,75.36881,38.5,4,edge_0,cloud_0,0
94,normal,-1,0.0,,,-1,-1,4,4,reliability,11.26697,85.47382,60.0,5,edge_2,cloud_0,0
94,normal,-1,0.0,,,-1,-1,5,5,cost,12.72134,99.27555,70.0,1,edge_1,cloud_0,0
94,normal,-1,0.0,,,-1,-1,6,6,latency,13.88985,63.79661,35.5,2,edge_0,cloud_0,0
94,burst,63,0.25497,edge_0,edge_0-edge_1,3,2,7,7,reliability,19.6406,99.54703,57.0,3,edge_2,cloud_0,1
95,normal,-1,0.0,,,-1,-1,0,0,latency,6.13394,51.88881,34.0,1,edge_2,cloud_0,0
95,normal,-1,0.0,,,-1,-1,1,1,reliability,7.6198,79.58071,55.5,2,edge_1,cloud_0,0
95,burst,63,0.25497,edge_0,edge_0-edge_1,3,2,2,2,cost,19.73868,117.40651,73.0,3,edge_4,cloud_0,0
95,node_overload,70,0.23457,edge_0,edge_0-edge_1,3,2,3,3,latency,13.93166,69.0545,38.5,4,edge_0,cloud_0,0
95,normal,-1,0.0,,,-1,-1,4,4,reliability,11.79357,82.08142,60.0,5,edge_2,cloud_0,0
95,normal,-1,0.0,,,-1,-1,5,5,cost,12.46706,94.12458,70.0,1,edge_1,cloud_0,0
95,normal,-1,0.0,,,-1,-1,6,6,latency,13.97844,64.14068,35.5,2,edge_0,cloud_0,0
95,burst,63,0.25497,edge_0,edge_0-edge_1,3,2,7,7,reliability,33.66538,98.32406,57.0,3,edge_2,cloud_0,1
96,normal,-1,0.0,,,-1,-1,0,0,latency,5.47102,54.76724,34.0,1,edge_2,cloud_0,0
96,normal,-1,0.0,,,-1,-1,1,1,reliability,7.082,81.30758,55.5,2,edge_1,cloud_0,0
96,burst,63,0.25497,edge_0,edge_0-edge_1,3,2,2,2,cost,17.64424,114.40064,73.0,3,edge_4,cloud_0,0
96,node_overload,70,0.23457,edge_0,edge_0-edge_1,3,2,3,3,latency,12.6813,69.26429,38.5,4,edge_0,cloud_0,0
96,normal,-1,0.0,,,-1,-1,4,4,reliability,11.6363,83.51998,60.0,5,edge_2,cloud_0,0
96,normal,-1,0.0,,,-1,-1,5,5,cost,12.08711,97.02296,70.0,1,edge_1,cloud_0,0
96,normal,-1,0.0,,,-1,-1,6,6,latency,13.80051,65.20447,35.5,2,edge_0,cloud_0,0
96,burst,63,0.25497,edge_0,edge_0-edge_1,3,2,7,7,reliability,31.88681,98.25513,57.0,3,edge_2,cloud_0,0
97,normal,-1,0.0,,,-1,-1,0,0,latency,5.99378,53.08547,34.0,1,edge_2,cloud_0,0
97,mixed,81,0.38378,edge_1,access_0-edge_1,1,0,1,1,reliability,11.82062,92.14848,55.5,2,edge_1,cloud_0,0
97,burst,63,0.25497,edge_0,edge_0-edge_1,3,2,2,2,cost,10.64818,113.90307,73.0,3,edge_4,cloud_0,0
97,node_overload,70,0.23457,edge_0,edge_0-edge_1,3,2,3,3,latency,10.33095,74.8084,38.5,4,edge_0,cloud_0,0
97,normal,-1,0.0,,,-1,-1,4,4,reliability,11.45448,81.73644,60.0,5,edge_2,cloud_0,0
97,normal,-1,0.0,,,-1,-1,5,5,cost,13.20347,104.76393,70.0,1,edge_1,cloud_0,0
97,mixed,81,0.38378,edge_1,access_0-edge_1,1,0,6,6,latency,22.26636,78.23251,35.5,2,edge_0,cloud_0,0
97,burst,63,0.25497,edge_0,edge_0-edge_1,3,2,7,7,reliability,20.15721,102.06773,57.0,3,edge_2,cloud_0,0
98,normal,-1,0.0,,,-1,-1,0,0,latency,6.12857,57.64994,34.0,1,edge_2,cloud_0,0
98,mixed,81,0.38378,edge_1,access_0-edge_1,1,0,1,1,reliability,16.80682,106.5576,55.5,2,edge_1,cloud_0,0
98,node_overload,70,0.23457,edge_0,edge_0-edge_1,3,2,2,2,cost,11.11653,124.64017,73.0,3,edge_4,cloud_0,0
98,node_overload,70,0.23457,edge_0,edge_0-edge_1,3,2,3,3,latency,12.39887,85.66796,38.5,4,edge_0,cloud_0,0
98,normal,-1,0.0,,,-1,-1,4,4,reliability,12.11363,88.30953,60.0,5,edge_2,cloud_0,0
98,normal,-1,0.0,,,-1,-1,5,5,cost,13.70301,115.55999,70.0,1,edge_1,cloud_0,0
98,mixed,81,0.38378,edge_1,access_0-edge_1,1,0,6,6,latency,35.18308,97.43872,35.5,2,edge_0,cloud_0,0
98,link_congestion,78,0.39612,edge_2,access_1-edge_2,1,0,7,7,reliability,18.74076,109.14477,57.0,3,edge_2,cloud_0,0
99,normal,-1,0.0,,,-1,-1,0,0,latency,5.95695,60.69327,34.0,1,edge_2,cloud_0,0
99,mixed,81,0.38378,edge_1,access_0-edge_1,1,0,1,1,reliability,17.74065,102.65491,55.5,2,edge_1,cloud_0,0
99,node_overload,71,0.25556,edge_4,edge_4-edge_0,4,3,2,2,cost,9.89194,119.05624,73.0,3,edge_4,cloud_0,0
99,link_congestion,76,0.29824,edge_0,edge_0-edge_1,3,2,3,3,latency,12.76294,84.88255,38.5,4,edge_0,cloud_0,0
99,normal,-1,0.0,,,-1,-1,4,4,reliability,11.2529,89.11544,60.0,5,edge_2,cloud_0,0
99,normal,-1,0.0,,,-1,-1,5,5,cost,13.54844,110.319,70.0,1,edge_1,cloud_0,0
99,mixed,81,0.38378,edge_1,access_0-edge_1,1,0,6,6,latency,33.12656,89.90351,35.5,2,edge_0,cloud_0,0
99,link_congestion,76,0.29824,edge_0,edge_0-edge_1,3,2,7,7,reliability,19.21967,109.15174,57.0,3,edge_2,cloud_0,0
100,normal,-1,0.0,,,-1,-1,0,0,latency,6.13743,55.97935,34.0,1,edge_2,cloud_0,0
100,mixed,81,0.38378,edge_1,access_0-edge_1,1,0,1,1,reliability,14.53845,98.04572,55.5,2,edge_1,cloud_0,0
100,node_overload,71,0.25556,edge_4,edge_4-edge_0,4,3,2,2,cost,8.66733,121.44524,73.0,3,edge_4,cloud_0,0
100,link_congestion,74,0.23104,edge_2,access_1-edge_2,1,0,3,3,latency,12.59208,82.6569,38.5,4,edge_0,cloud_0,0
100,normal,-1,0.0,,,-1,-1,4,4,reliability,11.51852,85.82421,60.0,5,edge_2,cloud_0,0
100,normal,-1,0.0,,,-1,-1,5,5,cost,13.81214,109.90946,70.0,1,edge_1,cloud_0,0
100,mixed,81,0.38378,edge_1,access_0-edge_1,1,0,6,6,latency,31.29855,92.47288,35.5,2,edge_0,cloud_0,0
100,link_congestion,76,0.29824,edge_0,edge_0-edge_1,3,2,7,7,reliability,21.08903,106.77192,57.0,3,edge_2,cloud_0,1
101,normal,-1,0.0,,,-1,-1,0,0,latency,5.45483,56.66143,34.0,1,edge_2,cloud_0,0
101,mixed,81,0.38378,edge_1,access_0-edge_1,1,0,1,1,reliability,14.04848,104.96155,55.5,2,edge_1,cloud_0,0
101,node_overload,67,0.39571,edge_4,edge_4-edge_0,4,3,2,2,cost,10.28557,129.04498,73.0,3,edge_4,cloud_0,0
101,link_congestion,74,0.23104,edge_2,access_1-edge_2,1,0,3,3,latency,12.52899,82.70213,38.5,4,edge_0,cloud_0,0
101,normal,-1,0.0,,,-1,-1,4,4,reliability,12.0488,85.46034,60.0,5,edge_2,cloud_0,0
101,mixed,82,0.30115,edge_1,edge_1-edge_2,2,1,5,5,cost,19.82923,123.91551,70.0,1,edge_1,cloud_0,0
101,mixed,81,0.38378,edge_1,access_0-edge_1,1,0,6,6,latency,28.79611,86.82557,35.5,2,edge_0,cloud_0,0
101,link_congestion,76,0.29824,edge_0,edge_0-edge_1,3,2,7,7,reliability,19.81379,106.03517,57.0,3,edge_2,cloud_0,1
102,mixed,83,0.32476,edge_0,edge_0-edge_1,3,2,0,0,latency,8.50212,79.77449,34.0,1,edge_2,cloud_0,0
102,normal,-1,0.0,,,-1,-1,1,1,reliability,7.62299,75.08882,55.5,2,edge_2,cloud_0,0
102,node_overload,67,0.39571,edge_4,edge_4-edge_0,4,3,2,2,cost,11.00871,108.68458,73.0,3,edge_1,cloud_0,0
102,link_congestion,74,0.23104,edge_2,access_1-edge_2,1,0,3,3,latency,11.91614,73.78948,38.5,4,edge_0,cloud_0,0
102,mixed,83,0.32476,edge_0,edge_0-edge_1,3,2,4,4,reliability,18.28504,105.44691,60.0,5,edge_1,cloud_0,0
102,mixed,82,0.30115,edge_1,edge_1-edge_2,2,1,5,5,cost,29.64187,106.4449,70.0,1,edge_2,cloud_0,0
102,mixed,80,0.37797,edge_4,edge_3-edge_4,4,3,6,6,latency,22.05532,94.77863,35.5,2,edge_1,cloud_0,0
102,link_congestion,76,0.29824,edge_0,edge_0-edge_1,3,2,7,7,reliability,17.36262,96.12307,57.0,3,edge_0,cloud_0,1
103,mixed,83,0.32476,edge_0,edge_0-edge_1,3,2,0,0,latency,14.34286,80.08129,34.0,1,edge_2,cloud_0,0
103,normal,-1,0.0,,,-1,-1,1,1,reliability,8.28863,75.8272,55.5,2,edge_2,cloud_0,0
103,node_overload,67,0.39571,edge_4,edge_4-edge_0,4,3,2,2,cost,9.96662,111.40662,73.0,3,edge_1,cloud_0,0
103,link_congestion,76,0.29824,edge_0,edge_0-edge_1,3,2,3,3,latency,11.93194,74.51071,38.5,4,edge_0,cloud_0,0
103,mixed,83,0.32476,edge_0,edge_0-edge_1,3,2,4,4,reliability,28.63931,117.08199,60.0,5,edge_1,cloud_0,1
103,mixed,82,0.30115,edge_1,edge_1-edge_2,2,1,5,5,cost,24.7506,102.08453,70.0,1,edge_2,cloud_0,0
103,mixed,80,0.37797,edge_4,edge_3-edge_4,4,3,6,6,latency,33.38288,106.61246,35.5,2,edge_1,cloud_0,0
103,link_congestion,76,0.29824,edge_0,edge_0-edge_1,3,2,7,7,reliability,20.26267,101.61412,57.0,3,edge_0,cloud_0,0
104,mixed,83,0.32476,edge_0,edge_0-edge_1,3,2,0,0,latency,12.97153,79.93099,34.0,1,edge_2,cloud_0,0
104,normal,-1,0.0,,,-1,-1,1,1,reliability,7.22292,75.44963,55.5,2,edge_2,cloud_0,0
104,node_overload,67,0.39571,edge_4,edge_4-edge_0,4,3,2,2,cost,7.87311,97.33232,73.0,3,edge_1,cloud_0,0
104,link_congestion,79,0.30487,edge_0,edge_0-edge_1,2,1,3,3,latency,12.93655,75.97695,38.5,4,edge_0,cloud_0,0
104,mixed,83,0.32476,edge_0,edge_0-edge_1,3,2,4,4,reliability,25.05246,114.76434,60.0,5,edge_1,cloud_0,1
104,normal,-1,0.0,,,-1,-1,5,5,cost,13.81086,91.6568,70.0,1,edge_2,cloud_0,0
104,link_congestion,73,0.28384,edge_4,edge_3-edge_4,4,3,6,6,latency,17.14252,98.95331,35.5,2,edge_1,cloud_0,1
104,link_congestion,79,0.30487,edge_0,edge_0-edge_1,2,1,7,7,reliability,19.70268,100.50054,57.0,3,edge_0,cloud_0,0
105,node_overload,68,0.34184,edge_2,access_1-edge_2,1,0,0,0,latency,6.78966,77.88718,34.0,1,edge_2,cloud_0,0
105,normal,-1,0.0,,,-1,-1,1,1,reliability,7.15413,87.94053,55.5,2,edge_2,cloud_0,0
105,node_overload,67,0.39571,edge_4,edge_4-edge_0,4,3,2,2,cost,10.11499,113.32234,73.0,3,edge_1,cloud_0,0
105,link_congestion,79,0.30487,edge_0,edge_0-edge_1,2,1,3,3,latency,13.96465,75.41659,38.5,4,edge_0,cloud_0,0
105,node_overload,68,0.34184,edge_2,access_1-edge_2,1,0,4,4,reliability,13.50279,106.46949,60.0,5,edge_1,cloud_0,0
105,normal,-1,0.0,,,-1,-1,5,5,cost,13.36899,107.17224,70.0,1,edge_2,cloud_0,0
105,link_congestion,73,0.28384,edge_4,edge_3-edge_4,4,3,6,6,latency,18.71768,91.32319,35.5,2,edge_1,cloud_0,0
105,link_congestion,79,0.30487,edge_0,edge_0-edge_1,2,1,7,7,reliability,20.88355,97.89336,57.0,3,edge_0,cloud_0,0
106,node_overload,68,0.34184,edge_2,access_1-edge_2,1,0,0,0,latency,7.42879,84.7316,34.0,1,edge_2,cloud_0,0
106,normal,-1,0.0,,,-1,-1,1,1,reliability,7.24636,96.10332,55.5,2,edge_2,cloud_0,0
106,link_congestion,75,0.25306,edge_2,edge_1-edge_2,2,1,2,2,cost,10.40625,120.35301,73.0,3,edge_1,cloud_0,0
106,link_congestion,79,0.30487,edge_0,edge_0-edge_1,2,1,3,3,latency,10.55062,66.88541,38.5,4,edge_0,cloud_0,0
106,burst,62,0.26497,edge_2,edge_1-edge_2,2,1,4,4,reliability,13.65128,113.75945,60.0,5,edge_1,cloud_0,0
106,normal,-1,0.0,,,-1,-1,5,5,cost,13.04578,110.76106,70.0,1,edge_2,cloud_0,0
106,burst,62,0.26497,edge_2,edge_1-edge_2,2,1,6,6,latency,18.00587,94.97006,35.5,2,edge_1,cloud_0,0
106,link_congestion,79,0.30487,edge_0,edge_0-edge_1,2,1,7,7,reliability,18.29981,87.60818,57.0,3,edge_0,cloud_0,0
107,node_overload,68,0.34184,edge_2,access_1-edge_2,1,0,0,0,latency,5.47639,82.37903,34.0,1,edge_2,cloud_0,0
107,normal,-1,0.0,,,-1,-1,1,1,reliability,6.69509,95.0802,55.5,2,edge_2,cloud_0,0
107,link_congestion,75,0.25306,edge_2,edge_1-edge_2,2,1,2,2,cost,11.31646,119.28849,73.0,3,edge_1,cloud_0,0
107,link_congestion,79,0.30487,edge_0,edge_0-edge_1,2,1,3,3,latency,12.68798,65.78283,38.5,4,edge_0,cloud_0,0
107,burst,62,0.26497,edge_2,edge_1-edge_2,2,1,4,4,reliability,30.46987,123.69486,60.0,5,edge_1,cloud_0,1
107,normal,-1,0.0,,,-1,-1,5,5,cost,13.39419,112.02625,70.0,1,edge_2,cloud_0,0
107,burst,62,0.26497,edge_2,edge_1-edge_2,2,1,6,6,latency,38.72162,103.78739,35.5,2,edge_1,cloud_0,0
107,link_congestion,79,0.30487,edge_0,edge_0-edge_1,2,1,7,7,reliability,19.13888,89.44788,57.0,3,edge_0,cloud_0,0
108,node_overload,68,0.34184,edge_2,access_1-edge_2,1,0,0,0,latency,6.6675,67.54194,34.0,1,edge_2,cloud_0,0
108,normal,-1,0.0,,,-1,-1,1,1,reliability,7.11711,81.68987,55.5,2,edge_2,cloud_0,0
108,link_congestion,75,0.25306,edge_2,edge_1-edge_2,2,1,2,2,cost,10.54145,102.07027,73.0,3,edge_1,cloud_0,0
108,normal,-1,0.0,,,-1,-1,3,3,latency,9.95087,65.36718,38.5,4,edge_0,cloud_0,0
108,burst,62,0.26497,edge_2,edge_1-edge_2,2,1,4,4,reliability,14.37624,98.43549,60.0,5,edge_1,cloud_0,1
108,normal,-1,0.0,,,-1,-1,5,5,cost,13.06748,97.66053,70.0,1,edge_2,cloud_0,0
108,burst,62,0.26497,edge_2,edge_1-edge_2,2,1,6,6,latency,18.48852,82.54035,35.5,2,edge_1,cloud_0,0
108,normal,-1,0.0,,,-1,-1,7,7,reliability,16.88196,82.64018,57.0,3,edge_0,cloud_0,0
109,burst,65,0.31847,edge_2,access_1-edge_2,1,0,0,0,latency,6.69525,79.90528,34.0,1,edge_2,cloud_0,0
109,burst,65,0.31847,edge_2,access_1-edge_2,1,0,1,1,reliability,9.0841,91.00781,55.5,2,edge_2,cloud_0,0
109,link_congestion,75,0.25306,edge_2,edge_1-edge_2,2,1,2,2,cost,10.33008,114.48214,73.0,3,edge_1,cloud_0,0
109,node_overload,72,0.39619,edge_1,access_0-edge_1,1,0,3,3,latency,11.98038,79.4826,38.5,4,edge_0,cloud_0,0
109,burst,66,0.39854,edge_2,edge_1-edge_2,2,1,4,4,reliability,25.69528,112.8571,60.0,5,edge_1,cloud_0,0
109,normal,-1,0.0,,,-1,-1,5,5,cost,12.68641,101.80073,70.0,1,edge_2,cloud_0,0
109,burst,66,0.39854,edge_2,edge_1-edge_2,2,1,6,6,latency,33.7657,99.89366,35.5,2,edge_1,cloud_0,0
109,node_overload,72,0.39619,edge_1,access_0-edge_1,1,0,7,7,reliability,20.89566,101.57999,57.0,3,edge_0,cloud_0,0
110,burst,65,0.31847,edge_2,access_1-edge_2,1,0,0,0,latency,14.91118,90.123,34.0,1,edge_2,cloud_0,0
110,burst,65,0.31847,edge_2,access_1-edge_2,1,0,1,1,reliability,18.65406,90.46103,55.5,2,edge_2,cloud_0,0
110,link_congestion,75,0.25306,edge_2,edge_1-edge_2,2,1,2,2,cost,10.57841,122.43651,73.0,3,edge_1,cloud_0,0
110,node_overload,72,0.39619,edge_1,access_0-edge_1,1,0,3,3,latency,13.90838,86.92348,38.5,4,edge_0,cloud_0,0
110,burst,66,0.39854,edge_2,edge_1-edge_2,2,1,4,4,reliability,23.23791,117.47601,60.0,5,edge_1,cloud_0,0
110,normal,-1,0.0,,,-1,-1,5,5,cost,12.4139,103.36388,70.0,1,edge_2,cloud_0,0
110,burst,66,0.39854,edge_2,edge_1-edge_2,2,1,6,6,latency,31.11502,102.64316,35.5,2,edge_1,cloud_0,0
110,node_overload,72,0.39619,edge_1,access_0-edge_1,1,0,7,7,reliability,23.40268,107.90677,57.0,3,edge_0,cloud_0,0
111,burst,65,0.31847,edge_2,access_1-edge_2,1,0,0,0,latency,7.02633,84.02675,34.0,1,edge_2,cloud_0,0
111,burst,65,0.31847,edge_2,access_1-edge_2,1,0,1,1,reliability,9.69395,87.66336,55.5,2,edge_2,cloud_0,0
111,normal,-1,0.0,,,-1,-1,2,2,cost,7.87977,120.01428,73.0,3,edge_1,cloud_0,0
111,node_overload,72,0.39619,edge_1,access_0-edge_1,1,0,3,3,latency,12.89113,83.81008,38.5,4,edge_0,cloud_0,0
111,burst,66,0.39854,edge_2,edge_1-edge_2,2,1,4,4,reliability,14.85048,114.45638,60.0,5,edge_1,cloud_0,0
111,normal,-1,0.0,,,-1,-1,5,5,cost,12.62596,99.02112,70.0,1,edge_2,cloud_0,0
111,burst,66,0.39854,edge_2,edge_1-edge_2,2,1,6,6,latency,18.99667,92.9004,35.5,2,edge_1,cloud_0,0
111,node_overload,72,0.39619,edge_1,access_0-edge_1,1,0,7,7,reliability,21.86656,104.29065,57.0,3,edge_0,cloud_0,0
112,node_overload,69,0.35578,edge_1,edge_1-edge_2,2,1,0,0,latency,6.90855,78.07862,34.0,1,edge_2,cloud_0,0
112,normal,-1,0.0,,,-1,-1,1,1,reliability,6.61227,76.36818,55.5,2,edge_2,cloud_0,0
112,normal,-1,0.0,,,-1,-1,2,2,cost,7.38765,116.73182,73.0,3,edge_1,cloud_0,0
112,node_overload,72,0.39619,edge_1,access_0-edge_1,1,0,3,3,latency,11.2713,83.90474,38.5,4,edge_0,cloud_0,0
112,node_overload,69,0.35578,edge_1,edge_1-edge_2,2,1,4,4,reliability,15.52811,113.72593,60.0,5,edge_1,cloud_0,0
112,normal,-1,0.0,,,-1,-1,5,5,cost,12.53218,93.28088,70.0,1,edge_2,cloud_0,0
112,link_congestion,77,0.23066,edge_4,edge_3-edge_4,4,3,6,6,latency,19.35664,94.85842,35.5,2,edge_1,cloud_0,0
112,node_overload,72,0.39619,edge_1,access_0-edge_1,1,0,7,7,reliability,18.51564,106.11503,57.0,3,edge_0,cloud_0,0
113,node_overload,69,0.35578,edge_1,edge_1-edge_2,2,1,0,0,latency,7.32761,76.70352,34.0,1,edge_2,cloud_0,0
113,normal,-1,0.0,,,-1,-1,1,1,reliability,6.81368,75.40207,55.5,2,edge_2,cloud_0,0
113,normal,-1,0.0,,,-1,-1,2,2,cost,8.55865,110.47822,73.0,3,edge_1,cloud_0,0
113,node_overload,72,0.39619,edge_1,access_0-edge_1,1,0,3,3,latency,13.41882,80.17992,38.5,4,edge_0,cloud_0,0
113,node_overload,69,0.35578,edge_1,edge_1-edge_2,2,1,4,4,reliability,16.99455,107.20515,60.0,5,edge_1,cloud_0,0
113,normal,-1,0.0,,,-1,-1,5,5,cost,12.28162,90.20346,70.0,1,edge_2,cloud_0,0
113,burst,64,0.33141,edge_4,edge_3-edge_4,4,3,6,6,latency,20.18674,89.677,35.5,2,edge_1,cloud_0,0
113,node_overload,72,0.39619,edge_1,access_0-edge_1,1,0,7,7,reliability,21.59788,102.61353,57.0,3,edge_0,cloud_0,0
114,node_overload,69,0.35578,edge_1,edge_1-edge_2,2,1,0,0,latency,4.68499,78.05171,34.0,1,edge_2,cloud_0,0
114,normal,-1,0.0,,,-1,-1,1,1,reliability,6.53516,74.97869,55.5,2,edge_2,cloud_0,0
114,normal,-1,0.0,,,-1,-1,2,2,cost,8.26243,114.61257,73.0,3,edge_1,cloud_0,0
114,normal,-1,0.0,,,-1,-1,3,3,latency,9.7768,81.9886,38.5,4,edge_0,cloud_0,0
114,node_overload,69,0.35578,edge_1,edge_1-edge_2,2,1,4,4,reliability,13.28526,105.50651,60.0,5,edge_1,cloud_0,0
114,normal,-1,0.0,,,-1,-1,5,5,cost,13.16205,91.63853,70.0,1,edge_2,cloud_0,0
114,burst,64,0.33141,edge_4,edge_3-edge_4,4,3,6,6,latency,42.05939,105.30544,35.5,2,edge_1,cloud_0,0
114,normal,-1,0.0,,,-1,-1,7,7,reliability,15.86827,100.89423,57.0,3,edge_0,cloud_0,0
115,normal,-1,0.0,,,-1,-1,0,0,latency,5.3144,75.44879,34.0,1,edge_2,cloud_0,0
115,normal,-1,0.0,,,-1,-1,1,1,reliability,7.02025,75.99355,55.5,2,edge_2,cloud_0,0
115,normal,-1,0.0,,,-1,-1,2,2,cost,8.24661,108.5931,73.0,3,edge_1,cloud_0,0
115,normal,-1,0.0,,,-1,-1,3,3,latency,9.99208,78.14969,38.5,4,edge_0,cloud_0,0
115,normal,-1,0.0,,,-1,-1,4,4,reliability,11.86305,105.67173,60.0,5,edge_1,cloud_0,0
115,normal,-1,0.0,,,-1,-1,5,5,cost,13.41706,94.71658,70.0,1,edge_2,cloud_0,0
115,normal,-1,0.0,,,-1,-1,6,6,latency,14.47057,84.97753,35.5,2,edge_1,cloud_0,1
115,normal,-1,0.0,,,-1,-1,7,7,reliability,16.35247,95.83977,57.0,3,edge_0,cloud_0,0
116,normal,-1,0.0,,,-1,-1,0,0,latency,5.47507,61.71554,34.0,1,edge_2,cloud_0,0
116,normal,-1,0.0,,,-1,-1,1,1,reliability,7.49634,75.07926,55.5,2,edge_2,cloud_0,0
116,normal,-1,0.0,,,-1,-1,2,2,cost,8.22697,97.52881,73.0,3,edge_1,cloud_0,0
116,normal,-1,0.0,,,-1,-1,3,3,latency,10.24322,61.23163,38.5,4,edge_0,cloud_0,0
116,normal,-1,0.0,,,-1,-1,4,4,reliability,11.749,89.87324,60.0,5,edge_1,cloud_0,0
116,normal,-1,0.0,,,-1,-1,5,5,cost,13.12742,95.0715,70.0,1,edge_2,cloud_0,0
116,normal,-1,0.0,,,-1,-1,6,6,latency,15.55349,70.65241,35.5,2,edge_1,cloud_0,0
116,normal,-1,0.0,,,-1,-1,7,7,reliability,17.44704,85.82192,57.0,3,edge_0,cloud_0,0
117,normal,-1,0.0,,,-1,-1,0,0,latency,5.82732,61.45352,34.0,1,edge_2,cloud_0,0
117,normal,-1,0.0,,,-1,-1,1,1,reliability,7.61571,77.58919,55.5,2,edge_2,cloud_0,0
117,normal,-1,0.0,,,-1,-1,2,2,cost,8.72707,96.69413,73.0,3,edge_1,cloud_0,0
117,normal,-1,0.0,,,-1,-1,3,3,latency,10.99305,62.974,38.5,4,edge_0,cloud_0,0
117,normal,-1,0.0,,,-1,-1,4,4,reliability,12.52269,88.06689,60.0,5,edge_1,cloud_0,0
117,normal,-1,0.0,,,-1,-1,5,5,cost,13.87463,93.68349,70.0,1,edge_2,cloud_0,0
117,normal,-1,0.0,,,-1,-1,6,6,latency,15.45601,68.55161,35.5,2,edge_1,cloud_0,0
117,normal,-1,0.0,,,-1,-1,7,7,reliability,17.86446,83.66159,57.0,3,edge_0,cloud_0,0
118,normal,-1,0.0,,,-1,-1,0,0,latency,6.11467,61.2752,34.0,1,edge_2,cloud_0,0
118,normal,-1,0.0,,,-1,-1,1,1,reliability,6.94455,74.3275,55.5,2,edge_2,cloud_0,0
118,normal,-1,0.0,,,-1,-1,2,2,cost,9.01923,99.60268,73.0,3,edge_1,cloud_0,0
118,normal,-1,0.0,,,-1,-1,3,3,latency,10.98216,64.91359,38.5,4,edge_0,cloud_0,0
118,normal,-1,0.0,,,-1,-1,4,4,reliability,12.93243,90.62339,60.0,5,edge_1,cloud_0,0
118,normal,-1,0.0,,,-1,-1,5,5,cost,14.04916,92.47378,70.0,1,edge_2,cloud_0,0
118,normal,-1,0.0,,,-1,-1,6,6,latency,16.1586,71.58984,35.5,2,edge_1,cloud_0,0
118,normal,-1,0.0,,,-1,-1,7,7,reliability,17.36599,87.07038,57.0,3,edge_0,cloud_0,0
119,normal,-1,0.0,,,-1,-1,0,0,latency,6.23201,58.63814,34.0,1,edge_0,cloud_0,0
119,normal,-1,0.0,,,-1,-1,1,1,reliability,8.03416,86.26533,55.5,2,edge_0,cloud_0,0
119,normal,-1,0.0,,,-1,-1,2,2,cost,9.49495,93.98182,73.0,3,edge_2,cloud_0,0
119,normal,-1,0.0,,,-1,-1,3,3,latency,11.25974,72.9601,38.5,4,edge_3,cloud_0,0
119,normal,-1,0.0,,,-1,-1,4,4,reliability,12.78111,86.23414,60.0,5,edge_0,cloud_0,0
119,normal,-1,0.0,,,-1,-1,5,5,cost,14.74961,101.47733,70.0,1,edge_2,cloud_0,0
119,normal,-1,0.0,,,-1,-1,6,6,latency,17.29933,65.37357,35.5,2,edge_4,cloud_0,0
119,normal,-1,0.0,,,-1,-1,7,7,reliability,18.13586,91.56351,57.0,3,edge_3,cloud_0,0
